Theta,Phi,E_Total_dB
0,0,-16.50463742
0,2,-16.50069059
0,4,-16.50168658
0,6,-16.50473995
0,8,-16.50685346
0,10,-16.50645867
0,12,-16.5024676
0,14,-16.50561822
0,16,-16.50734851
0,18,-16.50624489
0,20,-16.50455706
0,22,-16.50157494
0,24,-16.50666997
0,26,-16.50160837
0,28,-16.50515786
0,30,-16.50796324
0,32,-16.50032686
0,34,-16.50203232
0,36,-16.50317156
0,38,-16.50373769
0,40,-16.5037045
0,42,-16.50318041
0,44,-16.50186561
0,46,-16.49989367
0,48,-16.50641951
0,50,-16.50258017
0,52,-16.50644472
0,54,-16.50005061
0,56,-16.50170189
0,58,-16.50028878
0,60,-16.50711991
0,62,-16.50216048
0,64,-16.50257934
0,66,-16.49897842
0,68,-16.50235184
0,70,-16.50080658
0,72,-16.50148749
0,74,-16.50440634
0,76,-16.50409152
0,78,-16.50744246
0,80,-16.50524643
0,82,-16.50696252
0,84,-16.50239612
0,86,-16.50279418
0,88,-16.50431568
0,90,-16.50463742
0,92,-16.50069059
0,94,-16.50168658
0,96,-16.50473995
0,98,-16.50685346
0,100,-16.50645867
0,102,-16.5024676
0,104,-16.50561822
0,106,-16.50734851
0,108,-16.50624489
0,110,-16.50455706
0,112,-16.50157494
0,114,-16.50666997
0,116,-16.50160837
0,118,-16.50515786
0,120,-16.50796324
0,122,-16.50032686
0,124,-16.50203232
0,126,-16.50317156
0,128,-16.50373769
0,130,-16.5037045
0,132,-16.50318041
0,134,-16.50186561
0,136,-16.49989367
0,138,-16.50641951
0,140,-16.50258017
0,142,-16.50644472
0,144,-16.50005061
0,146,-16.50170189
0,148,-16.50028878
0,150,-16.50711991
0,152,-16.50216048
0,154,-16.50257934
0,156,-16.49897842
0,158,-16.50235184
0,160,-16.50080658
0,162,-16.50148749
0,164,-16.50440634
0,166,-16.50409152
0,168,-16.50744246
0,170,-16.50524643
0,172,-16.50696252
0,174,-16.50239612
0,176,-16.50279418
0,178,-16.50431568
0,180,-16.50463742
0,182,-16.50069059
0,184,-16.50168658
0,186,-16.50473995
0,188,-16.50685346
0,190,-16.50645867
0,192,-16.5024676
0,194,-16.50561822
0,196,-16.50734851
0,198,-16.50624489
0,200,-16.50455706
0,202,-16.50157494
0,204,-16.50666997
0,206,-16.50160837
0,208,-16.50515786
0,210,-16.50796324
0,212,-16.50032686
0,214,-16.50203232
0,216,-16.50317156
0,218,-16.50373769
0,220,-16.5037045
0,222,-16.50318041
0,224,-16.50186561
0,226,-16.49989367
0,228,-16.50641951
0,230,-16.50258017
0,232,-16.50644472
0,234,-16.50005061
0,236,-16.50170189
0,238,-16.50028878
0,240,-16.50711991
0,242,-16.50216048
0,244,-16.50257934
0,246,-16.49897842
0,248,-16.50235184
0,250,-16.50080658
0,252,-16.50148749
0,254,-16.50440634
0,256,-16.50409152
0,258,-16.50744246
0,260,-16.50524643
0,262,-16.50696252
0,264,-16.50239612
0,266,-16.50279418
0,268,-16.50431568
0,270,-16.50463742
0,272,-16.50069059
0,274,-16.50168658
0,276,-16.50473995
0,278,-16.50685346
0,280,-16.50645867
0,282,-16.5024676
0,284,-16.50561822
0,286,-16.50734851
0,288,-16.50624489
0,290,-16.50455706
0,292,-16.50157494
0,294,-16.50666997
0,296,-16.50160837
0,298,-16.50515786
0,300,-16.50796324
0,302,-16.50032686
0,304,-16.50203232
0,306,-16.50317156
0,308,-16.50373769
0,310,-16.5037045
0,312,-16.50318041
0,314,-16.50186561
0,316,-16.49989367
0,318,-16.50641951
0,320,-16.50258017
0,322,-16.50644472
0,324,-16.50005061
0,326,-16.50170189
0,328,-16.50028878
0,330,-16.50711991
0,332,-16.50216048
0,334,-16.50257934
0,336,-16.49897842
0,338,-16.50235184
0,340,-16.50080658
0,342,-16.50148749
0,344,-16.50440634
0,346,-16.50409152
0,348,-16.50744246
0,350,-16.50524643
0,352,-16.50696252
0,354,-16.50239612
0,356,-16.50279418
0,358,-16.50431568
0,360,-16.50463742
2,0,-14.48695004
2,2,-14.48862485
2,4,-14.48982767
2,6,-14.49784669
2,8,-14.49567797
2,10,-14.5043796
2,12,-14.50233952
2,14,-14.50838589
2,16,-14.52168671
2,18,-14.53176115
2,20,-14.54985523
2,22,-14.56785459
2,24,-14.58454459
2,26,-14.60853648
2,28,-14.6327944
2,30,-14.66549425
2,32,-14.6876318
2,34,-14.71876087
2,36,-14.75905699
2,38,-14.7983969
2,40,-14.83688907
2,42,-14.88432966
2,44,-14.93062898
2,46,-14.97568
2,48,-15.02928226
2,50,-15.08154229
2,52,-15.13211048
2,54,-15.19025348
2,56,-15.25534433
2,58,-15.31845189
2,60,-15.3782738
2,62,-15.44560716
2,64,-15.51828961
2,66,-15.58685346
2,68,-15.65993489
2,70,-15.73543314
2,72,-15.81340776
2,74,-15.88765862
2,76,-15.96876379
2,78,-16.0497875
2,80,-16.13103411
2,82,-16.21825215
2,84,-16.3011952
2,86,-16.38429319
2,88,-16.47075119
2,90,-16.54797626
2,92,-16.58114191
2,94,-16.62235184
2,96,-16.66469192
2,98,-16.70026607
2,100,-16.73836507
2,102,-16.78045221
2,104,-16.81739359
2,106,-16.85727566
2,108,-16.89260896
2,110,-16.92324277
2,112,-16.95903227
2,114,-17.00038346
2,116,-17.0283891
2,118,-17.06226772
2,120,-17.09238165
2,122,-17.11912606
2,124,-17.15238165
2,126,-17.17226772
2,128,-17.1983891
2,130,-17.23038346
2,132,-17.24964868
2,134,-17.27479826
2,136,-17.29647219
2,138,-17.31317672
2,140,-17.32730813
2,142,-17.3455525
2,144,-17.3599054
2,146,-17.3718296
2,148,-17.38581668
2,150,-17.39454104
2,152,-17.40598379
2,154,-17.41070205
2,156,-17.41347578
2,158,-17.41810412
2,160,-17.42044635
2,162,-17.42506223
2,164,-17.42286806
2,166,-17.42498346
2,168,-17.42075119
2,170,-17.41593255
2,172,-17.41454425
2,174,-17.41035197
2,176,-17.40965254
2,178,-17.40843844
2,180,-17.35478127
2,182,-17.35184192
2,184,-17.34680971
2,186,-17.35028878
2,188,-17.33694734
2,190,-17.32364864
2,192,-17.31783252
2,194,-17.30300147
2,196,-17.2877563
2,198,-17.27318168
2,200,-17.25925962
2,202,-17.23590482
2,204,-17.22326598
2,206,-17.20214763
2,208,-17.1826049
2,210,-17.16374273
2,212,-17.14641951
2,214,-17.13097385
2,216,-17.10706409
2,218,-17.08442889
2,220,-17.07240107
2,222,-17.04357778
2,224,-17.02402478
2,226,-17.00679428
2,228,-16.9802274
2,230,-16.96365754
2,232,-16.93828961
2,234,-16.91216048
2,236,-16.89482349
2,238,-16.87094978
2,240,-16.84350622
2,242,-16.82164007
2,244,-16.80114191
2,246,-16.77939153
2,248,-16.75895032
2,250,-16.73676139
2,252,-16.71887809
2,254,-16.69503037
2,256,-16.67011691
2,258,-16.64893635
2,260,-16.62673514
2,262,-16.60672579
2,264,-16.58369583
2,266,-16.55722556
2,268,-16.53705571
2,270,-16.5130905
2,272,-16.45539501
2,274,-16.38955626
2,276,-16.31775482
2,278,-16.25278646
2,280,-16.18852908
2,282,-16.11730813
2,284,-16.05650173
2,286,-15.98670071
2,288,-15.9181555
2,290,-15.86020994
2,292,-15.79436898
2,294,-15.73022663
2,296,-15.66795071
2,298,-15.60717016
2,300,-15.54804348
2,302,-15.49056578
2,304,-15.4349357
2,306,-15.37097238
2,308,-15.31858791
2,310,-15.26774434
2,312,-15.21844206
2,314,-15.17058462
2,316,-15.12377159
2,318,-15.07827781
2,320,-15.03383476
2,322,-14.98990781
2,324,-14.94650554
2,326,-14.90379836
2,328,-14.87082348
2,330,-14.82847214
2,332,-14.79498075
2,334,-14.76094517
2,336,-14.72735172
2,338,-14.70086873
2,340,-14.67160847
2,342,-14.64991906
2,344,-14.62638591
2,346,-14.60480376
2,348,-14.58582081
2,350,-14.56918805
2,352,-14.55442563
2,354,-14.5411952
2,356,-14.52908087
2,358,-14.53149327
2,360,-14.48695004
4,0,-13.68616675
4,2,-13.68620386
4,4,-13.68231282
4,6,-13.66996225
4,8,-13.6564579
4,10,-13.64168658
4,12,-13.63320509
4,14,-13.62627459
4,16,-13.62042296
4,18,-13.62178039
4,20,-13.6245652
4,22,-13.61871333
4,24,-13.63182781
4,26,-13.63828117
4,28,-13.65410281
4,30,-13.6724096
4,32,-13.70169414
4,34,-13.72342427
4,36,-13.74716464
4,38,-13.77300922
4,40,-13.81076978
4,42,-13.84066615
4,44,-13.87328305
4,46,-13.90756909
4,48,-13.95326598
4,50,-13.99174654
4,52,-14.041701
4,54,-14.08392539
4,56,-14.13711915
4,58,-14.18249625
4,60,-14.26740269
4,62,-14.38810343
4,64,-14.50714902
4,66,-14.6402399
4,68,-14.76836507
4,70,-14.90936474
4,72,-15.05282256
4,74,-15.19863842
4,76,-15.35057054
4,78,-15.5078908
4,80,-15.66673094
4,82,-15.83370111
4,84,-15.99978017
4,86,-16.17369239
4,88,-16.34996748
4,90,-16.48651566
4,92,-16.58528139
4,94,-16.69057054
4,96,-16.79168183
4,98,-16.89095188
4,100,-16.98985669
4,102,-17.09557897
4,104,-17.19180597
4,106,-17.29685696
4,108,-17.39280402
4,110,-17.48975124
4,112,-17.5777063
4,114,-17.66590482
4,116,-17.75500853
4,118,-17.84456885
4,120,-17.83105756
4,122,-17.72500853
4,124,-17.61563928
4,126,-17.51122163
4,128,-17.40287778
4,130,-17.29924879
4,132,-17.1914791
4,134,-17.08910155
4,136,-16.99067601
4,138,-16.88740269
4,140,-16.78901812
4,142,-16.69527862
4,144,-16.60453559
4,146,-16.51773535
4,148,-16.42644035
4,150,-16.34529726
4,152,-16.26152434
4,154,-16.18709614
4,156,-16.1258259
4,158,-16.05777683
4,160,-16.0001979
4,162,-15.95262939
4,164,-15.89796835
4,166,-15.85295648
4,168,-15.81725514
4,170,-15.77651566
4,172,-15.74265057
4,174,-15.70874655
4,176,-15.68758465
4,178,-15.67986364
4,180,-15.61666117
4,182,-15.61934512
4,184,-15.6197875
4,186,-15.61049892
4,188,-15.60866499
4,190,-15.60796835
4,192,-15.61115526
4,194,-15.62159779
4,196,-15.63248872
4,198,-15.65379269
4,200,-15.67341913
4,202,-15.70212328
4,204,-15.73711991
4,206,-15.77337251
4,208,-15.81568152
4,210,-15.85758758
4,212,-15.90310243
4,214,-15.96251151
4,216,-16.01668869
4,218,-16.08317672
4,220,-16.15164992
4,222,-16.22009342
4,224,-16.29024032
4,226,-16.36615181
4,228,-16.44820384
4,230,-16.5262426
4,232,-16.61490909
4,234,-16.70310416
4,236,-16.79164007
4,238,-16.88037312
4,240,-16.97122397
4,242,-16.99337749
4,244,-16.96869453
4,246,-16.93205467
4,248,-16.90276015
4,250,-16.87516584
4,252,-16.84344307
4,254,-16.81655888
4,256,-16.78810412
4,258,-16.7587741
4,260,-16.73369583
4,262,-16.69969112
4,264,-16.67278951
4,266,-16.64529164
4,268,-16.62243148
4,270,-16.59269572
4,272,-16.52951432
4,274,-16.40442782
4,276,-16.28376178
4,278,-16.16547546
4,280,-16.04421114
4,282,-15.9274852
4,284,-15.81364864
4,286,-15.69582737
4,288,-15.58213612
4,290,-15.47295714
4,292,-15.35779545
4,294,-15.24744554
4,296,-15.14051243
4,298,-15.02795071
4,300,-14.91925044
4,302,-14.84605233
4,304,-14.7860992
4,306,-14.72487263
4,308,-14.67231935
4,310,-14.61874872
4,312,-14.56432694
4,314,-14.50920915
4,316,-14.45341134
4,318,-14.40698089
4,320,-14.35987236
4,322,-14.31324482
4,324,-14.26567611
4,326,-14.2267587
4,328,-14.1802274
4,330,-14.14221936
4,332,-14.10338578
4,334,-14.06478127
4,336,-14.03298435
4,338,-13.99358033
4,340,-13.95969751
4,342,-13.93443205
4,344,-13.9022458
4,346,-13.87347578
4,348,-13.84593845
4,350,-13.81655888
4,352,-13.79597372
4,354,-13.77478593
4,356,-13.75357146
4,358,-13.74539622
4,360,-13.68616675
6,0,-13.72670004
6,2,-13.72350622
6,4,-13.70052671
6,6,-13.67667923
6,8,-13.65070368
6,10,-13.62806338
6,12,-13.60338578
6,14,-13.58178039
6,16,-13.5555525
6,18,-13.54495298
6,20,-13.51878566
6,22,-13.50488929
6,24,-13.48552502
6,26,-13.46251151
6,28,-13.44393032
6,30,-13.42044091
6,32,-13.40362055
6,34,-13.3828092
6,36,-13.36125622
6,38,-13.34438922
6,40,-13.32534433
6,42,-13.30338184
6,44,-13.27778197
6,46,-13.25778197
6,48,-13.27249625
6,50,-13.3289873
6,52,-13.38839178
6,54,-13.44874357
6,56,-13.5117485
6,58,-13.58608824
6,60,-13.65269122
6,62,-13.73024032
6,64,-13.8102937
6,66,-13.88195009
6,68,-13.97421721
6,70,-14.12316387
6,72,-14.33905455
6,74,-14.55510641
6,76,-14.78269015
6,78,-15.02463742
6,80,-15.26961988
6,82,-15.51651566
6,84,-15.77776596
6,86,-16.0479299
6,88,-16.32027482
6,90,-16.51403469
6,92,-16.69122397
6,94,-16.87380193
6,96,-17.04969751
6,98,-17.2250788
6,100,-17.40731759
6,102,-17.58462429
6,104,-17.75633979
6,106,-17.93164992
6,108,-18.07871347
6,110,-17.91315592
6,112,-17.74531268
6,114,-17.58444187
6,116,-17.41249625
6,118,-17.25690563
6,120,-17.10039995
6,122,-16.94126894
6,124,-16.78778197
6,126,-16.64160881
6,128,-16.49172315
6,130,-16.34067601
6,132,-16.08426556
6,134,-15.80650554
6,136,-15.54171675
6,138,-15.28880665
6,140,-15.0573956
6,142,-14.83668824
6,144,-14.62589438
6,146,-14.42479826
6,148,-14.24324482
6,150,-14.06253649
6,152,-13.91052125
6,154,-13.75901812
6,156,-13.61617717
6,158,-13.49273787
6,160,-13.37721428
6,162,-13.26982458
6,164,-13.1852597
6,166,-13.10556536
6,168,-13.03469192
6,170,-12.9701979
6,172,-12.91553665
6,174,-12.87275546
6,176,-12.83864063
6,178,-12.81389067
6,180,-12.77442563
6,182,-12.77503037
6,184,-12.77493559
6,186,-12.77205467
6,188,-12.78553206
6,190,-12.80673094
6,192,-12.83431568
6,194,-12.87117742
6,196,-12.91115526
6,198,-12.96848639
6,200,-13.02834973
6,202,-13.10026607
6,204,-13.18395126
6,206,-13.27354536
6,208,-13.36719561
6,210,-13.4757194
6,212,-13.59590015
6,214,-13.7209188
6,216,-13.86058678
6,218,-14.00306427
6,220,-14.15934739
6,222,-14.32656843
6,224,-14.50536023
6,226,-14.695328
6,228,-14.90218051
6,230,-15.08739275
6,232,-15.23016872
6,234,-15.37771472
6,236,-15.52191607
6,238,-15.67243148
6,240,-15.83164007
6,242,-15.98722556
6,244,-16.14508987
6,246,-16.29805145
6,248,-16.45395713
6,250,-16.60960788
6,252,-16.75679744
6,254,-16.73582081
6,256,-16.70892595
6,258,-16.68315113
6,260,-16.65732094
6,262,-16.63254583
6,264,-16.61287548
6,266,-16.59282256
6,268,-16.57257934
6,270,-16.5552597
6,272,-16.51795895
6,274,-16.35990997
6,276,-16.19978688
6,278,-16.04861363
6,280,-15.89428645
6,282,-15.73891295
6,284,-15.58044091
6,286,-15.42934858
6,288,-15.27492701
6,290,-15.12735362
6,292,-15.00574003
6,294,-14.93563928
6,296,-14.86359722
6,298,-14.79047701
6,300,-14.71592852
6,302,-14.64965416
6,304,-14.57178432
6,306,-14.50230125
6,308,-14.42160673
6,310,-14.34895048
6,312,-14.27500853
6,314,-14.22605002
6,316,-14.22662478
6,318,-14.21067601
6,320,-14.19901812
6,322,-14.19024032
6,324,-14.17536069
6,326,-14.15642988
6,328,-14.14649627
6,330,-14.1268552
6,332,-14.11235184
6,334,-14.08754181
6,336,-14.0678908
6,338,-14.04440634
6,340,-14.02262844
6,342,-13.99044635
6,344,-13.96461326
6,346,-13.93641094
6,348,-13.91207797
6,350,-13.88337749
6,352,-13.85833796
6,354,-13.83431568
6,356,-13.800644
6,358,-13.77598379
6,360,-13.72670004
8,0,-14.4045652
8,2,-14.39165948
8,4,-14.38009342
8,6,-14.35770856
8,8,-14.32618961
8,10,-14.30366393
8,12,-14.26258958
8,14,-14.21482167
8,16,-14.17082472
8,18,-14.11379836
8,20,-14.05082472
8,22,-13.99381389
8,24,-13.92362055
8,26,-13.86005061
8,28,-13.79284287
8,30,-13.72279722
8,32,-13.64317672
8,34,-13.57043082
8,36,-13.48932516
8,38,-13.40617717
8,40,-13.33082165
8,42,-13.30536023
8,44,-13.27985523
8,46,-13.26011574
8,48,-13.23165948
8,50,-13.2002274
8,52,-13.16861363
8,54,-13.135328
8,56,-13.10028878
8,58,-13.07340291
8,60,-13.18365754
8,62,-13.29680971
8,64,-13.40376178
8,66,-13.5199054
8,68,-13.63982407
8,70,-13.75291227
8,72,-13.87615552
8,74,-14.06052671
8,76,-14.36024537
8,78,-14.67504458
8,80,-14.99927981
8,82,-15.3419985
8,84,-15.69593845
8,86,-16.06241171
8,88,-16.43506223
8,90,-16.69418007
8,92,-16.96616675
8,94,-17.24148749
8,96,-17.51952453
8,98,-17.7963439
8,100,-18.07608086
8,102,-18.36419223
8,104,-18.20388753
8,106,-17.97528452
8,108,-17.75615181
8,110,-17.53650004
8,112,-17.31784517
8,114,-17.10568152
8,116,-16.90166629
8,118,-16.68730813
8,120,-16.21552971
8,122,-15.77110741
8,124,-15.34982833
8,126,-14.95999474
8,128,-14.59331929
8,130,-14.2474628
8,132,-13.92340618
8,134,-13.62074697
8,136,-13.33936808
8,138,-13.09787153
8,140,-12.88965416
8,142,-12.69638151
8,144,-12.51876087
8,146,-12.3472519
8,148,-12.18250894
8,150,-12.04383224
8,152,-11.90323225
8,154,-11.77874357
8,156,-11.66058885
8,158,-11.54978264
8,160,-11.45644035
8,162,-11.36839947
8,164,-11.28880142
8,166,-11.22469192
8,168,-11.16408238
8,170,-11.10057054
8,172,-11.04866499
8,174,-11.00618474
8,176,-10.97262844
8,178,-10.94205467
8,180,-10.91027809
8,182,-10.91815844
8,184,-10.91624315
8,186,-10.93056878
8,188,-10.9499709
8,190,-10.970644
8,192,-11.0033
8,194,-11.04442421
8,196,-11.09073751
8,198,-11.15026607
8,200,-11.20827805
8,202,-11.27920311
8,204,-11.35818794
8,206,-11.43448939
8,208,-11.51810343
8,210,-11.60065188
8,212,-11.70163812
8,214,-11.80126894
8,216,-11.90932503
8,218,-12.02589438
8,220,-12.15230493
8,222,-12.28850971
8,224,-12.45810144
8,226,-12.65557353
8,228,-12.86338184
8,230,-13.08948388
8,232,-13.32429823
8,234,-13.57568152
8,236,-13.84295749
8,238,-14.13395126
8,240,-14.42993489
8,242,-14.74686795
8,244,-14.96079162
8,246,-15.18716348
8,248,-15.40878538
8,250,-15.63149327
8,252,-15.85931108
8,254,-16.08981461
8,256,-16.31256519
8,258,-16.50035197
8,260,-16.49991906
8,262,-16.50450633
8,264,-16.51327927
8,266,-16.52723473
8,268,-16.53943993
8,270,-16.55094517
8,272,-16.56818794
8,274,-16.40383729
8,276,-16.21730813
8,278,-16.0309188
8,280,-15.8367587
8,282,-15.64393032
8,284,-15.45948388
8,286,-15.26693165
8,288,-15.14616078
8,290,-15.07089664
8,292,-14.9840065
8,294,-14.90379459
8,296,-14.82166146
8,298,-14.74667567
8,300,-14.65971464
8,302,-14.57101669
8,304,-14.58432694
8,306,-14.58614311
8,308,-14.58545473
8,310,-14.58324218
8,312,-14.56942528
8,314,-14.55482167
8,316,-14.53785566
8,318,-14.51297551
8,320,-14.48570419
8,322,-14.50254681
8,324,-14.53106145
8,326,-14.55558211
8,328,-14.58037312
8,330,-14.59433755
8,332,-14.60963473
8,334,-14.6142955
8,336,-14.62020901
8,338,-14.62960788
8,340,-14.62917929
8,342,-14.63049892
8,344,-14.62882148
8,346,-14.62871094
8,348,-14.61881791
8,350,-14.59766446
8,352,-14.57024547
8,354,-14.53106422
8,356,-14.50101037
8,358,-14.45680971
8,360,-14.4045652
10,0,-15.59318168
10,2,-15.5759091
10,4,-15.54563928
10,6,-15.50671888
10,8,-15.46026773
10,10,-15.4072519
10,12,-15.33648955
10,14,-15.25707326
10,16,-15.17978614
10,18,-15.08549425
10,20,-14.99212085
10,22,-14.88331929
10,24,-14.7671412
10,26,-14.64324277
10,28,-14.5107195
10,30,-14.36683098
10,32,-14.22506112
10,34,-14.07806099
10,36,-13.96123558
10,38,-13.87007537
10,40,-13.77495298
10,42,-13.69547546
10,44,-13.59817681
10,46,-13.5001171
10,48,-13.38529726
10,50,-13.26842826
10,52,-13.22030978
10,54,-13.19827805
10,56,-13.17420341
10,58,-13.14806338
10,60,-13.11395126
10,62,-13.07568178
10,64,-13.06685346
10,66,-13.20731759
10,68,-13.35649627
10,70,-13.50269572
10,72,-13.65819137
10,74,-13.81706808
10,76,-14.02454104
10,78,-14.4133
10,80,-14.83086828
10,82,-15.26223985
10,84,-15.72079519
10,86,-16.19834545
10,88,-16.63286806
10,90,-16.9807465
10,92,-17.3353916
10,94,-17.71112956
10,96,-18.08553665
10,98,-18.47106145
10,100,-18.43233952
10,102,-18.12490909
10,104,-17.83388984
10,106,-17.54608086
10,108,-17.26474233
10,110,-17.00011381
10,112,-16.54720518
10,114,-15.92054799
10,116,-15.35444337
10,118,-14.83182781
10,120,-14.35258958
10,122,-13.91240107
10,124,-13.50392539
10,126,-13.16038346
10,128,-12.85512961
10,130,-12.57004541
10,132,-12.28730353
10,134,-12.01789152
10,136,-11.76378796
10,138,-11.52577625
10,140,-11.3045727
10,142,-11.12926115
10,144,-11.02671268
10,146,-10.94076978
10,148,-10.86834712
10,150,-10.79324482
10,152,-10.72473386
10,154,-10.65355324
10,156,-10.59773535
10,158,-10.53982458
10,160,-10.49694658
10,162,-10.45335762
10,164,-10.42128488
10,166,-10.39018032
10,168,-10.36315113
10,170,-10.33485089
10,172,-10.30676139
10,174,-10.28409733
10,176,-10.26369239
10,178,-10.2511952
10,180,-10.22988618
10,182,-10.22798826
10,184,-10.22126542
10,186,-10.22037312
10,188,-10.2233
10,190,-10.22724596
10,192,-10.24087842
10,194,-10.25513222
10,196,-10.28034145
10,198,-10.30163984
10,200,-10.33633979
10,202,-10.37009342
10,204,-10.40179759
10,206,-10.43315592
10,208,-10.47296959
10,210,-10.51258017
10,212,-10.55267695
10,214,-10.59374273
10,216,-10.6458607
10,218,-10.70006003
10,220,-10.82928226
10,222,-10.96660725
10,224,-11.12249477
10,226,-11.27799177
10,228,-11.4345035
10,230,-11.61346426
10,232,-11.80230493
10,234,-12.00323225
10,236,-12.24683098
10,238,-12.55170189
10,240,-12.86818794
10,242,-13.19624872
10,244,-13.5414257
10,246,-13.91006305
10,248,-14.29443205
10,250,-14.64485089
10,252,-14.94239612
10,254,-15.24011691
10,256,-15.54309019
10,258,-15.83854179
10,260,-16.12567797
10,262,-16.31094978
10,264,-16.35379269
10,266,-16.40389595
10,268,-16.45428327
10,270,-16.50990997
10,272,-16.56681579
10,274,-16.47758758
10,276,-16.26785566
10,278,-16.06043082
10,280,-15.84709686
10,282,-15.63366393
10,284,-15.42082472
10,286,-15.30660211
10,288,-15.2232535
10,290,-15.12964002
10,292,-15.03545473
10,294,-14.94827819
10,296,-14.85864037
10,298,-14.86251547
10,300,-14.89514994
10,302,-14.92150671
10,304,-14.95186561
10,306,-14.96666997
10,308,-14.96634195
10,310,-14.9740868
10,312,-14.99179759
10,314,-15.01589365
10,316,-15.0301171
10,318,-15.0506473
10,320,-15.06898904
10,322,-15.08504458
10,324,-15.10892595
10,326,-15.15839277
10,328,-15.23887809
10,330,-15.32395713
10,332,-15.39100537
10,334,-15.44688846
10,336,-15.50049892
10,338,-15.54693912
10,340,-15.58950468
10,342,-15.61777683
10,344,-15.67024547
10,346,-15.71030978
10,348,-15.74946137
10,350,-15.7793476
10,352,-15.7842532
10,354,-15.74580159
10,356,-15.70982833
10,358,-15.65999474
10,360,-15.59318168
12,0,-17.15138495
12,2,-17.12272965
12,4,-17.06501642
12,6,-16.99926115
12,8,-16.90588908
12,10,-16.79570689
12,12,-16.66886635
12,14,-16.53524522
12,16,-16.39872033
12,18,-16.25920915
12,20,-16.11469237
12,22,-15.96457859
12,24,-15.81049685
12,26,-15.65933209
12,28,-15.50020994
12,30,-15.3324096
12,32,-15.15315592
12,34,-14.97686713
12,36,-14.79131442
12,38,-14.62218023
12,40,-14.45958515
12,42,-14.29295749
12,44,-14.12231418
12,46,-13.969108
12,48,-13.83736867
12,50,-13.70418702
12,52,-13.56952822
12,54,-13.43335762
12,56,-13.30052671
12,58,-13.23989421
12,60,-13.2250788
12,62,-13.21024572
12,64,-13.19052671
12,66,-13.16073751
12,68,-13.23024572
12,70,-13.41044274
12,72,-13.59350622
12,74,-13.78168183
12,76,-13.96461249
12,78,-14.31079162
12,80,-14.80454425
12,82,-15.3278908
12,84,-15.88049892
12,86,-16.47024765
12,88,-16.92786237
12,90,-17.34395713
12,92,-17.77409152
12,94,-18.21431568
12,96,-18.66645866
12,98,-18.39863842
12,100,-18.04287548
12,102,-17.69815342
12,104,-17.3668552
12,106,-17.04340277
12,108,-16.33026607
12,110,-15.60436205
12,112,-14.93889302
12,114,-14.33958515
12,116,-13.77355324
12,118,-13.27793047
12,120,-12.86246255
12,122,-12.47102784
12,124,-12.10650149
12,126,-11.7714468
12,128,-11.44839807
12,130,-11.19823541
12,132,-11.05116709
12,134,-10.90831471
12,136,-10.78044287
12,138,-10.64838125
12,140,-10.5324654
12,142,-10.42323055
12,144,-10.32016837
12,146,-10.31384363
12,148,-10.35623422
12,150,-10.38709686
12,152,-10.42430636
12,154,-10.4555525
12,156,-10.48407423
12,158,-10.51614634
12,160,-10.54796305
12,162,-10.57153539
12,164,-10.5870546
12,166,-10.60148749
12,168,-10.61257848
12,170,-10.61403469
12,172,-10.61100537
12,174,-10.59524643
12,176,-10.58744246
12,178,-10.57262844
12,180,-10.55791377
12,182,-10.5578908
12,184,-10.5577171
12,186,-10.55866096
12,188,-10.5543796
12,190,-10.53752605
12,192,-10.51199478
12,194,-10.48046144
12,196,-10.44547546
12,198,-10.41739359
12,200,-10.38164992
12,202,-10.33567611
12,204,-10.29730101
12,206,-10.25810144
12,208,-10.20925962
12,210,-10.16168936
12,212,-10.10541843
12,214,-10.05962182
12,216,-10.04128483
12,218,-10.10728138
12,220,-10.17683245
12,222,-10.26080887
12,224,-10.3495146
12,226,-10.43347216
12,228,-10.5335404
12,230,-10.63026773
12,232,-10.80049685
12,234,-11.01318168
12,236,-11.22731954
12,238,-11.4528092
12,240,-11.69964328
12,242,-11.9526132
12,244,-12.27214291
12,246,-12.65474233
12,248,-13.06282256
12,250,-13.49115526
12,252,-13.94068148
12,254,-14.39757008
12,256,-14.74825215
12,258,-15.10220137
12,260,-15.44064976
12,262,-15.77731513
12,264,-16.05951432
12,266,-16.15395126
12,268,-16.26168671
12,270,-16.37852908
12,272,-16.49353611
12,274,-16.53249455
12,276,-16.31480039
12,278,-16.09166179
12,280,-15.87179759
12,282,-15.64611255
12,284,-15.47871347
12,286,-15.40616078
12,288,-15.32342427
12,290,-15.23989935
12,292,-15.14541843
12,294,-15.11750508
12,296,-15.14030649
12,298,-15.1634846
12,300,-15.17731217
12,302,-15.19144482
12,304,-15.22217026
12,306,-15.28751927
12,308,-15.33662478
12,310,-15.37793047
12,312,-15.39861363
12,314,-15.40762995
12,316,-15.48880142
12,318,-15.60243148
12,320,-15.71641473
12,322,-15.83582131
12,324,-15.95616675
12,326,-16.0642955
12,328,-16.16551353
12,330,-16.29265057
12,332,-16.4122641
12,334,-16.52716348
12,336,-16.6313583
12,338,-16.72520785
12,340,-16.81320509
12,342,-16.88625938
12,344,-16.94920311
12,346,-17.00483147
12,348,-17.08058678
12,350,-17.13362055
12,352,-17.17487236
12,354,-17.20122158
12,356,-17.19857984
12,358,-17.18543753
12,360,-17.15138495
14,0,-17.62405153
14,2,-17.59924547
14,4,-17.55465481
14,6,-17.51514994
14,8,-17.45817318
14,10,-17.40044047
14,12,-17.32610711
14,14,-17.22351644
14,16,-17.11744554
14,18,-16.9988275
14,20,-16.89346426
14,22,-16.78574003
14,24,-16.68634195
14,26,-16.56346426
14,28,-16.41154278
14,30,-16.18898656
14,32,-15.94474938
14,34,-15.72514743
14,36,-15.50567611
14,38,-15.28608824
14,40,-15.0826132
14,42,-14.87773535
14,44,-14.6928136
14,46,-14.50420341
14,48,-14.31649627
14,50,-14.14248872
14,52,-13.98593094
14,54,-13.8470031
14,56,-13.71369774
14,58,-13.56572933
14,60,-13.42598379
14,62,-13.37917308
14,64,-13.3733
14,66,-13.34950468
14,68,-13.31163913
14,70,-13.35940726
14,72,-13.57969751
14,74,-13.79950468
14,76,-14.02191444
14,78,-14.29820393
14,80,-14.88130138
14,82,-15.50776341
14,84,-16.17483836
14,86,-16.88570572
14,88,-17.34550364
14,90,-17.82970247
14,92,-18.33262844
14,94,-18.8522458
14,96,-18.49117742
14,98,-18.01351849
14,100,-17.5680799
14,102,-17.15822666
14,104,-16.4643796
14,106,-15.60429974
14,108,-14.84106422
14,110,-14.14278646
14,112,-13.50818794
14,114,-12.99685696
14,116,-12.50599067
14,118,-12.05645474
14,120,-11.63374273
14,122,-11.2601339
14,124,-11.07048415
14,126,-10.89168084
14,128,-10.72568938
14,130,-10.5638852
14,132,-10.40701321
14,134,-10.34543153
14,136,-10.38935734
14,138,-10.42872033
14,140,-10.46382182
14,142,-10.51404946
14,144,-10.55246255
14,146,-10.59683098
14,148,-10.64429823
14,150,-10.68007537
14,152,-10.72195009
14,154,-10.75428327
14,156,-10.78289176
14,158,-10.81073751
14,160,-10.83024537
14,162,-10.84820393
14,164,-10.8562259
14,166,-10.86725514
14,168,-10.8733191
14,170,-10.87442563
14,172,-10.87597372
14,174,-10.87931108
14,176,-10.88418007
14,178,-10.8853916
14,180,-10.8700999
14,182,-10.85345092
14,184,-10.82793048
14,186,-10.7976786
14,188,-10.76997888
14,190,-10.7458259
14,192,-10.71849112
14,194,-10.69034145
14,196,-10.66770833
14,198,-10.63419032
14,200,-10.59959762
14,202,-10.56506112
14,204,-10.52934858
14,206,-10.48695436
14,208,-10.43383224
14,210,-10.38911051
14,212,-10.35241459
14,214,-10.29610711
14,216,-10.22650149
14,218,-10.17006003
14,220,-10.10757736
14,222,-10.04989367
14,224,-9.988677559
14,226,-9.932849297
14,228,-9.964006497
14,230,-10.06521608
14,232,-10.18258017
14,234,-10.2986582
14,236,-10.43472672
14,238,-10.57125622
14,240,-10.82166179
14,242,-11.10027515
14,244,-11.39340291
14,246,-11.69889302
14,248,-12.02241399
14,250,-12.4558259
14,252,-12.91567797
14,254,-13.40716348
14,256,-13.92918805
14,258,-14.42162092
14,260,-14.83776596
14,262,-15.24706886
14,264,-15.64797858
14,266,-15.98827805
14,268,-16.10094517
14,270,-16.21138274
14,272,-16.32486652
14,274,-16.43670071
14,276,-16.2446494
14,278,-16.04155648
14,280,-15.82362055
14,282,-15.60670071
14,284,-15.51893529
14,286,-15.45073771
14,288,-15.38513681
14,290,-15.32326598
14,292,-15.33614311
14,294,-15.37967648
14,296,-15.42291065
14,298,-15.43547144
14,300,-15.46707814
14,302,-15.52720252
14,304,-15.60111228
14,306,-15.66593017
14,308,-15.73675354
14,310,-15.84009342
14,312,-15.96218051
14,314,-16.09152434
14,316,-16.23248872
14,318,-16.36504458
14,320,-16.55619909
14,322,-16.77477105
14,324,-16.97220137
14,326,-17.16419885
14,328,-17.34499664
14,330,-17.54593845
14,332,-17.69330186
14,334,-17.73317659
14,336,-17.75006305
14,338,-17.76810323
14,340,-17.78011381
14,342,-17.79633979
14,344,-17.80392539
14,346,-17.80765408
14,348,-17.79909895
14,350,-17.76954828
14,352,-17.73530724
14,354,-17.67084476
14,356,-17.67059721
14,358,-17.65546173
14,360,-17.62405153
16,0,-16.89999474
16,2,-16.91479826
16,4,-16.93536552
16,6,-16.953865
16,8,-16.95969038
16,10,-16.9559498
16,12,-16.9470863
16,14,-16.93214291
16,16,-16.93030978
16,18,-16.95453559
16,20,-16.96324482
16,22,-16.93075907
16,24,-16.87783252
16,26,-16.82920925
16,28,-16.69798522
16,30,-16.54317672
16,32,-16.37624287
16,34,-16.19948388
16,36,-16.01577053
16,38,-15.83934858
16,40,-15.59480039
16,42,-15.37398808
16,44,-15.17176115
16,46,-14.96857828
16,48,-14.75694658
16,50,-14.54810323
16,52,-14.3624325
16,54,-14.19079162
16,56,-14.04005552
16,58,-13.91831605
16,60,-13.78866499
16,62,-13.66431568
16,64,-13.58330186
16,66,-13.60295648
16,68,-13.61693912
16,70,-13.61793048
16,72,-13.74754181
16,74,-13.97754181
16,76,-14.19406629
16,78,-14.40732094
16,80,-15.09426603
16,82,-15.85070205
16,84,-16.67797626
16,86,-17.41618474
16,88,-17.86149327
16,90,-18.3272164
16,92,-18.80744456
16,94,-18.55250488
16,96,-17.97831605
16,98,-17.4477171
16,100,-16.95115526
16,102,-15.96797858
16,104,-15.0358259
16,106,-14.20826184
16,108,-13.46338578
16,110,-12.86633979
16,112,-12.31552041
16,114,-11.80160881
16,116,-11.33187635
16,118,-11.07066615
16,120,-10.85818784
16,122,-10.66431422
16,124,-10.47140782
16,126,-10.34083558
16,128,-10.40366077
16,130,-10.4515869
16,132,-10.50521467
16,134,-10.56478976
16,136,-10.60827819
16,138,-10.67351644
16,140,-10.72841453
16,142,-10.78296959
16,144,-10.83883199
16,146,-10.88529246
16,148,-10.93310236
16,150,-10.88052828
16,152,-10.72234108
16,154,-10.58050855
16,156,-10.43905455
16,158,-10.30897842
16,160,-10.19442762
16,162,-10.08765214
16,164,-9.997658624
16,166,-9.915281392
16,168,-9.828337964
16,170,-9.750766066
16,172,-9.67860104
16,174,-9.631195202
16,176,-9.605062227
16,178,-9.590338615
16,180,-9.577480182
16,182,-9.571564454
16,184,-9.566654836
16,186,-9.568664991
16,188,-9.591240976
16,190,-9.618613521
16,192,-9.653506219
16,194,-9.705959465
16,196,-9.768398832
16,198,-9.838399467
16,200,-9.926410486
16,202,-10.0145652
16,204,-10.10291225
16,206,-10.19552971
16,208,-10.293935
16,210,-10.39181799
16,212,-10.39990116
16,214,-10.34492701
16,216,-10.29168066
16,218,-10.24073771
16,220,-10.18025348
16,222,-10.12662478
16,224,-10.06942528
16,226,-9.996505536
16,228,-9.94952912
16,230,-9.899742847
16,232,-9.847832524
16,234,-9.811517461
16,236,-9.910823485
16,238,-10.06527862
16,240,-10.22291225
16,242,-10.39383729
16,244,-10.59658589
16,246,-10.91828961
16,248,-11.25420341
16,250,-11.62289176
16,252,-12.01565629
16,254,-12.52163913
16,256,-13.05939153
16,258,-13.62917929
16,260,-14.22419885
16,262,-14.69403469
16,264,-15.16660593
16,266,-15.62796305
16,268,-15.96184192
16,270,-16.10852644
16,272,-16.25453559
16,274,-16.40506112
16,276,-16.32110741
16,278,-16.10719797
16,280,-15.89624287
16,282,-15.68956128
16,284,-15.61125622
16,286,-15.54695436
16,288,-15.4677063
16,290,-15.45845309
16,292,-15.56188963
16,294,-15.64905368
16,296,-15.72984096
16,298,-15.78173763
16,300,-15.81866828
16,302,-15.85432813
16,304,-15.89574003
16,306,-16.03126894
16,308,-16.20529246
16,310,-16.37711818
16,312,-16.54478127
16,314,-16.77766446
16,316,-17.04573671
16,318,-17.30381509
16,320,-17.58345092
16,322,-17.87616675
16,324,-18.02164921
16,326,-18.1422701
16,328,-18.20505141
16,330,-18.2522458
16,332,-18.27670004
16,334,-18.24541854
16,336,-18.01568178
16,338,-17.79534344
16,340,-17.62028878
16,342,-17.50139362
16,344,-17.3873158
16,346,-17.2728092
16,348,-17.16982833
16,350,-17.07158521
16,352,-16.98089712
16,354,-16.90019073
16,356,-16.86942528
16,358,-16.87479826
16,360,-16.89999474
18,0,-16.79840821
18,2,-16.83298435
18,4,-16.88490909
18,6,-16.919108
18,8,-16.94241399
18,10,-16.9601171
18,12,-16.96054799
18,14,-16.93958515
18,16,-16.9126132
18,18,-16.88560797
18,20,-16.78810343
18,22,-16.66590015
18,24,-16.51852644
18,26,-16.4555146
18,28,-16.42528452
18,30,-16.39297551
18,32,-16.32818794
18,34,-16.22039416
18,36,-16.09931583
18,38,-15.94878566
18,40,-15.79959762
18,42,-15.65182781
18,44,-15.46934739
18,46,-15.21958515
18,48,-14.98234108
18,50,-14.76388984
18,52,-14.58370491
18,54,-14.45369774
18,56,-14.34086828
18,58,-14.24433755
18,60,-14.14466572
18,62,-14.03477105
18,64,-13.91798826
18,66,-13.88208029
18,68,-13.96046921
18,70,-14.02620386
18,72,-14.08706886
18,74,-14.33295648
18,76,-14.56831605
18,78,-14.79693912
18,80,-15.48128621
18,82,-16.30428879
18,84,-17.20163149
18,86,-17.85245699
18,88,-18.31503037
18,90,-18.80409733
18,92,-18.82833796
18,94,-18.04593255
18,96,-17.34315113
18,98,-16.70674288
18,100,-15.57594929
18,102,-14.58819137
18,104,-13.71709614
18,106,-13.00046144
18,108,-12.37299024
18,110,-11.78065188
18,112,-11.22136382
18,114,-10.96753419
18,116,-10.72610711
18,118,-10.50524522
18,120,-10.29618379
18,122,-10.36799364
18,124,-10.44192095
18,126,-10.5191717
18,128,-10.5806159
18,130,-10.65954828
18,132,-10.74728138
18,134,-10.82215753
18,136,-10.89549425
18,138,-10.95792651
18,140,-10.77323225
18,142,-10.5528092
18,144,-10.34552041
18,146,-10.16082165
18,148,-9.983402907
18,150,-9.814700576
18,152,-9.656021558
18,154,-9.512612041
18,156,-9.375418545
18,158,-9.251686584
18,160,-9.143503745
18,162,-9.039962246
18,164,-8.949279806
18,166,-8.86250488
18,168,-8.786797445
18,170,-8.726888457
18,172,-8.675072821
18,174,-8.6307465
18,176,-8.590278088
18,178,-8.553443072
18,180,-8.519967479
18,182,-8.509179293
18,184,-8.506526595
18,186,-8.508541789
18,188,-8.520055525
18,190,-8.536385909
18,192,-8.571639133
18,194,-8.619015456
18,196,-8.665815186
18,198,-8.732577806
18,200,-8.807713144
18,202,-8.894283268
18,204,-8.999201472
18,206,-9.118871741
18,208,-9.231848124
18,210,-9.353102357
18,212,-9.46486652
18,214,-9.587985216
18,216,-9.712001298
18,218,-9.842001298
18,220,-9.97552971
18,222,-10.07355324
18,224,-10.01269122
18,226,-9.956177172
18,228,-9.912180229
18,230,-9.863102357
18,232,-9.822658253
18,234,-9.781382738
18,236,-9.735552503
18,238,-9.696440347
18,240,-9.686458673
18,242,-9.893774852
18,244,-10.11442782
18,246,-10.3360092
18,248,-10.5752597
18,250,-10.96110249
18,252,-11.36845783
18,254,-11.80510641
18,256,-12.31466176
18,258,-12.89706886
18,260,-13.52688846
18,262,-14.20506223
18,264,-14.72497549
18,266,-15.2377171
18,268,-15.72790748
18,270,-16.00669159
18,272,-16.18365754
18,274,-16.3609188
18,276,-16.40709686
18,278,-16.20251151
18,280,-15.99810343
18,282,-15.80058678
18,284,-15.72955301
18,286,-15.66315592
18,288,-15.59296959
18,290,-15.6811107
18,292,-15.77217443
18,294,-15.86760392
18,296,-15.94160837
18,298,-16.02026773
18,300,-16.08383476
18,302,-16.16735362
18,304,-16.33670071
18,306,-16.50291225
18,308,-16.66910042
18,310,-16.93694658
18,312,-17.2678485
18,314,-17.60543314
18,316,-17.94645866
18,318,-18.19927981
18,320,-18.40862485
18,322,-18.56309905
18,324,-18.65882764
18,326,-18.5053916
18,328,-18.23250488
18,330,-17.95443205
18,332,-17.66863842
18,334,-17.35423406
18,336,-17.07298435
18,338,-16.97565629
18,340,-16.91345678
18,342,-16.85052671
18,344,-16.84160847
18,346,-16.8243796
18,348,-16.79901546
18,350,-16.74965254
18,352,-16.71568326
18,354,-16.71848639
18,356,-16.7207447
18,358,-16.75044274
18,360,-16.79840821
20,0,-17.9183628
20,2,-17.95275528
20,4,-17.97507889
20,6,-17.96235736
20,8,-17.91568326
20,10,-17.82565629
20,12,-17.71556887
20,14,-17.56762995
20,16,-17.39178039
20,18,-17.20214291
20,20,-16.99719561
20,22,-16.73470058
20,24,-16.55711818
20,26,-16.45560716
20,28,-16.33875775
20,30,-16.18278646
20,32,-16.00985669
20,34,-15.92199478
20,36,-15.87242206
20,38,-15.80338578
20,40,-15.70910042
20,42,-15.55680971
20,44,-15.39717237
20,46,-15.235966
20,48,-15.06291225
20,50,-14.91828961
20,52,-14.78723473
20,54,-14.66594929
20,56,-14.58793048
20,58,-14.53620386
20,60,-14.48981461
20,62,-14.40996748
20,64,-14.31241171
20,66,-14.21893635
20,68,-14.28958793
20,70,-14.40553206
20,72,-14.48865837
20,74,-14.72181248
20,76,-14.99374545
20,78,-15.24345092
20,80,-15.97797626
20,82,-16.86223985
20,84,-17.82697848
20,86,-18.25539622
20,88,-18.63478593
20,90,-19.03918805
20,92,-18.08963768
20,94,-17.21776341
20,96,-16.45057054
20,98,-15.29283026
20,100,-14.24989421
20,102,-13.33187369
20,104,-12.61094517
20,106,-11.97024032
20,108,-11.37936215
20,110,-11.00774626
20,112,-10.74320911
20,114,-10.4825044
20,116,-10.29827081
20,118,-10.3749357
20,120,-10.46122676
20,122,-10.54878815
20,124,-10.63795302
20,126,-10.74243626
20,128,-10.84478976
20,130,-10.93584898
20,132,-10.83134527
20,134,-10.55483263
20,136,-10.28122917
20,138,-10.02158521
20,140,-9.794785466
20,142,-9.599018122
20,144,-9.413536108
20,146,-9.238733707
20,148,-9.068891374
20,150,-8.906383433
20,152,-8.748489562
20,154,-8.780543645
20,156,-8.832431483
20,158,-8.865736715
20,160,-8.893926139
20,162,-8.921177424
20,164,-8.92706886
20,166,-8.935089873
20,168,-8.935678766
20,170,-8.936243155
20,172,-8.928936345
20,174,-8.929518288
20,176,-8.9079299
20,178,-8.88418007
20,180,-8.844034692
20,182,-8.812456991
20,184,-8.765820807
20,186,-8.722245795
20,188,-8.691301376
20,190,-8.659524526
20,192,-8.617315126
20,194,-8.572431483
20,196,-8.533440125
20,198,-8.474186256
20,200,-8.411264727
20,202,-8.340411816
20,204,-8.276690783
20,206,-8.223561957
20,208,-8.178756622
20,210,-8.312973826
20,212,-8.43934675
20,214,-8.581665438
20,216,-8.731514521
20,218,-8.901514521
20,220,-9.071657763
20,222,-9.230225685
20,224,-9.384831474
20,226,-9.538757749
20,228,-9.700945174
20,230,-9.756385036
20,232,-9.728399467
20,234,-9.703604958
20,236,-9.687317586
20,238,-9.676496265
20,240,-9.673792688
20,242,-9.675112991
20,244,-9.680885063
20,246,-9.870878422
20,248,-10.12052671
20,250,-10.38024572
20,252,-10.71106145
20,254,-11.17848639
20,256,-11.67822666
20,258,-12.22952453
20,260,-12.87854179
20,262,-13.58805145
20,264,-14.36000179
20,266,-14.92477105
20,268,-15.48861352
20,270,-15.99806338
20,272,-16.2001171
20,274,-16.40265825
20,276,-16.57560797
20,278,-16.36161491
20,280,-16.14024032
20,282,-15.92007537
20,284,-15.85139362
20,286,-15.77824159
20,288,-15.75675354
20,290,-15.87296959
20,292,-15.99726324
20,294,-16.08754189
20,296,-16.1332535
20,298,-16.16813182
20,300,-16.24531291
20,302,-16.45453559
20,304,-16.65480139
20,306,-16.8614257
20,308,-17.26592277
20,310,-17.68168658
20,312,-18.11283026
20,314,-18.4233
20,316,-18.71426603
20,318,-18.9950173
20,320,-19.05810412
20,322,-18.65882764
20,324,-18.2460255
20,326,-17.81673094
20,328,-17.46619909
20,330,-17.2778908
20,332,-17.10892595
20,334,-16.96374545
20,336,-16.8087741
20,338,-16.71655103
20,340,-16.79759136
20,342,-16.92503037
20,344,-17.06530399
20,346,-17.21369239
20,348,-17.36597372
20,350,-17.48872197
20,352,-17.59027482
20,354,-17.67340465
20,356,-17.72535004
20,358,-17.82286806
20,360,-17.9183628
22,0,-18.35056878
22,2,-18.3362259
22,4,-18.31739555
22,6,-18.31490909
22,8,-18.36529726
22,10,-18.41773535
22,12,-18.31353611
22,14,-18.20251151
22,16,-18.08402478
22,18,-17.93624287
22,20,-17.75370617
22,22,-17.51560797
22,24,-17.21785566
22,26,-16.91739359
22,28,-16.60388753
22,30,-16.25836507
22,32,-15.98442782
22,34,-15.7860092
22,36,-15.59513222
22,38,-15.39094978
22,40,-15.33024547
22,42,-15.28608086
22,44,-15.24216048
22,46,-15.14608983
22,48,-15.03680971
22,50,-14.92202742
22,52,-14.80602156
22,54,-14.70592707
22,56,-14.62035197
22,58,-14.62256519
22,60,-14.6653916
22,62,-14.71951829
22,64,-14.69533853
22,66,-14.66986364
22,68,-14.69478593
22,70,-14.86682516
22,72,-15.00103411
22,74,-15.21655103
22,76,-15.48477105
22,78,-15.73242495
22,80,-16.5119985
22,82,-17.4328053
22,84,-18.2847874
22,86,-18.56551353
22,88,-18.84220137
22,90,-18.32959349
22,92,-17.2222458
22,94,-16.27114191
22,96,-15.1105448
22,98,-14.00370491
22,100,-13.0285142
22,102,-12.31540052
22,104,-11.65881836
22,106,-11.04793047
22,108,-10.76247733
22,110,-10.485389
22,112,-10.22125748
22,114,-10.30184449
22,116,-10.36570762
22,118,-10.44447557
22,120,-10.57787146
22,122,-10.72512189
22,124,-10.85857301
22,126,-10.84328653
22,128,-10.52101337
22,130,-10.22086652
22,132,-9.943926438
22,134,-9.7077563
22,136,-9.46353571
22,138,-9.232590013
22,140,-9.016855206
22,142,-8.821664581
22,144,-8.886906693
22,146,-8.963760141
22,148,-9.036382614
22,150,-9.096274591
22,152,-9.165418545
22,154,-9.193104156
22,156,-9.134427625
22,158,-9.077055705
22,160,-9.021177424
22,162,-8.969827666
22,164,-8.917352609
22,166,-8.877444564
22,168,-8.840616141
22,170,-8.807442455
22,172,-8.758827637
22,174,-8.719311085
22,176,-8.674295505
22,178,-8.634293194
22,180,-8.59011423
22,182,-8.566526595
22,184,-8.533695832
22,186,-8.501823101
22,188,-8.490997076
22,190,-8.47035197
22,192,-8.457394121
22,194,-8.438412034
22,196,-8.425824397
22,198,-8.424823494
22,200,-8.41316229
22,202,-8.407963669
22,204,-8.406408845
22,206,-8.413885031
22,208,-8.370891554
22,210,-8.296339794
22,212,-8.21714731
22,214,-8.137340226
22,216,-8.041534236
22,218,-7.9493459
22,220,-8.117842619
22,222,-8.298766932
22,224,-8.495605471
22,226,-8.712178843
22,228,-8.910661951
22,230,-9.089905401
22,232,-9.291707102
22,234,-9.495922775
22,236,-9.53897842
22,238,-9.524379597
22,240,-9.525683259
22,242,-9.542351841
22,244,-9.573503745
22,246,-9.629697514
22,248,-9.69645866
22,250,-9.974225727
22,252,-10.25340776
22,254,-10.5576786
22,256,-11.09952453
22,258,-11.69188025
22,260,-12.33638591
22,262,-13.04963768
22,264,-13.82309905
22,266,-14.60872197
22,268,-15.22374545
22,270,-15.81724489
22,272,-16.23106422
22,274,-16.46462429
22,276,-16.70028878
22,278,-16.57265825
22,280,-16.32875775
22,282,-16.09195009
22,284,-15.9980441
22,286,-15.90569771
22,288,-15.92306427
22,290,-16.06065188
22,292,-16.20381389
22,294,-16.27366393
22,296,-16.32164992
22,298,-16.37024032
22,300,-16.55955213
22,302,-16.70843844
22,304,-16.90645866
22,306,-17.3913583
22,308,-17.86351849
22,310,-18.3477171
22,312,-18.84780545
22,314,-19.33939153
22,316,-19.49735261
22,318,-18.97776596
22,320,-18.50506223
22,322,-18.06624315
22,324,-17.76076607
22,326,-17.42917929
22,328,-17.09963473
22,330,-16.88332487
22,332,-16.97493559
22,334,-17.03874655
22,336,-17.10651566
22,338,-17.22295648
22,340,-17.3433
22,342,-17.46287548
22,344,-17.60106145
22,346,-17.71370491
22,348,-17.81568326
22,350,-17.90765214
22,352,-17.99007052
22,354,-18.08432299
22,356,-18.24100537
22,358,-18.32286806
22,360,-18.35056878
24,0,-18.23261204
24,2,-18.24121109
24,4,-18.28847214
24,6,-18.35179759
24,8,-18.37213612
24,10,-18.35808091
24,12,-18.32448139
24,14,-18.27549089
24,16,-18.21469308
24,18,-18.10572382
24,20,-18.08436845
24,22,-17.90134527
24,24,-17.60933209
24,26,-17.34456857
24,28,-17.09258958
24,30,-16.72269122
24,32,-16.27202742
24,34,-15.85442782
24,36,-15.4785142
24,38,-15.26565629
24,40,-15.06947188
24,42,-14.89568326
24,44,-14.89282256
24,46,-14.87556536
24,48,-14.83771472
24,50,-14.77442782
24,52,-14.70720518
24,54,-14.66608086
24,56,-14.64442421
24,58,-14.62776341
24,60,-14.77175707
24,62,-14.93970247
24,64,-15.05205467
24,66,-15.08860104
24,68,-15.11748018
24,70,-15.31033862
24,72,-15.47034717
24,74,-15.69033862
24,76,-15.99934512
24,78,-16.27477105
24,80,-17.05798826
24,82,-17.91918805
24,84,-18.4260255
24,86,-18.53696252
24,88,-18.60618474
24,90,-17.27064976
24,92,-16.14746536
24,94,-15.0280799
24,96,-13.92724489
24,98,-12.95320509
24,100,-12.16955213
24,102,-11.44568152
24,104,-10.87955301
24,106,-10.59246255
24,108,-10.31383476
24,110,-10.20889952
24,112,-10.2665742
24,114,-10.32563883
24,116,-10.44265491
24,118,-10.59764135
24,120,-10.76449235
24,122,-10.66108721
24,124,-10.31578025
24,126,-9.995639281
24,128,-9.681108814
24,130,-9.418079054
24,132,-9.176024721
24,134,-8.94635709
24,136,-8.893704409
24,138,-8.98428558
24,140,-9.063835588
24,142,-9.128871206
24,144,-9.159100424
24,146,-9.107754817
24,148,-9.061102492
24,150,-9.010878422
24,152,-8.966263135
24,154,-8.915677967
24,156,-8.87674288
24,158,-8.836605929
24,160,-8.805932548
24,162,-8.778337964
24,164,-8.76011423
24,166,-8.739886184
24,168,-8.709648937
24,170,-8.679311085
24,172,-8.669080867
24,174,-8.660338615
24,176,-8.643324868
24,178,-8.593872234
24,180,-8.548658372
24,182,-8.541998496
24,184,-8.530681482
24,186,-8.50405727
24,188,-8.459962246
24,190,-8.428611429
24,192,-8.403089066
24,194,-8.370442008
24,196,-8.33845708
24,198,-8.297233195
24,200,-8.269106429
24,202,-8.224426217
24,204,-8.181685082
24,206,-8.148175159
24,208,-8.16202575
24,210,-8.176498354
24,212,-8.194441664
24,214,-8.218470414
24,216,-8.238930974
24,218,-8.143534379
24,220,-8.020114021
24,222,-7.895679816
24,224,-7.775606315
24,226,-7.80555167
24,228,-8.030661128
24,230,-8.254799764
24,232,-8.504201819
24,234,-8.736146344
24,236,-8.963279274
24,238,-9.199919057
24,240,-9.3313583
24,242,-9.35674288
24,244,-9.39780545
24,246,-9.451823101
24,248,-9.531823101
24,250,-9.614235362
24,252,-9.844235362
24,254,-10.19275546
24,256,-10.55780545
24,258,-11.10117742
24,260,-11.73442833
24,262,-12.42765862
24,264,-13.23673094
24,266,-14.11893635
24,268,-14.93330731
24,270,-15.59939153
24,272,-16.24345678
24,274,-16.49513222
24,276,-16.72184192
24,278,-16.70645867
24,280,-16.40821053
24,282,-16.10775482
24,284,-16.04290765
24,286,-15.97163984
24,288,-16.07297551
24,290,-16.29633979
24,292,-16.49681579
24,294,-16.49214291
24,296,-16.49212328
24,298,-16.6178485
24,300,-16.80191444
24,302,-16.95620386
24,304,-17.39279418
24,306,-17.82655103
24,308,-18.38688846
24,310,-19.08505141
24,312,-19.77839277
24,314,-19.59498346
24,316,-19.09758465
24,318,-18.58757195
24,320,-18.13124387
24,322,-17.67865837
24,324,-17.23672579
24,326,-17.16309905
24,328,-17.17011691
24,330,-17.18869453
24,332,-17.23854179
24,334,-17.33898904
24,336,-17.44147074
24,338,-17.5426132
24,340,-17.70179205
24,342,-17.8374852
24,344,-17.97828961
24,346,-18.04592277
24,348,-18.07427198
24,350,-18.058449
24,352,-18.05530399
24,354,-18.12233039
24,356,-18.140644
24,358,-18.16450633
24,360,-18.23261204
26,0,-18.13168183
26,2,-18.15796305
26,4,-18.13880142
26,6,-18.16360496
26,8,-18.22910042
26,10,-18.18039416
26,12,-18.15444337
26,14,-18.06310243
26,16,-17.93845189
26,18,-17.76783252
26,20,-17.76675354
26,22,-17.7889873
26,24,-17.63827016
26,26,-17.5014791
26,28,-17.27774626
26,30,-16.9328092
26,32,-16.56608824
26,34,-16.20714902
26,36,-15.77570419
26,38,-15.33752605
26,40,-15.00350622
26,42,-14.83168183
26,44,-14.67254583
26,46,-14.62163913
26,48,-14.62086915
26,50,-14.59565629
26,52,-14.60798127
26,54,-14.61341913
26,56,-14.65564086
26,58,-14.73406629
26,60,-14.86878538
26,62,-15.11276015
26,64,-15.34981461
26,66,-15.45918805
26,68,-15.55862485
26,70,-15.768449
26,72,-15.99044635
26,74,-16.23034717
26,76,-16.53893635
26,78,-16.86265057
26,80,-17.56934512
26,82,-18.35370111
26,84,-18.34530399
26,86,-18.17175707
26,88,-17.35223985
26,90,-16.07969112
26,92,-14.94317659
26,94,-13.78739555
26,96,-12.78087842
26,98,-11.99233777
26,100,-11.28717237
26,102,-10.72901812
26,104,-10.43813182
26,106,-10.15483263
26,108,-10.14512961
26,110,-10.20351063
26,112,-10.27408723
26,114,-10.42584286
26,116,-10.58822039
26,118,-10.53657598
26,120,-10.17026773
26,122,-9.833508404
26,124,-9.52342333
26,126,-9.237004195
26,128,-8.962492609
26,130,-8.794647601
26,132,-8.900522276
26,134,-9.010585035
26,136,-9.130112301
26,138,-9.096151809
26,140,-9.028202197
26,142,-8.976428281
26,144,-8.896273034
26,146,-8.825656289
26,148,-8.767068081
26,150,-8.734082384
26,152,-8.708203926
26,154,-8.684266035
26,156,-8.648664991
26,158,-8.559619884
26,160,-8.47864063
26,162,-8.411812482
26,164,-8.350751189
26,166,-8.304284412
26,168,-8.24265057
26,170,-8.197765959
26,172,-8.159607878
26,174,-8.132868061
26,176,-8.103692393
26,178,-8.054935591
26,180,-7.998158435
26,182,-7.975072821
26,184,-7.949718281
26,186,-7.949787503
26,188,-7.965705721
26,190,-7.97064849
26,192,-7.963499263
26,194,-7.97317523
26,196,-7.987580344
26,198,-8.005432411
26,200,-8.045925566
26,202,-8.090645753
26,204,-8.142420464
26,206,-8.143543728
26,208,-8.105950299
26,210,-8.070526614
26,212,-8.041848124
26,214,-8.00714731
26,216,-7.985898437
26,218,-7.985696845
26,220,-7.997084574
26,222,-8.011657763
26,224,-7.97681409
26,226,-7.844564355
26,228,-7.706808882
26,230,-7.566089019
26,232,-7.712421264
26,234,-7.966945016
26,236,-8.240867196
26,238,-8.524690443
26,240,-8.803503745
26,242,-9.084266035
26,244,-9.223450922
26,246,-9.265017301
26,248,-9.3187741
26,250,-9.442755278
26,252,-9.594406337
26,254,-9.814009576
26,256,-10.20725514
26,258,-10.60797626
26,260,-11.20148749
26,262,-11.94070205
26,264,-12.76007052
26,266,-13.65156445
26,268,-14.6407465
26,270,-15.39061614
26,272,-16.09765862
26,274,-16.56350622
26,276,-16.77094978
26,278,-16.89339949
26,280,-16.60298435
26,282,-16.30308598
26,284,-16.23713618
26,286,-16.19731759
26,288,-16.31233777
26,290,-16.52529726
26,292,-16.67212328
26,294,-16.65569241
26,296,-16.61628695
26,298,-16.77070205
26,300,-16.86105513
26,302,-17.24020901
26,304,-17.71696252
26,306,-18.27055201
26,308,-19.0722701
26,310,-19.91908087
26,312,-19.7472164
26,314,-19.39666117
26,316,-18.95175707
26,318,-18.30112956
26,320,-17.6518231
26,322,-17.40665484
26,324,-17.37106851
26,326,-17.31641094
26,328,-17.32075119
26,330,-17.3743796
26,332,-17.48365754
26,334,-17.63504773
26,336,-17.77925018
26,338,-17.85263129
26,340,-17.90569771
26,342,-17.91568178
26,344,-17.88287548
26,346,-17.94507889
26,348,-17.95265057
26,350,-17.90000179
26,352,-17.87860104
26,354,-17.91257848
26,356,-17.96480376
26,358,-18.04638591
26,360,-18.13168183
28,0,-18.40502997
28,2,-18.5530939
28,4,-18.6679299
28,6,-18.68442563
28,8,-18.67878538
28,10,-18.66068148
28,12,-18.62796835
28,14,-18.45645866
28,16,-18.14350374
28,18,-17.80594929
28,20,-17.67564086
28,22,-17.50839883
28,24,-17.22638261
28,26,-17.01836507
28,28,-16.96817681
28,30,-16.90273787
28,32,-16.73486652
28,34,-16.40830067
28,36,-16.08214291
28,38,-15.70420341
28,40,-15.22796305
28,42,-14.73079162
28,44,-14.57099708
28,46,-14.43927981
28,48,-14.43746536
28,50,-14.50035197
28,52,-14.53815342
28,54,-14.61592707
28,56,-14.69723473
28,58,-14.85572933
28,60,-14.98862485
28,62,-15.3130939
28,64,-15.67757008
28,66,-15.87741538
28,68,-16.01275546
28,70,-16.22982767
28,72,-16.47011423
28,74,-16.71100537
28,76,-16.99020901
28,78,-17.30815844
28,80,-17.82758465
28,82,-18.26530399
28,84,-17.88239612
28,86,-17.54112956
28,88,-16.12532491
28,90,-14.91099708
28,92,-13.7664579
28,94,-12.72160847
28,96,-11.89261204
28,98,-11.2155525
28,100,-10.67058885
28,102,-10.35778197
28,104,-10.05868572
28,106,-10.07319583
28,108,-10.13886635
28,110,-10.22905368
28,112,-10.38159285
28,114,-10.54160837
28,116,-10.14379459
28,118,-9.746932139
28,120,-9.395127286
28,122,-9.096345315
28,124,-8.820811288
28,126,-8.722587791
28,128,-8.822795443
28,130,-8.930587099
28,132,-8.972612333
28,134,-8.881848969
28,136,-8.785950299
28,138,-8.706383433
28,140,-8.616273813
28,142,-8.555654779
28,144,-8.504378135
28,146,-8.444080968
28,148,-8.339696113
28,150,-8.251155262
28,152,-8.161357616
28,154,-8.083517131
28,156,-7.997929138
28,158,-7.951239637
28,160,-7.887716428
28,162,-7.827716428
28,164,-7.771292831
28,166,-7.717657963
28,168,-7.672754157
28,170,-7.645820023
28,172,-7.61223922
28,174,-7.558169512
28,176,-7.514786202
28,178,-7.477568919
28,180,-7.438693409
28,182,-7.426661172
28,184,-7.4179299
28,186,-7.420001787
28,188,-7.436962522
28,190,-7.442200252
28,192,-7.450113647
28,194,-7.457913158
28,196,-7.476197815
28,198,-7.491044731
28,200,-7.515535281
28,202,-7.548660257
28,204,-7.592432504
28,206,-7.653401274
28,208,-7.715691641
28,210,-7.795680988
28,212,-7.886087393
28,214,-7.98706111
28,216,-7.950394161
28,218,-7.915605471
28,220,-7.891804276
28,222,-7.862736166
28,224,-7.871804276
28,226,-7.880891554
28,228,-7.865473787
28,230,-7.760661128
28,232,-7.597629144
28,234,-7.427350139
28,236,-7.489363191
28,238,-7.790883558
28,240,-8.108987578
28,242,-8.417677902
28,244,-8.733151129
28,246,-9.060701087
28,248,-9.15672579
28,250,-9.273377491
28,252,-9.422628444
28,254,-9.60810412
28,256,-9.813872234
28,258,-10.25616675
28,260,-10.70735261
28,262,-11.42250488
28,264,-12.28866499
28,266,-13.21064976
28,268,-14.21757008
28,270,-15.2579299
28,272,-15.97810412
28,274,-16.66278951
28,276,-16.82269015
28,278,-16.96724489
28,280,-16.75731513
28,282,-16.46499962
28,284,-16.38350374
28,286,-16.39543314
28,288,-16.53834973
28,290,-16.77752605
28,292,-16.88327927
28,294,-16.82866096
28,296,-16.83431568
28,298,-16.94344307
28,300,-17.02695004
28,302,-17.50665484
28,304,-17.980644
28,306,-18.89349992
28,308,-19.86315113
28,310,-19.97797626
28,312,-19.75895032
28,314,-19.25480376
28,316,-18.51408238
28,318,-17.83898904
28,320,-17.61406629
28,322,-17.40854179
28,324,-17.37033862
28,326,-17.41112956
28,328,-17.43565629
28,330,-17.65568152
28,332,-17.86324277
28,334,-17.99267695
28,336,-17.95893529
28,338,-17.87714902
28,340,-17.83478127
28,342,-17.8505448
28,344,-17.82442833
28,346,-17.77148749
28,348,-17.82485089
28,350,-17.85959349
28,352,-17.93257848
28,354,-18.02024765
28,356,-18.13810412
28,358,-18.27805145
28,360,-18.40502997
30,0,-18.47248872
30,2,-18.8264579
30,4,-19.01780545
30,6,-19.24122397
30,8,-19.4318645
30,10,-19.38908087
30,12,-19.41340465
30,14,-19.25399513
30,16,-18.92633016
30,18,-18.58498346
30,20,-18.24075119
30,22,-17.72400958
30,24,-17.24079519
30,26,-16.99797626
30,28,-16.74340776
30,30,-16.42454104
30,32,-16.41094978
30,34,-16.38625938
30,36,-16.17016872
30,38,-15.8662426
30,40,-15.49839883
30,42,-15.03307595
30,44,-14.59480376
30,46,-14.45750814
30,48,-14.35070109
30,50,-14.39369583
30,52,-14.46057054
30,54,-14.55442762
30,56,-14.6943796
30,58,-14.87069059
30,60,-15.07049892
30,62,-15.40202366
30,64,-15.88865837
30,66,-16.23114191
30,68,-16.45950468
30,70,-16.68871094
30,72,-16.87105573
30,74,-17.06934512
30,76,-17.32682516
30,78,-17.54506223
30,80,-17.77926255
30,82,-17.68498346
30,84,-17.16242495
30,86,-16.27037312
30,88,-14.98130138
30,90,-13.83018032
30,92,-12.76686795
30,94,-11.87473995
30,96,-11.18278646
30,98,-10.55847214
30,100,-10.26357778
30,102,-9.967706299
30,104,-9.973411339
30,106,-9.99212392
30,108,-10.08750508
30,110,-10.25356404
30,112,-10.21105756
30,114,-9.784832632
30,116,-9.383692273
30,118,-9.045687973
30,120,-8.732205251
30,122,-8.565800696
30,124,-8.660523162
30,126,-8.749208377
30,128,-8.736727932
30,130,-8.643401217
30,132,-8.555950299
30,134,-8.434282465
30,136,-8.307316806
30,138,-8.205654779
30,140,-8.115758871
30,142,-7.997244165
30,144,-7.878485671
30,146,-7.768816486
30,148,-7.687394836
30,150,-7.629014006
30,152,-7.560441275
30,154,-7.489894213
30,156,-7.418189879
30,158,-7.37539352
30,160,-7.328412034
30,162,-7.267243439
30,164,-7.21453961
30,166,-7.156698643
30,168,-7.108202558
30,170,-7.071292164
30,172,-7.031821802
30,174,-6.983695832
30,176,-6.942577266
30,178,-6.934283245
30,180,-6.917479059
30,182,-6.896659553
30,184,-6.867583614
30,186,-6.864933084
30,188,-6.866961991
30,190,-6.885501979
30,192,-6.911142266
30,194,-6.91865718
30,196,-6.944336938
30,198,-6.971630224
30,200,-6.998820181
30,202,-7.057958212
30,204,-7.118709576
30,206,-7.166457194
30,208,-7.203504771
30,210,-7.254689703
30,212,-7.313440125
30,214,-7.407905183
30,216,-7.539855115
30,218,-7.686247913
30,220,-7.843760141
30,222,-7.875950299
30,224,-7.853364761
30,226,-7.817059449
30,228,-7.796808054
30,230,-7.785342616
30,232,-7.76982295
30,234,-7.672413186
30,236,-7.476943449
30,238,-7.303218348
30,240,-7.440736014
30,242,-7.755206404
30,244,-8.078612126
30,246,-8.462755462
30,248,-8.870795186
30,250,-9.096551034
30,252,-9.226243155
30,254,-9.397862369
30,256,-9.637591355
30,258,-9.895503639
30,260,-10.4183628
30,262,-10.96075119
30,264,-11.80817075
30,266,-12.77716348
30,268,-13.81369583
30,270,-14.95676139
30,272,-15.88908087
30,274,-16.65744456
30,276,-17.03866499
30,278,-17.15086828
30,280,-17.02927981
30,282,-16.7150173
30,284,-16.56593255
30,286,-16.57117742
30,288,-16.73018032
30,290,-17.03866096
30,292,-17.16188025
30,294,-17.07961988
30,296,-17.08044635
30,298,-17.10337749
30,300,-17.28732094
30,302,-17.68248872
30,304,-18.35482349
30,306,-19.37291227
30,308,-20.02187369
30,310,-20.01270829
30,312,-19.66815342
30,314,-18.76838589
30,316,-17.98595195
30,318,-17.70608983
30,320,-17.45568326
30,322,-17.40917929
30,324,-17.33497549
30,326,-17.50866096
30,328,-17.84721428
30,330,-17.99850404
30,332,-18.05312866
30,334,-18.09828117
30,336,-18.05887341
30,338,-17.87474233
30,340,-17.70993489
30,342,-17.59469192
30,344,-17.47947188
30,346,-17.41905455
30,348,-17.44389595
30,350,-17.52041261
30,352,-17.66540052
30,354,-17.83147074
30,356,-18.01842826
30,358,-18.32556887
30,360,-18.47248872
32,0,-18.08235184
32,2,-18.29231282
32,4,-18.69839277
32,6,-18.99874655
32,8,-19.30011691
32,10,-19.50395713
32,12,-19.6879299
32,14,-19.78419885
32,16,-19.89032414
32,18,-19.59533853
32,20,-19.03506223
32,22,-18.42970247
32,24,-17.87202366
32,26,-17.29874655
32,28,-16.69419885
32,30,-16.46553206
32,32,-16.19049892
32,34,-16.07005552
32,36,-16.04153539
32,38,-15.8882899
32,40,-15.60796305
32,42,-15.31724596
32,44,-14.83693912
32,46,-14.40865837
32,48,-14.36810412
32,50,-14.36220137
32,52,-14.49181248
32,54,-14.55780545
32,56,-14.78499962
32,58,-15.0005448
32,60,-15.22895032
32,62,-15.51882764
32,64,-16.10959349
32,66,-16.56235184
32,68,-16.87168658
32,70,-17.10442421
32,72,-17.19927981
32,74,-17.28269485
32,76,-17.38860104
32,78,-17.38055201
32,80,-17.35403469
32,82,-16.8722641
32,84,-16.31882148
32,86,-15.05454425
32,88,-13.83057054
32,90,-12.78408238
32,92,-11.8568552
32,94,-11.1760092
32,96,-10.54873455
32,98,-10.22402478
32,100,-9.9177563
32,102,-9.883009219
32,104,-9.883884197
32,106,-9.971910049
32,108,-10.10066308
32,110,-9.900695575
32,112,-9.450208079
32,114,-9.043380013
32,116,-8.710776195
32,118,-8.399016355
32,120,-8.487707683
32,122,-8.581844124
32,124,-8.558094642
32,126,-8.435716859
32,128,-8.327059449
32,130,-8.177963669
32,132,-8.022910714
32,134,-7.870748124
32,136,-7.717963054
32,138,-7.585759606
32,140,-7.449978151
32,142,-7.353102688
32,144,-7.27834898
32,146,-7.207135421
32,148,-7.141627755
32,150,-7.081828048
32,152,-7.018489562
32,154,-6.957367121
32,156,-6.890265294
32,158,-6.851423411
32,160,-6.88073676
32,162,-6.892706837
32,164,-6.88991764
32,166,-6.893299308
32,168,-6.891300043
32,170,-6.880068589
32,172,-6.872423711
32,174,-6.852792978
32,176,-6.838102966
32,178,-6.834424521
32,180,-6.832269573
32,182,-6.82986164
32,184,-6.823403164
32,186,-6.794996106
32,188,-6.768876982
32,190,-6.75232923
32,192,-6.740749993
32,194,-6.714336938
32,196,-6.667974989
32,198,-6.622311517
32,200,-6.567966349
32,202,-6.512788147
32,204,-6.537289907
32,206,-6.605290225
32,208,-6.664422773
32,210,-6.744505603
32,212,-6.847066618
32,214,-6.945392777
32,216,-7.040949631
32,218,-7.128288397
32,220,-7.242694203
32,222,-7.420646528
32,224,-7.63316229
32,226,-7.852413186
32,228,-7.81016711
32,230,-7.781469124
32,232,-7.759107927
32,234,-7.706428281
32,236,-7.646851877
32,238,-7.528398057
32,240,-7.337847744
32,242,-7.169470408
32,244,-7.500243938
32,246,-7.848822273
32,248,-8.266225899
32,250,-8.734787404
32,252,-9.084983461
32,254,-9.273307314
32,256,-9.480274821
32,258,-9.764295505
32,260,-10.09502997
32,262,-10.67805145
32,264,-11.30651566
32,266,-12.31126542
32,268,-13.43117742
32,270,-14.56741538
32,272,-15.79260799
32,274,-16.52524643
32,276,-17.1753916
32,278,-17.27428441
32,280,-17.258449
32,282,-16.91105513
32,284,-16.67887809
32,286,-16.71744456
32,288,-16.91508987
32,290,-17.33741538
32,292,-17.51181248
32,294,-17.44748018
32,296,-17.40958793
32,298,-17.2645077
32,300,-17.47736867
32,302,-17.7411232
32,304,-18.64310236
32,306,-19.69934739
32,308,-19.98039416
32,310,-20.15050855
32,312,-19.2502274
32,314,-18.32685696
32,316,-17.82126894
32,318,-17.37540052
32,320,-17.33969751
32,322,-17.26286806
32,324,-17.57982767
32,326,-17.95030978
32,328,-18.10506112
32,330,-18.26844436
32,332,-18.40623978
32,334,-18.14828961
32,336,-17.86614634
32,338,-17.55511299
32,340,-17.35395126
32,342,-17.16887341
32,344,-17.01027515
32,346,-16.99065188
32,348,-17.04381389
32,350,-17.10844436
32,352,-17.25017929
32,354,-17.46024032
32,356,-17.65354536
32,358,-17.81257934
32,360,-18.08235184
34,0,-17.30260799
34,2,-17.58926255
34,4,-17.92815844
34,6,-18.24233039
34,8,-18.50347578
34,10,-18.94624058
34,12,-19.36163149
34,14,-19.74582081
34,16,-19.89279418
34,18,-19.86332487
34,20,-19.77034717
34,22,-19.44786237
34,24,-18.73265057
34,26,-17.91744456
34,28,-17.2522701
34,30,-16.63286806
34,32,-16.20126195
34,34,-15.9411952
34,36,-15.73497549
34,38,-15.77582131
34,40,-15.69422573
34,42,-15.47952453
34,44,-15.23117742
34,46,-14.74432299
34,48,-14.44418007
34,50,-14.45926255
34,52,-14.55874655
34,54,-14.69466572
34,56,-14.92070205
34,58,-15.1770546
34,60,-15.45279418
34,62,-15.73530399
34,64,-16.40892595
34,66,-16.91564086
34,68,-17.17798127
34,70,-17.34840821
34,72,-17.35317659
34,74,-17.3350173
34,76,-17.29757008
34,78,-17.00567877
34,80,-16.70046921
34,82,-16.02148749
34,84,-15.20130138
34,86,-13.92443205
34,88,-12.84882435
34,90,-11.9407447
34,92,-11.20649627
34,94,-10.58999381
34,96,-10.1774852
34,98,-9.874441874
34,100,-9.787175031
34,102,-9.787567179
34,104,-9.836718875
34,106,-9.934503502
34,108,-9.633181679
34,110,-9.175764528
34,112,-8.780775296
34,114,-8.424896653
34,116,-8.250091684
34,118,-8.347483465
34,120,-8.437585854
34,122,-8.280845393
34,124,-8.135550836
34,126,-7.968576653
34,128,-7.803417563
34,130,-7.632694961
34,132,-7.450525221
34,134,-7.267775362
34,136,-7.121685123
34,138,-7.025640862
34,140,-6.914738429
34,142,-6.799363191
34,144,-6.7669458
34,146,-6.71735093
34,148,-6.65827646
34,150,-6.656008407
34,152,-6.68771393
34,154,-6.72709459
34,156,-6.747524527
34,158,-6.767961567
34,160,-6.799014006
34,162,-6.835291637
34,164,-6.86329862
34,166,-6.877929138
34,168,-6.904235362
34,170,-6.925016676
34,172,-6.948623644
34,174,-6.965937867
34,176,-6.964291515
34,178,-6.968935273
34,180,-6.973956103
34,182,-6.959700948
34,184,-6.938157907
34,186,-6.906024401
34,188,-6.876734012
34,190,-6.841563865
34,192,-6.810099293
34,194,-6.771127672
34,196,-6.724234068
34,198,-6.671261168
34,200,-6.588201873
34,202,-6.501637026
34,204,-6.445947864
34,206,-6.395206404
34,208,-6.315104945
34,210,-6.232487235
34,212,-6.253277781
34,214,-6.370948278
34,216,-6.48845708
34,218,-6.628437693
34,220,-6.750949027
34,222,-6.863278527
34,224,-7.012081907
34,226,-7.228436944
34,228,-7.479053025
34,230,-7.774185487
34,232,-7.783887514
34,234,-7.746080078
34,236,-7.718259496
34,238,-7.651627755
34,240,-7.577905949
34,242,-7.393401274
34,244,-7.210867694
34,246,-7.357001683
34,248,-7.708202558
34,250,-8.145324911
34,252,-8.680751189
34,254,-9.13442563
34,256,-9.340338615
34,258,-9.578551397
34,260,-9.918158435
34,262,-10.35960788
34,264,-10.97695004
34,266,-11.77070109
34,268,-12.93128621
34,270,-14.1377171
34,272,-15.42776341
34,274,-16.46024765
34,276,-17.22931108
34,278,-17.47951829
34,280,-17.51986364
34,282,-17.14758465
34,284,-16.78033862
34,286,-16.82516584
34,288,-16.99666117
34,290,-17.46624315
34,292,-17.70309905
34,294,-17.67524643
34,296,-17.68725514
34,298,-17.54191607
34,300,-17.67430636
34,302,-17.84743702
34,304,-18.8689873
34,306,-19.71550351
34,308,-20.15964328
34,310,-19.81131442
34,312,-18.78211048
34,314,-18.02493055
34,316,-17.41531291
34,318,-17.23341913
34,320,-17.0699709
34,322,-17.41958793
34,324,-17.89797858
34,326,-18.32101006
34,328,-18.67444337
34,330,-18.61595195
34,332,-18.25257934
34,334,-17.85044274
34,336,-17.44880142
34,338,-17.11241399
34,340,-16.8624676
34,342,-16.73506112
34,344,-16.60711915
34,346,-16.55937939
34,348,-16.60216318
34,350,-16.63081311
34,352,-16.67694734
34,354,-16.76168671
34,356,-16.93989421
34,358,-17.0812625
34,360,-17.30260799
36,0,-17.06103411
36,2,-17.25369239
36,4,-17.53370111
36,6,-17.85997736
36,8,-18.18129417
36,10,-18.46950468
36,12,-18.7670031
36,14,-18.9811569
36,16,-19.26130138
36,18,-19.52483836
36,20,-19.69124387
36,22,-19.57493559
36,24,-19.38387223
36,26,-18.78593255
36,28,-17.970644
36,30,-17.11070205
36,32,-16.43347578
36,34,-15.91741538
36,36,-15.74105513
36,38,-15.60882764
36,40,-15.65616675
36,42,-15.56982767
36,44,-15.39068148
36,46,-15.04798826
36,48,-14.6072164
36,50,-14.59493559
36,52,-14.68162092
36,54,-14.90502997
36,56,-15.11672579
36,58,-15.41528139
36,60,-15.71655103
36,62,-15.98633016
36,64,-16.63381509
36,66,-17.11943993
36,68,-17.37290765
36,70,-17.41289176
36,72,-17.21340776
36,74,-17.07892595
36,76,-16.87616675
36,78,-16.41963768
36,80,-15.87007052
36,82,-15.1877171
36,84,-14.12674288
36,86,-12.98638591
36,88,-12.0564579
36,90,-11.2463439
36,92,-10.6760092
36,94,-10.1780441
36,96,-9.866867126
36,98,-9.682957139
36,100,-9.644366151
36,102,-9.678046129
36,104,-9.750263756
36,106,-9.433239084
36,108,-8.929688572
36,110,-8.534798622
36,112,-8.174286447
36,114,-8.123073258
36,116,-8.230225685
36,118,-8.196338095
36,120,-8.033656706
36,122,-7.851941153
36,124,-7.64525812
36,126,-7.466154754
36,128,-7.270875433
36,130,-7.071685123
36,132,-6.898151968
36,134,-6.778189879
36,136,-6.654298217
36,138,-6.572890213
36,140,-6.510506973
36,142,-6.442420464
36,144,-6.450421359
36,146,-6.498277256
36,148,-6.543604166
36,150,-6.571263943
36,152,-6.609363191
36,154,-6.669933368
36,156,-6.733085232
36,158,-6.772707564
36,160,-6.747000975
36,162,-6.703297932
36,164,-6.647967016
36,166,-6.593617053
36,168,-6.553744205
36,170,-6.522755278
36,172,-6.519178133
36,174,-6.50547238
36,176,-6.468934809
36,178,-6.453690879
36,180,-6.444934084
36,182,-6.454521704
36,184,-6.468744549
36,186,-6.487477937
36,188,-6.489178133
36,190,-6.488784182
36,192,-6.504336322
36,194,-6.530649123
36,196,-6.584234068
36,198,-6.621044731
36,200,-6.653813739
36,202,-6.644997548
36,204,-6.55991764
36,206,-6.457977135
36,208,-6.344691182
36,210,-6.233356872
36,212,-6.160273467
36,214,-6.08191455
36,216,-5.999053025
36,218,-5.999526699
36,220,-6.155417788
36,222,-6.325926317
36,224,-6.508190625
36,226,-6.676343165
36,228,-6.853504771
36,230,-7.123505495
36,232,-7.438976946
36,234,-7.740244232
36,236,-7.720948278
36,238,-7.717524527
36,240,-7.660544401
36,242,-7.580877675
36,244,-7.448411299
36,246,-7.268484952
36,248,-7.281638431
36,250,-7.659960889
36,252,-8.117763414
36,254,-8.712456991
36,256,-9.214097334
36,258,-9.453443072
36,260,-9.763093901
36,262,-10.15696252
36,264,-10.69759136
36,266,-11.378449
36,268,-12.40624058
36,270,-13.70499962
36,272,-15.00504458
36,274,-16.420644
36,276,-17.17679744
36,278,-17.6918645
36,280,-17.62963473
36,282,-17.31056878
36,284,-16.82959349
36,286,-16.87337749
36,288,-17.07241171
36,290,-17.60286806
36,292,-17.93033862
36,294,-17.96539622
36,296,-17.92567797
36,298,-17.64873455
36,300,-17.7557668
36,302,-18.0382501
36,304,-19.01318041
36,306,-19.7838062
36,308,-20.37220706
36,310,-19.44804037
36,312,-18.47694257
36,314,-17.67714357
36,316,-17.12028878
36,318,-16.8930905
36,320,-17.18996748
36,322,-17.86374545
36,324,-18.41539501
36,326,-18.96624872
36,328,-18.93257934
36,330,-18.5564579
36,332,-18.06164007
36,334,-17.52024537
36,336,-17.07027422
36,338,-16.7928136
36,340,-16.56932516
36,342,-16.47300147
36,344,-16.38694257
36,346,-16.25892793
36,348,-16.28087751
36,350,-16.37969038
36,352,-16.425328
36,354,-16.559108
36,356,-16.63307595
36,358,-16.84528139
36,360,-17.06103411
38,0,-17.17309905
38,2,-17.33696252
38,4,-17.65865837
38,6,-17.90380193
38,8,-18.18573671
38,10,-18.42168658
38,12,-18.71423406
38,14,-18.82626314
38,16,-19.0364579
38,18,-19.03598379
38,20,-19.11181248
38,22,-19.29055201
38,24,-19.26205467
38,26,-18.98997736
38,28,-18.58499962
38,30,-17.69724489
38,32,-16.8784135
38,34,-16.19392614
38,36,-15.6913583
38,38,-15.49570572
38,40,-15.49286806
38,42,-15.60239612
38,44,-15.54798826
38,46,-15.41233039
38,48,-14.98011691
38,50,-14.80502997
38,52,-14.91673514
38,54,-15.1230939
38,56,-15.32442563
38,58,-15.68056878
38,60,-15.99332487
38,62,-16.24988618
38,64,-16.87724596
38,66,-17.31052828
38,68,-17.4945652
38,70,-17.29694658
38,72,-16.83950468
38,74,-16.70315113
38,76,-16.35528139
38,78,-15.7462259
38,80,-15.05114191
38,82,-14.34018032
38,84,-13.20278951
38,86,-12.21882435
38,88,-11.3830905
38,90,-10.73321911
38,92,-10.17920311
38,94,-9.868790619
38,96,-9.598987296
38,98,-9.556622923
38,100,-9.545932397
38,102,-9.575892523
38,104,-9.275342507
38,106,-8.76843791
38,108,-8.363985344
38,110,-8.00714731
38,112,-8.014831474
38,114,-8.114828926
38,116,-8.001381056
38,118,-7.826808054
38,120,-7.636019947
38,122,-7.419600357
38,124,-7.195957965
38,126,-6.978151968
38,128,-6.786866507
38,130,-6.661606998
38,132,-6.530883558
38,134,-6.411872923
38,136,-6.3247797
38,138,-6.268061793
38,140,-6.312158891
38,142,-6.350112217
38,144,-6.38943835
38,146,-6.449855115
38,148,-6.499512755
38,150,-6.553398717
38,152,-6.480273467
38,154,-6.380244232
38,156,-6.311761734
38,158,-6.248224537
38,160,-6.19504321
38,162,-6.167464042
38,164,-6.148924683
38,166,-6.098949702
38,168,-6.064321581
38,170,-6.046948472
38,172,-6.027589355
38,174,-6.011003841
38,176,-5.978825637
38,178,-5.955060227
38,180,-5.925512009
38,182,-5.90125995
38,184,-5.883322868
38,186,-5.8912413
38,188,-5.900907193
38,190,-5.920793787
38,192,-5.958169512
38,194,-6.003300598
38,196,-6.073618344
38,198,-6.140642029
38,200,-6.227715084
38,202,-6.291356931
38,204,-6.331638675
38,206,-6.362829552
38,208,-6.382874042
38,210,-6.377243439
38,212,-6.257663721
38,214,-6.130544401
38,216,-6.009554726
38,218,-5.914186256
38,220,-5.830243939
38,222,-5.749053787
38,224,-5.890748124
38,226,-6.097961567
38,228,-6.35975131
38,230,-6.598765988
38,232,-6.842544439
38,234,-7.159696113
38,236,-7.51991764
38,238,-7.747393406
38,240,-7.742706837
38,242,-7.731059978
38,244,-7.646285495
38,246,-7.525206404
38,248,-7.318637714
38,250,-7.256457965
38,252,-7.687715756
38,254,-8.178664991
38,256,-8.837988263
38,258,-9.373099046
38,260,-9.65452423
38,262,-10.00978017
38,264,-10.45418007
38,266,-11.09981461
38,268,-11.83508987
38,270,-13.16129417
38,272,-14.57006305
38,274,-16.01822666
38,276,-17.11406629
38,278,-17.91854179
38,280,-17.81582131
38,282,-17.50722556
38,284,-16.92278951
38,286,-16.83117742
38,288,-17.02485089
38,290,-17.61679744
38,292,-18.11079519
38,294,-18.26148749
38,296,-18.23418702
38,298,-17.93077799
38,300,-17.80576189
38,302,-18.07987406
38,304,-19.00920915
38,306,-19.87858836
38,308,-20.37990116
38,310,-19.20850404
38,312,-18.17743702
38,314,-17.25529246
38,316,-16.91960113
38,318,-16.79428879
38,320,-17.51478593
38,322,-18.27866499
38,324,-19.11176319
38,326,-19.34529164
38,328,-19.04483836
38,330,-18.37725514
38,332,-17.70854179
38,334,-17.25079162
38,336,-16.83340277
38,338,-16.64795895
38,340,-16.5342532
38,342,-16.43602746
38,344,-16.43026132
38,346,-16.39693309
38,348,-16.42404946
38,350,-16.45778197
38,352,-16.57430636
38,354,-16.65233777
38,356,-16.76128488
38,358,-16.92163149
38,360,-17.17309905
40,0,-17.25369239
40,2,-17.43090919
40,4,-17.74796021
40,6,-18.01729528
40,8,-18.25291227
40,10,-18.63529726
40,12,-18.87041261
40,14,-19.07478127
40,16,-19.05248872
40,18,-18.90427198
40,20,-18.84864063
40,22,-18.76996748
40,24,-18.82926255
40,26,-18.91279418
40,28,-18.62262939
40,30,-18.33191607
40,32,-17.42842826
40,34,-16.5760092
40,36,-15.89298435
40,38,-15.60350622
40,40,-15.42706886
40,42,-15.61100537
40,44,-15.64330731
40,46,-15.63958793
40,48,-15.30882764
40,50,-14.968449
40,52,-15.1622641
40,54,-15.42695004
40,56,-15.6372164
40,58,-15.97655888
40,60,-16.29369239
40,62,-16.53959349
40,64,-17.13291227
40,66,-17.42798522
40,68,-17.42623978
40,70,-16.96106422
40,72,-16.40731513
40,74,-16.19427198
40,76,-15.64130138
40,78,-14.97638591
40,80,-14.26115526
40,82,-13.38729129
40,84,-12.37504458
40,86,-11.58350374
40,88,-10.87897842
40,90,-10.33982407
40,92,-9.922467596
40,94,-9.591661792
40,96,-9.498038546
40,98,-9.436953441
40,100,-9.444925176
40,102,-9.212807399
40,104,-8.666499975
40,106,-8.238710747
40,108,-7.874563514
40,110,-7.920145838
40,112,-8.04176031
40,114,-7.873828705
40,116,-7.688203018
40,118,-7.501888758
40,120,-7.30615399
40,122,-7.014689703
40,124,-6.735929509
40,126,-6.597977858
40,128,-6.453704177
40,130,-6.32088431
40,132,-6.203397947
40,134,-6.136945016
40,136,-6.196258596
40,138,-6.232625782
40,140,-6.276257808
40,142,-6.313418348
40,144,-6.346079296
40,146,-6.250645753
40,148,-6.117906715
40,150,-6.013356119
40,152,-5.925759606
40,154,-5.837313703
40,156,-5.776413352
40,158,-5.734612587
40,160,-5.70295519
40,162,-5.746977852
40,164,-5.782423711
40,166,-5.797351222
40,168,-5.816729542
40,170,-5.846164752
40,172,-5.854973906
40,174,-5.836734711
40,176,-5.803322868
40,178,-5.780444348
40,180,-5.755028366
40,182,-5.714416563
40,184,-5.669999787
40,186,-5.625028366
40,188,-5.589605336
40,190,-5.564981461
40,192,-5.555049827
40,194,-5.526524595
40,196,-5.518761664
40,198,-5.54295519
40,200,-5.577657302
40,202,-5.657540468
40,204,-5.757054331
40,206,-5.880689193
40,208,-6.015735295
40,210,-6.104422773
40,212,-6.139014006
40,214,-6.155104945
40,216,-6.124690443
40,218,-5.985958715
40,220,-5.829526699
40,222,-5.695563832
40,224,-5.632338
40,226,-5.583203583
40,228,-5.760525221
40,230,-6.016285495
40,232,-6.293074529
40,234,-6.589523148
40,236,-6.897967016
40,238,-7.316383192
40,240,-7.722788147
40,242,-7.760689892
40,244,-7.834422773
40,246,-7.721681114
40,248,-7.618637003
40,250,-7.438613521
40,252,-7.364507704
40,254,-7.814613252
40,256,-8.368925955
40,258,-9.092607987
40,260,-9.583099046
40,262,-9.875513532
40,264,-10.30585701
40,266,-10.80239612
40,268,-11.5365266
40,270,-12.56349992
40,272,-14.01576108
40,274,-15.46564086
40,276,-16.98358033
40,278,-17.7645077
40,280,-18.0170546
40,282,-17.71758105
40,284,-17.07997888
40,286,-16.72543314
40,288,-16.92340776
40,290,-17.50099708
40,292,-18.14117742
40,294,-18.50466176
40,296,-18.54828961
40,298,-18.14577553
40,300,-17.8629285
40,302,-18.13038493
40,304,-18.9216081
40,306,-19.86807152
40,308,-20.03567611
40,310,-19.08075907
40,312,-17.94934739
40,314,-17.03462429
40,316,-16.63861352
40,318,-16.98810412
40,320,-17.78887809
40,322,-18.94697848
40,324,-19.69579893
40,326,-19.5553916
40,328,-19.00330731
40,330,-18.31126195
40,332,-17.70798826
40,334,-17.21275546
40,336,-17.00454104
40,338,-16.78826184
40,340,-16.77014668
40,342,-16.71824159
40,344,-16.75216756
40,346,-16.8311107
40,348,-16.75941417
40,350,-16.82221891
40,352,-16.87785566
40,354,-16.96440134
40,356,-17.0530905
40,358,-17.06079519
40,360,-17.25369239
42,0,-17.28815844
42,2,-17.44939153
42,4,-17.61423406
42,6,-17.91421721
42,8,-18.28082165
42,10,-18.72291233
42,12,-19.11017929
42,14,-19.25714902
42,16,-19.27602156
42,18,-19.1324325
42,20,-18.84854179
42,22,-18.59759136
42,24,-18.44926255
42,26,-18.45440634
42,28,-18.41392614
42,30,-18.32955626
42,32,-17.90706111
42,34,-17.04569771
42,36,-16.28336642
42,38,-15.64644035
42,40,-15.59989421
42,42,-15.62068148
42,44,-15.7472164
42,46,-15.80034717
42,48,-15.62820085
42,50,-15.21582081
42,52,-15.43423536
42,54,-15.7250173
42,56,-15.96567486
42,58,-16.32493559
42,60,-16.61100537
42,62,-16.74793048
42,64,-17.12658589
42,66,-17.20531268
42,68,-17.16182781
42,70,-16.4652597
42,72,-15.90626314
42,74,-15.60079162
42,76,-14.91422573
42,78,-14.22969751
42,80,-13.59940726
42,82,-12.63558211
42,84,-11.7476786
42,86,-11.05724596
42,88,-10.51321911
42,90,-10.03462429
42,92,-9.678096369
42,94,-9.46043913
42,96,-9.371606314
42,98,-9.34598886
42,100,-9.198989846
42,102,-8.638059243
42,104,-8.172736166
42,106,-7.792142075
42,108,-7.848524783
42,110,-7.990452213
42,112,-7.805950299
42,114,-7.615399706
42,116,-7.431993212
42,118,-7.212982838
42,120,-6.908151239
42,122,-6.653074529
42,124,-6.492431059
42,126,-6.326343165
42,128,-6.183356119
42,130,-6.054185487
42,132,-6.092546033
42,134,-6.155131443
42,136,-6.202910714
42,138,-6.229512755
42,140,-6.215115347
42,142,-6.013889062
42,144,-5.837233195
42,146,-5.698101717
42,148,-5.580442008
42,150,-5.488637003
42,152,-5.406413352
42,154,-5.419961568
42,156,-5.447845348
42,158,-5.471176761
42,160,-5.503498607
42,162,-5.580054214
42,164,-5.633800617
42,166,-5.683800617
42,168,-5.729689813
42,170,-5.760701404
42,172,-5.768925319
42,174,-5.762423577
42,176,-5.736183135
42,178,-5.704321396
42,180,-5.642626444
42,182,-5.598876647
42,184,-5.535673327
42,186,-5.469309085
42,188,-5.389309128
42,190,-5.321003374
42,192,-5.264424184
42,194,-5.186886032
42,196,-5.138391175
42,198,-5.117911378
42,200,-5.117505385
42,202,-5.149389535
42,204,-5.194542927
42,206,-5.259589534
42,208,-5.343407062
42,210,-5.499405852
42,212,-5.6716804
42,214,-5.86568182
42,216,-5.939014006
42,218,-5.948151968
42,220,-5.942706837
42,222,-5.816342429
42,224,-5.645922026
42,226,-5.508289151
42,228,-5.475815186
42,230,-5.442082646
42,232,-5.707977135
42,234,-6.042351135
42,236,-6.378708893
42,238,-6.740054214
42,240,-7.15660331
42,242,-7.597464042
42,244,-7.794064944
42,246,-7.881638675
42,248,-7.829696113
42,250,-7.744661064
42,252,-7.552628012
42,254,-7.502788147
42,256,-7.991043408
42,258,-8.614838359
42,260,-9.409634727
42,262,-9.841034108
42,264,-10.1622701
42,266,-10.62971828
42,268,-11.23466572
42,270,-12.02361963
42,272,-13.33731513
42,274,-14.85070368
42,276,-16.51339949
42,278,-17.6568552
42,280,-18.28340776
42,282,-17.81626314
42,284,-17.19845783
42,286,-16.55024547
42,288,-16.79834973
42,290,-17.24543314
42,292,-17.88991906
42,294,-18.49845783
42,296,-18.72153424
42,298,-18.31925627
42,300,-17.96367518
42,302,-18.22741658
42,304,-18.90480039
42,306,-19.95985523
42,308,-19.94430636
42,310,-19.05608824
42,312,-17.64920311
42,314,-16.86208412
42,316,-16.4599709
42,318,-17.24815844
42,320,-18.24869453
42,322,-19.62624058
42,324,-20.0860255
42,326,-19.91503037
42,328,-19.17744246
42,330,-18.44478593
42,332,-17.81695535
42,334,-17.58389067
42,336,-17.35070205
42,338,-17.28991906
42,340,-17.27614634
42,342,-17.37054799
42,344,-17.3917485
42,346,-17.36597937
42,348,-17.3874628
42,350,-17.34808091
42,352,-17.32934739
42,354,-17.30242206
42,356,-17.2370031
42,358,-17.19024765
42,360,-17.28815844
44,0,-17.47872197
44,2,-17.52746536
44,4,-17.63187369
44,6,-17.86717237
44,8,-18.20936215
44,10,-18.50315592
44,12,-18.88279722
44,14,-19.35569771
44,16,-19.47817681
44,18,-19.48282256
44,20,-19.14780545
44,22,-18.62655888
44,24,-18.26744246
44,26,-18.10485089
44,28,-18.16572933
44,30,-18.21615552
44,32,-18.08014668
44,34,-17.50506112
44,36,-16.70839178
44,38,-16.01223734
44,40,-15.79946137
44,42,-15.76901546
44,44,-15.93056878
44,46,-16.01330731
44,48,-15.9654735
44,50,-15.54295648
44,52,-15.70871094
44,54,-16.0677171
44,56,-16.42387223
44,58,-16.72330731
44,60,-16.8947874
44,62,-16.85282256
44,64,-17.00611255
44,66,-16.92894239
44,68,-16.6389327
44,70,-15.75289176
44,72,-15.29450633
44,74,-14.93940726
44,76,-14.29593094
44,78,-13.65128488
44,80,-12.93724596
44,82,-11.98940726
44,84,-11.24881791
44,86,-10.64160847
44,88,-10.19625938
44,90,-9.785475458
44,92,-9.461845873
44,94,-9.34843791
44,96,-9.267346732
44,98,-9.230821721
44,100,-8.657585854
44,102,-8.158042407
44,104,-7.768891374
44,106,-7.773760141
44,108,-7.949992984
44,110,-7.780115463
44,112,-7.601838697
44,114,-7.431706321
44,116,-7.183455283
44,118,-6.850245369
44,120,-6.625735295
44,122,-6.459651095
44,124,-6.263102688
44,126,-6.06845633
44,128,-6.055112233
44,130,-6.109526699
44,132,-6.141424174
44,134,-6.162577806
44,136,-6.14879988
44,138,-5.923398717
44,140,-5.709554726
44,142,-5.505925566
44,144,-5.314378135
44,146,-5.181533971
44,148,-5.151639372
44,150,-5.138202558
44,152,-5.134064944
44,154,-5.205535281
44,156,-5.280350581
44,158,-5.350543388
44,160,-5.421534682
44,162,-5.41991764
44,164,-5.398660257
44,166,-5.39499824
44,168,-5.389961568
44,170,-5.381044731
44,172,-5.378662991
44,174,-5.362423333
44,176,-5.346796045
44,178,-5.328102697
44,180,-5.291031661
44,182,-5.261647737
44,184,-5.224415073
44,186,-5.184611258
44,188,-5.11757042
44,190,-5.044095785
44,192,-4.968049448
44,194,-4.900764645
44,196,-4.840245651
44,198,-4.79466412
44,200,-4.75894793
44,202,-4.730648756
44,204,-4.744233362
44,206,-4.776937772
44,208,-4.817928806
44,210,-4.917650143
44,212,-5.055676564
44,214,-5.207313703
44,216,-5.393089066
44,218,-5.608484952
44,220,-5.782431059
44,222,-5.785206404
44,224,-5.767244523
44,226,-5.614504877
44,228,-5.435759606
44,230,-5.333102688
44,232,-5.326261686
44,234,-5.453075242
44,236,-5.806457269
44,238,-6.187319594
44,240,-6.587762119
44,242,-7.031631494
44,244,-7.525076968
44,246,-7.81660462
44,248,-7.958710259
44,250,-7.933924765
44,252,-7.827651457
44,254,-7.662788827
44,256,-7.704430703
44,258,-8.233151129
44,260,-8.949637683
44,262,-9.81106851
44,264,-10.11887809
44,266,-10.49105513
44,268,-10.97079519
44,270,-11.6922458
44,272,-12.66466176
44,274,-14.11556887
44,276,-15.71440134
44,278,-17.35070368
44,280,-18.19724596
44,282,-18.0343796
44,284,-17.40790748
44,286,-16.58771472
44,288,-16.53070368
44,290,-16.8585142
44,292,-17.55819137
44,294,-18.3504389
44,296,-18.84435646
44,298,-18.46683245
44,300,-17.9979207
44,302,-18.19331441
44,304,-18.8155525
44,306,-20.02377485
44,308,-19.96094517
44,310,-19.01295749
44,312,-17.58810323
44,314,-16.83086828
44,316,-16.64429319
44,318,-17.44344307
44,320,-18.78810412
44,322,-20.07124387
44,324,-20.63499664
44,326,-20.05963473
44,328,-19.31260799
44,330,-18.68695004
44,332,-18.41330731
44,334,-18.19970247
44,336,-17.99585701
44,338,-17.94679744
44,340,-18.09086828
44,342,-18.10840821
44,344,-18.19382957
44,346,-18.16513496
44,348,-18.09160722
44,350,-18.01599067
44,352,-17.85184587
44,354,-17.74094517
44,356,-17.54350622
44,358,-17.41400958
44,360,-17.47872197
46,0,-18.08507282
46,2,-18.18466572
46,4,-18.25094978
46,6,-18.28388753
46,8,-18.42879062
46,10,-18.6180441
46,12,-18.85828961
46,14,-19.11951432
46,16,-19.51208412
46,18,-19.59128488
46,20,-19.39697848
46,22,-18.92507282
46,24,-18.26663109
46,26,-17.92068148
46,28,-17.80235184
46,30,-18.07723473
46,32,-18.13388753
46,34,-17.88635888
46,36,-17.1132535
46,38,-16.37974285
46,40,-15.96709686
46,42,-15.91360496
46,44,-16.19099708
46,46,-16.29432299
46,48,-16.27676139
46,50,-15.85057054
46,52,-16.0324325
46,54,-16.47159779
46,56,-16.84242495
46,58,-17.02075119
46,60,-17.05461487
46,62,-16.89212328
46,64,-16.78706409
46,66,-16.53025348
46,68,-16.02165948
46,70,-15.09736867
46,72,-14.74248872
46,74,-14.28168658
46,76,-13.7268552
46,78,-13.1284135
46,80,-12.34407873
46,82,-11.51573671
46,84,-10.85686795
46,86,-10.36952822
46,88,-9.955704193
46,90,-9.572737871
46,92,-9.38170102
46,94,-9.266756949
46,96,-9.197854793
46,98,-8.757391873
46,100,-8.191381056
46,102,-7.786408845
46,104,-7.732906024
46,106,-7.934216395
46,108,-7.804215583
46,110,-7.634072616
46,112,-7.477316026
46,114,-7.223276289
46,116,-6.887001683
46,118,-6.660543388
46,120,-6.475947864
46,122,-6.228987578
46,124,-6.020525221
46,126,-6.048348233
46,128,-6.085957965
46,130,-6.123455283
46,132,-6.170950382
46,134,-5.915417788
46,136,-5.647135421
46,138,-5.423277781
46,140,-5.201761734
46,142,-5.042350429
46,144,-4.958822964
46,146,-4.893812442
46,148,-4.911356931
46,150,-4.968659555
46,152,-5.023089066
46,154,-5.034504877
46,156,-4.991685854
46,158,-4.965104945
46,160,-4.944378866
46,162,-4.928485671
46,164,-4.912688752
46,166,-4.915982474
46,168,-4.924055929
46,170,-4.945279392
46,172,-4.974008576
46,174,-4.989185633
46,176,-5.006241593
46,178,-5.012052674
46,180,-4.998550397
46,182,-4.994934084
46,184,-4.973992604
46,186,-4.93695344
46,188,-4.869343118
46,190,-4.801755067
46,192,-4.722693449
46,194,-4.650098684
46,196,-4.572423711
46,198,-4.488923955
46,200,-4.424233362
46,202,-4.37968912
46,204,-4.377463702
46,206,-4.374542254
46,208,-4.397715099
46,210,-4.439588534
46,212,-4.517650771
46,214,-4.628077895
46,216,-4.80645649
46,218,-4.985929509
46,220,-5.19128344
46,222,-5.43407729
46,224,-5.624422773
46,226,-5.607313703
46,228,-5.579696813
46,230,-5.405735295
46,232,-5.218765271
46,234,-5.225736005
46,236,-5.252689453
46,238,-5.618202558
46,240,-6.044614205
46,242,-6.498925319
46,244,-6.971222746
46,246,-7.49501605
46,248,-7.863449008
46,250,-8.051299377
46,252,-8.024064944
46,254,-7.940569191
46,256,-7.781141239
46,258,-7.960866962
46,260,-8.533619634
46,262,-9.352578475
46,264,-10.08106851
46,266,-10.40332487
46,268,-10.81798826
46,270,-11.31428879
46,272,-12.14191444
46,274,-13.39667923
46,276,-14.92178039
46,278,-16.67638261
46,280,-17.82073751
46,282,-18.24724596
46,284,-17.65024547
46,286,-16.76474233
46,288,-16.36735172
46,290,-16.55341913
46,292,-17.14269572
46,294,-17.99412902
46,296,-18.77058678
46,298,-18.49441999
46,300,-17.99615527
46,302,-18.11788949
46,304,-18.77826184
46,306,-19.99423406
46,308,-20.02335762
46,310,-19.09379269
46,312,-17.5013583
46,314,-16.79337749
46,316,-16.81533853
46,318,-17.68834545
46,320,-19.40477105
46,322,-20.68100537
46,324,-21.12695004
46,326,-20.37079519
46,328,-19.66959349
46,330,-19.19242495
46,332,-18.92582081
46,334,-18.77618474
46,336,-18.69918805
46,338,-18.85055201
46,340,-19.03744246
46,342,-19.14831605
46,344,-19.22407873
46,346,-19.16513222
46,348,-18.88896075
46,350,-18.70094517
46,352,-18.54711818
46,354,-18.38528452
46,356,-18.2262426
46,358,-18.02758105
46,360,-18.08507282
48,0,-19.11876379
48,2,-19.17387223
48,4,-19.13208412
48,6,-19.08461374
48,8,-18.99101037
48,10,-18.87027422
48,12,-18.8280799
48,14,-19.04330186
48,16,-19.27279418
48,18,-19.47834545
48,20,-19.51786237
48,22,-19.0411952
48,24,-18.43269485
48,26,-17.74443205
48,28,-17.66243148
48,30,-17.86050855
48,32,-18.2102937
48,34,-18.20976183
48,36,-17.60102784
48,38,-16.83157494
48,40,-16.18252972
48,42,-16.2272455
48,44,-16.44628695
48,46,-16.56593255
48,48,-16.60570572
48,50,-16.1870031
48,52,-16.36556536
48,54,-16.82556536
48,56,-17.21454638
48,58,-17.24579893
48,60,-17.08073751
48,62,-16.71560797
48,64,-16.41951809
48,66,-16.03735362
48,68,-15.32028878
48,70,-14.53951432
48,72,-14.25074963
48,74,-13.80233952
48,76,-13.26473995
48,78,-12.64592277
48,80,-11.85965254
48,82,-11.15006305
48,84,-10.55370491
48,86,-10.14608086
48,88,-9.731211094
48,90,-9.410075369
48,92,-9.288711606
48,94,-9.217306413
48,96,-8.932341955
48,98,-8.323827899
48,100,-7.871939517
48,102,-7.664072616
48,104,-7.925296449
48,106,-7.871007937
48,108,-7.709903789
48,110,-7.569512755
48,112,-7.310525965
48,114,-6.961636323
48,116,-6.726698643
48,118,-6.511156197
48,120,-6.213504771
48,122,-6.046342429
48,124,-6.066342429
48,126,-6.086342429
48,128,-6.121606998
48,130,-5.994690443
48,132,-5.730736014
48,134,-5.462082646
48,136,-5.18568182
48,138,-4.967677204
48,140,-4.862787868
48,142,-4.761299376
48,144,-4.755534645
48,146,-4.789696813
48,148,-4.80159564
48,150,-4.722430018
48,152,-4.647662979
48,154,-4.585638628
48,156,-4.541059978
48,158,-4.506260961
48,160,-4.485734715
48,162,-4.464997315
48,164,-4.437845019
48,166,-4.424802755
48,168,-4.426238583
48,170,-4.450466427
48,172,-4.472605572
48,174,-4.509343118
48,176,-4.553305314
48,178,-4.600273296
48,180,-4.655163839
48,182,-4.698549911
48,184,-4.715672393
48,186,-4.712075968
48,188,-4.689716713
48,190,-4.643317096
48,192,-4.570699087
48,194,-4.484848888
48,196,-4.390680482
48,198,-4.266937116
48,200,-4.164543709
48,202,-4.10351784
48,204,-4.075042578
48,206,-4.028822345
48,208,-4.020350664
48,210,-4.047289601
48,212,-4.101912133
48,214,-4.192543224
48,216,-4.306698743
48,218,-4.429695514
48,220,-4.611533103
48,222,-4.827245241
48,224,-5.08568182
48,226,-5.347394121
48,228,-5.472350429
48,230,-5.460350581
48,232,-5.369523148
48,234,-5.195580716
48,236,-5.130351276
48,238,-5.17504321
48,240,-5.484545039
48,242,-5.979690466
48,244,-6.458761284
48,246,-6.956729131
48,248,-7.528949088
48,250,-7.943694576
48,252,-8.147464042
48,254,-8.117958878
48,256,-8.027959543
48,258,-7.934264714
48,260,-8.285798926
48,262,-8.943450922
48,264,-9.847988263
48,266,-10.3783628
48,268,-10.70233039
48,270,-11.08528139
48,272,-11.74018032
48,274,-12.67834973
48,276,-14.10461374
48,278,-15.74480139
48,280,-17.34511299
48,282,-18.38553665
48,284,-17.72989421
48,286,-16.84388984
48,288,-16.10412902
48,290,-16.21106422
48,292,-16.72110249
48,294,-17.56126551
48,296,-18.66151538
48,298,-18.53481087
48,300,-18.11928226
48,302,-18.09550939
48,304,-18.59975204
48,306,-19.95018032
48,308,-20.17645866
48,310,-19.29861352
48,312,-17.64665484
48,314,-16.81027809
48,316,-16.96265057
48,318,-18.00344913
48,320,-19.93126542
48,322,-21.15641094
48,324,-21.33748018
48,326,-20.75679744
48,328,-20.05369583
48,330,-19.80129417
48,332,-19.70069059
48,334,-19.59593094
48,336,-19.81593094
48,338,-20.03278951
48,340,-20.10024765
48,342,-20.42241171
48,344,-20.34524643
48,346,-19.97666117
48,348,-19.61996748
48,350,-19.36839277
48,352,-19.24128488
48,354,-19.24711818
48,356,-19.2573158
48,358,-19.23212328
48,360,-19.11876379
50,0,-20.4845077
50,2,-20.2947874
50,4,-20.19985669
50,6,-19.95101006
50,8,-19.72054591
50,10,-19.48693912
50,12,-19.05409733
50,14,-18.97758465
50,16,-18.93497549
50,18,-19.14477105
50,20,-19.22679744
50,22,-19.02344913
50,24,-18.62454425
50,26,-17.89797858
50,28,-17.61880142
50,30,-17.66101037
50,32,-18.1440389
50,34,-18.3132145
50,36,-17.9288275
50,38,-17.16900075
50,40,-16.44572382
50,42,-16.55366393
50,44,-16.78388984
50,46,-16.91442833
50,48,-16.94982767
50,50,-16.43024572
50,52,-16.66638504
50,54,-17.1960092
50,56,-17.5470031
50,58,-17.3264579
50,60,-16.89540052
50,62,-16.38025348
50,64,-15.8892767
50,66,-15.41827016
50,68,-14.64202742
50,70,-14.07412902
50,72,-13.77649627
50,74,-13.3706473
50,76,-12.80482349
50,78,-12.15335762
50,80,-11.4507447
50,82,-10.80176319
50,84,-10.3678485
50,86,-9.976382614
50,88,-9.515475458
50,90,-9.330293696
50,92,-9.217170686
50,94,-9.136583375
50,96,-8.52194926
50,98,-8.010942727
50,100,-7.634360456
50,102,-7.894282465
50,104,-7.959902983
50,106,-7.847962863
50,108,-7.712610475
50,110,-7.453401274
50,112,-7.075676564
50,114,-6.830350581
50,116,-6.579696113
50,118,-6.237244523
50,120,-6.074505603
50,122,-6.07176246
50,124,-6.102431059
50,126,-6.142874042
50,128,-5.901761734
50,130,-5.635104945
50,132,-5.293089066
50,134,-4.988612126
50,136,-4.854430716
50,138,-4.718314051
50,140,-4.691299042
50,142,-4.667054018
50,144,-4.608224657
50,146,-4.505207127
50,148,-4.404232589
50,150,-4.337293803
50,152,-4.266342429
50,154,-4.203578327
50,156,-4.130196613
50,158,-4.067287601
50,160,-4.004064966
50,162,-3.956937459
50,164,-3.864802404
50,166,-3.795076533
50,168,-3.741630129
50,170,-3.723694832
50,172,-3.705820425
50,174,-3.724007576
50,176,-3.752792177
50,178,-3.799186046
50,180,-3.851241871
50,182,-3.902199365
50,184,-3.972052674
50,186,-4.047214403
50,188,-4.110322641
50,190,-4.159778169
50,192,-4.187589355
50,194,-4.200763645
50,196,-4.20009851
50,198,-4.194286793
50,200,-4.076604584
50,202,-3.96113958
50,204,-3.843924139
50,206,-3.741637728
50,208,-3.722349841
50,210,-3.715735005
50,212,-3.734538324
50,214,-3.798815913
50,216,-3.895734715
50,218,-4.014081091
50,220,-4.144080091
50,222,-4.301154904
50,224,-4.534537896
50,226,-4.79568182
50,228,-5.055947864
50,230,-5.32822595
50,232,-5.351913059
50,234,-5.354271307
50,236,-5.179960889
50,238,-5.060287059
50,240,-5.124635088
50,242,-5.40660462
50,244,-5.935077609
50,246,-6.444336938
50,248,-6.986513878
50,250,-7.598622435
50,252,-8.014850888
50,254,-8.294235362
50,256,-8.226605929
50,258,-8.166605929
50,260,-8.052311517
50,262,-8.636516139
50,264,-9.393745452
50,266,-10.30409152
50,268,-10.64011423
50,270,-10.98817075
50,272,-11.37317659
50,274,-12.16160847
50,276,-13.31842826
50,278,-14.76887341
50,280,-16.67880142
50,282,-17.78861352
50,284,-17.86115526
50,286,-17.13845783
50,288,-16.09936474
50,290,-15.9904389
50,292,-16.3016293
50,294,-16.92752605
50,296,-18.0955525
50,298,-18.38983227
50,300,-18.08414769
50,302,-17.91624287
50,304,-18.53235184
50,306,-19.80374545
50,308,-20.35582081
50,310,-19.68697848
50,312,-17.88695535
50,314,-16.91539622
50,316,-17.1250173
50,318,-18.36315113
50,320,-20.55104605
50,322,-21.80205467
50,324,-21.72872197
50,326,-21.11262844
50,328,-20.54126542
50,330,-20.57996225
50,332,-20.54819137
50,334,-20.6352597
50,336,-20.99645867
50,338,-21.28147074
50,340,-21.60667923
50,342,-21.74806338
50,344,-21.06936474
50,346,-20.49806338
50,348,-20.00638261
50,350,-19.87995903
50,352,-19.87970247
50,354,-20.17379269
50,356,-20.37792651
50,358,-20.51514743
50,360,-20.4845077
52,0,-21.44969112
52,2,-21.2064579
52,4,-20.79685696
52,6,-20.74773535
52,8,-20.58573671
52,10,-20.13893635
52,12,-19.66260799
52,14,-18.99028906
52,16,-18.61044274
52,18,-18.65344163
52,20,-18.86843844
52,22,-18.92310416
52,24,-18.53592277
52,26,-17.96839883
52,28,-17.56480139
52,30,-17.50528452
52,32,-18.06218023
52,34,-18.42844436
52,36,-18.26229003
52,38,-17.50936808
52,40,-16.74440396
52,42,-16.84479826
52,44,-17.13720518
52,46,-17.29254583
52,48,-17.24796835
52,50,-16.7406473
52,52,-17.10773535
52,54,-17.61163984
52,56,-17.76379269
52,58,-17.27379269
52,60,-16.5701149
52,62,-15.9150558
52,64,-15.37416964
52,66,-14.83787067
52,68,-14.04887341
52,70,-13.7162426
52,72,-13.41050855
52,74,-12.99943993
52,76,-12.48261204
52,78,-11.80335762
52,80,-11.14777683
52,82,-10.59370491
52,84,-10.23839883
52,86,-9.776691594
52,88,-9.43852644
52,90,-9.294700576
52,92,-9.194700576
52,94,-8.765577337
52,96,-8.199107927
52,98,-7.752336179
52,100,-7.884360456
52,102,-8.054399741
52,104,-7.95624711
52,106,-7.859106429
52,108,-7.643440125
52,110,-7.240543388
52,112,-6.938077127
52,114,-6.659502596
52,116,-6.264426203
52,118,-6.095929509
52,120,-6.053074529
52,122,-6.089405852
52,124,-6.07757964
52,126,-5.834426203
52,128,-5.53115549
52,130,-5.18572864
52,132,-4.934612873
52,134,-4.772243795
52,136,-4.685819594
52,138,-4.62780345
52,140,-4.555042894
52,142,-4.456456194
52,144,-4.336866671
52,146,-4.224504877
52,148,-4.128986768
52,150,-4.034076453
52,152,-3.937579344
52,154,-3.823924139
52,156,-3.676383909
52,158,-3.520287059
52,160,-3.36427098
52,162,-3.231238645
52,164,-3.120995076
52,166,-3.027318943
52,168,-2.953813091
52,170,-2.904064292
52,172,-2.884430374
52,174,-2.887958209
52,176,-2.913800275
52,178,-2.951284563
52,180,-3.020647756
52,182,-3.067253759
52,184,-3.166728939
52,186,-3.265936867
52,188,-3.360614704
52,190,-3.458744549
52,192,-3.527214884
52,194,-3.605060227
52,196,-3.661647206
52,198,-3.683322868
52,200,-3.685049413
52,202,-3.69816998
52,204,-3.694801404
52,206,-3.657540141
52,208,-3.553298685
52,210,-3.460542796
52,212,-3.423088497
52,214,-3.47128344
52,216,-3.52626186
52,218,-3.621283321
52,220,-3.770244084
52,222,-3.920196613
52,224,-4.074080384
52,226,-4.281155197
52,228,-4.540195901
52,230,-4.805947864
52,232,-5.113502336
52,234,-5.26329862
52,236,-5.287959543
52,238,-5.147804113
52,240,-5.007656963
52,242,-5.106224246
52,244,-5.372243795
52,246,-5.941127672
52,248,-6.482577266
52,250,-7.040906851
52,252,-7.68672579
52,254,-8.103449126
52,256,-8.369391535
52,258,-8.367163475
52,260,-8.299391535
52,262,-8.363450922
52,264,-9.035281392
52,266,-9.886730939
52,268,-10.59593845
52,270,-10.92245699
52,272,-11.17086828
52,274,-11.7124325
52,276,-12.60478127
52,278,-13.89690837
52,280,-15.57262736
52,282,-17.10758105
52,284,-17.95963768
52,286,-17.36822666
52,288,-16.27087842
52,290,-15.75880142
52,292,-15.93839883
52,294,-16.44539501
52,296,-17.52796528
52,298,-18.17454459
52,300,-18.08751504
52,302,-17.64843969
52,304,-18.3580799
52,306,-19.56233039
52,308,-20.44776596
52,310,-20.07616675
52,312,-18.27908087
52,314,-17.17242495
52,316,-17.33996225
52,318,-18.6611569
52,320,-20.94163913
52,322,-22.20409152
52,324,-22.07682516
52,326,-21.53551353
52,328,-21.13175707
52,330,-21.31796021
52,332,-21.37473995
52,334,-21.69955213
52,336,-22.225328
52,338,-22.81531291
52,340,-23.22525178
52,342,-22.51253516
52,344,-21.42890133
52,346,-20.55281279
52,348,-20.2528958
52,350,-20.33880665
52,352,-20.69752605
52,354,-21.20934512
52,356,-21.67169414
52,358,-21.76756909
52,360,-21.44969112
54,0,-22.22869453
54,2,-21.31650004
54,4,-20.9986582
54,6,-21.19709614
54,8,-21.17981461
54,10,-20.80665484
54,12,-19.87257934
54,14,-19.08382957
54,16,-18.51082165
54,18,-18.13393032
54,20,-18.38058678
54,22,-18.52878566
54,24,-18.38887287
54,26,-17.99336642
54,28,-17.4502937
54,30,-17.45959762
54,32,-18.00480039
54,34,-18.50974285
54,36,-18.51026376
54,38,-17.79521611
54,40,-17.00501144
54,42,-17.14992624
54,44,-17.52852644
54,46,-17.66024537
54,48,-17.55558211
54,50,-16.94241399
54,52,-17.49184587
54,54,-17.89383729
54,56,-17.72857828
54,58,-17.08719561
54,60,-16.20295714
54,62,-15.4037477
54,64,-14.85320649
54,66,-14.2546494
54,68,-13.55887287
54,70,-13.37101037
54,72,-13.11101037
54,74,-12.72377485
54,76,-12.19625938
54,78,-11.56819137
54,80,-10.9063439
54,82,-10.45565629
54,84,-10.05199478
54,86,-9.56739275
54,88,-9.378578276
54,90,-9.255297258
54,92,-9.023384163
54,94,-8.426018336
54,96,-7.94827646
54,98,-7.869822486
54,100,-8.172421264
54,102,-8.106383433
54,104,-8.014741537
54,106,-7.850273467
54,108,-7.415290225
54,110,-7.063924765
54,112,-6.743297932
54,114,-6.313502336
54,116,-6.088225243
54,118,-6.022689453
54,120,-6.088079203
54,122,-6.036414041
54,124,-5.79422434
54,126,-5.474506334
54,128,-5.104544379
54,130,-4.897889796
54,132,-4.732803302
54,134,-4.657974257
54,136,-4.593497919
54,138,-4.459960568
54,140,-4.324659762
54,142,-4.221155197
54,144,-4.100243654
54,146,-3.997580454
54,148,-3.892627392
54,150,-3.74674088
54,152,-3.530568542
54,154,-3.310805258
54,156,-3.113176266
54,158,-2.918823345
54,160,-2.743696436
54,162,-2.591155904
54,164,-2.501156319
54,166,-2.475675967
54,168,-2.459502683
54,170,-2.456412729
54,172,-2.469588214
54,174,-2.497928475
54,176,-2.543799932
54,178,-2.58070005
54,180,-2.645930548
54,182,-2.690498151
54,184,-2.744786404
54,186,-2.82675997
54,188,-2.888343885
54,190,-2.945502193
54,192,-2.992822514
54,194,-3.035971769
54,196,-3.079700473
54,198,-3.115163839
54,200,-3.171648206
54,202,-3.203323424
54,204,-3.23810212
54,206,-3.258622853
54,208,-3.272563186
54,210,-3.324612873
54,212,-3.290178948
54,214,-3.237579344
54,216,-3.205928941
54,218,-3.27568182
54,220,-3.373504495
54,222,-3.527243959
54,224,-3.714424914
54,226,-3.892349547
54,228,-4.052688453
54,230,-4.312349135
54,232,-4.601533392
54,234,-4.944611088
54,236,-5.18572864
54,238,-5.207656624
54,240,-5.128314051
54,242,-4.977161121
54,244,-5.08706686
54,246,-5.397413384
54,248,-5.984336322
54,250,-6.544322396
54,252,-7.147568919
54,254,-7.832456991
54,256,-8.240498919
54,258,-8.463301862
54,260,-8.485281392
54,262,-8.418541789
54,264,-8.748763787
54,266,-9.507255139
54,268,-10.36676139
54,270,-10.76616675
54,272,-10.99697848
54,274,-11.24529164
54,276,-12.03649627
54,278,-13.11354536
54,280,-14.50602156
54,282,-16.35461249
54,284,-17.43400958
54,286,-17.30507889
54,288,-16.4570031
54,290,-15.48327927
54,292,-15.61667923
54,294,-16.0150788
54,296,-16.90839883
54,298,-17.82672966
54,300,-17.89318168
54,302,-17.66560797
54,304,-18.23670004
54,306,-19.30357146
54,308,-20.57597372
54,310,-20.73442563
54,312,-18.66887809
54,314,-17.46746536
54,316,-17.55686795
54,318,-18.91845783
54,320,-21.30248872
54,322,-22.83959349
54,324,-22.42429319
54,326,-21.83516079
54,328,-21.59498346
54,330,-21.81939153
54,332,-22.15308598
54,334,-22.69955626
54,336,-23.46354536
54,338,-24.04955301
54,340,-24.05844062
54,342,-22.55925962
54,344,-21.1877232
54,346,-20.32253649
54,348,-20.17157494
54,350,-20.58796648
54,352,-21.5716081
54,354,-22.39381509
54,356,-22.89316387
54,358,-22.98892403
54,360,-22.22869453
56,0,-22.78286806
56,2,-21.03066308
56,4,-20.85041261
56,6,-21.15758465
56,8,-21.52024537
56,10,-21.31382957
56,12,-20.38444187
56,14,-19.27751504
56,16,-18.27795224
56,18,-17.89176031
56,20,-17.99644558
56,22,-18.22169414
56,24,-18.30181799
56,26,-18.03310243
56,28,-17.53408074
56,30,-17.53068058
56,32,-18.06670071
56,34,-18.6107195
56,36,-18.64342427
56,38,-17.95702156
56,40,-17.20183631
56,42,-17.43846709
56,44,-17.87875828
56,46,-18.0024325
56,48,-17.76350622
56,50,-17.21214291
56,52,-17.8598591
56,54,-18.12310243
56,56,-17.66876863
56,58,-16.77955301
56,60,-15.73687114
56,62,-14.8794329
56,64,-14.41891846
56,66,-13.78843969
56,68,-13.31089324
56,70,-13.12121109
56,72,-12.98680971
56,74,-12.51820384
56,76,-11.92771472
56,78,-11.30344163
56,80,-10.71766446
56,82,-10.38187369
56,84,-9.881889551
56,86,-9.506385036
56,88,-9.325259702
56,90,-9.216009201
56,92,-8.708062587
56,94,-8.203604166
56,96,-7.866257808
56,98,-8.192336179
56,100,-8.214399741
56,102,-8.141888758
56,104,-8.074186256
56,106,-7.617394121
56,108,-7.211356931
56,110,-6.862786786
56,112,-6.352545136
56,114,-6.083696338
56,116,-6.000351276
56,118,-6.049961568
56,120,-5.980805236
56,122,-5.767053919
56,124,-5.424612587
56,126,-5.093617634
56,128,-4.886652836
56,130,-4.732576475
56,132,-4.656202487
56,134,-4.532954477
56,136,-4.404612873
56,138,-4.281878934
56,140,-4.15422442
56,142,-4.047650143
56,144,-3.960805605
56,146,-3.794612252
56,148,-3.53780345
56,150,-3.30405527
56,152,-3.080287059
56,154,-2.854223727
56,156,-2.645289637
56,158,-2.522828552
56,160,-2.418637424
56,162,-2.345735005
56,164,-2.315676266
56,166,-2.310178635
56,168,-2.320568542
56,170,-2.337803788
56,172,-2.361821101
56,174,-2.385280027
56,176,-2.422423577
56,178,-2.464404337
56,180,-2.514320988
56,182,-2.576549612
56,184,-2.616241155
56,186,-2.65859959
56,188,-2.690336615
56,190,-2.711618444
56,192,-2.724610239
56,194,-2.71530249
56,196,-2.694416542
56,198,-2.701193768
56,200,-2.719647402
56,202,-2.72417807
56,204,-2.733097046
56,206,-2.78264914
56,208,-2.837443152
56,210,-2.896729336
56,212,-2.956977117
56,214,-3.024426666
56,216,-3.045042894
56,218,-3.03068829
56,220,-3.065946577
56,222,-3.178764704
56,224,-3.331596075
56,226,-3.532828679
56,228,-3.729695813
56,230,-3.893406062
56,232,-4.141638372
56,234,-4.459405263
56,236,-4.807677204
56,238,-5.120790247
56,240,-5.166223899
56,242,-5.106197089
56,244,-4.980648756
56,246,-5.115015301
56,248,-5.460497919
56,250,-6.052576661
56,252,-6.64175474
56,254,-7.304974327
56,256,-8.006166752
56,258,-8.373475781
56,260,-8.56864063
56,262,-8.604850888
56,264,-8.531998496
56,266,-9.161998496
56,268,-9.962755278
56,270,-10.68233039
56,272,-10.89570572
56,274,-11.10638591
56,276,-11.57094978
56,278,-12.3999054
56,280,-13.52641049
56,282,-15.22965254
56,284,-16.63665484
56,286,-17.16403469
56,288,-16.6712625
56,290,-15.4830905
56,292,-15.34308598
56,294,-15.63052671
56,296,-16.27564086
56,298,-17.43101006
56,300,-17.68602746
56,302,-17.6009188
56,304,-17.9930905
56,306,-18.9885514
56,308,-20.75466572
56,310,-21.17516584
56,312,-19.268449
56,314,-17.89641473
56,316,-17.72344163
56,318,-19.05513222
56,320,-21.75339949
56,322,-23.31330186
56,324,-22.79624315
56,326,-22.1907465
56,328,-22.1022701
56,330,-22.4800999
56,332,-22.9033
56,334,-23.68406629
56,336,-24.70069059
56,338,-25.12898904
56,340,-24.13901546
56,342,-22.12235736
56,344,-20.39064976
56,346,-19.83037312
56,348,-20.07863842
56,350,-20.97624872
56,352,-22.39953084
56,354,-23.71097385
56,356,-24.56959349
56,358,-24.39711568
56,360,-22.78286806
58,0,-23.12106851
58,2,-20.59529726
58,4,-20.23442421
58,6,-20.81550939
58,8,-21.65698089
58,10,-21.87214763
58,12,-20.82984616
58,14,-19.51101337
58,16,-18.30385039
58,18,-17.86818369
58,20,-17.85512961
58,22,-18.07241459
58,24,-18.20020994
58,26,-17.99362055
58,28,-17.68506112
58,30,-17.61955301
58,32,-18.23550939
58,34,-18.82865646
58,36,-18.75990781
58,38,-18.04512961
58,40,-17.34073297
58,42,-17.66890224
58,44,-18.21121109
58,46,-18.26815342
58,48,-17.9558259
58,50,-17.69307583
58,52,-18.2177063
58,54,-18.38948388
58,56,-17.48429823
58,58,-16.33659853
58,60,-15.23692208
58,62,-14.4765209
58,64,-13.97148993
58,66,-13.34552041
58,68,-13.12830067
58,70,-12.99184981
58,72,-12.75615181
58,74,-12.31470058
58,76,-11.76960113
58,78,-11.12335762
58,80,-10.62027422
58,82,-10.18627459
58,84,-9.626382614
58,86,-9.418261843
58,88,-9.322891764
58,90,-9.025116907
58,92,-8.471993999
58,94,-8.006945016
58,96,-8.187349348
58,98,-8.362421264
58,100,-8.262420464
58,102,-8.169363191
58,104,-7.801761734
58,106,-7.355982432
58,108,-6.977715756
58,110,-6.443299308
58,112,-6.073407062
58,114,-5.938203242
58,116,-6.004636088
58,118,-5.957464042
58,120,-5.761176098
58,122,-5.407161475
58,124,-5.093743829
58,126,-4.913888258
58,128,-4.767986854
58,130,-4.666182743
58,132,-4.494313679
58,134,-4.346604274
58,136,-4.234634755
58,138,-4.131139239
58,140,-4.060371119
58,142,-3.920067878
58,144,-3.665820309
58,146,-3.430068878
58,148,-3.181175424
58,150,-2.939171075
58,152,-2.76034997
58,154,-2.611637133
58,156,-2.485735715
58,158,-2.42163807
58,160,-2.367651514
58,162,-2.340804584
58,164,-2.324543254
58,166,-2.336603929
58,168,-2.347161475
58,170,-2.369825666
58,172,-2.397413384
58,174,-2.421997113
58,176,-2.470467215
58,178,-2.504320988
58,180,-2.524973485
58,182,-2.549343682
58,184,-2.58859959
58,186,-2.599646402
58,188,-2.622402364
58,190,-2.625300996
58,192,-2.613403134
58,194,-2.591003374
58,196,-2.55859959
58,198,-2.533088752
58,200,-2.489716849
58,202,-2.424089522
58,204,-2.363870234
58,206,-2.384281245
58,208,-2.406759385
58,210,-2.449785503
58,212,-2.538772499
58,214,-2.62440555
58,216,-2.737974623
58,218,-2.837656624
58,220,-2.872787827
58,222,-2.895580109
58,224,-3.016455194
58,226,-3.172827679
58,228,-3.378659257
58,230,-3.610349276
58,232,-3.789522526
58,234,-4.017053705
58,236,-4.338610824
58,238,-4.700350581
58,240,-5.058203242
58,242,-5.117761414
58,244,-5.087414384
58,246,-4.97863863
58,248,-5.142803917
58,250,-5.552577475
58,252,-6.167986492
58,254,-6.789814038
58,256,-7.474975485
58,258,-8.126166752
58,260,-8.550099901
58,262,-8.667913768
58,264,-8.682264098
58,266,-8.806526595
58,268,-9.614009576
58,270,-10.39337749
58,272,-10.81208029
58,274,-10.9722458
58,276,-11.11350622
58,278,-11.85262736
58,280,-12.80338578
58,282,-14.1478485
58,284,-15.7899709
58,286,-16.86478593
58,288,-16.62672579
58,290,-15.7570546
58,292,-15.18797858
58,294,-15.26729528
58,296,-15.74407873
58,298,-16.78556887
58,300,-17.37798522
58,302,-17.47798522
58,304,-17.72087842
58,306,-18.58533853
58,308,-20.48982767
58,310,-21.35239612
58,312,-20.02075119
58,314,-18.38191444
58,316,-17.82429974
58,318,-19.00034145
58,320,-21.88936474
58,322,-23.52672579
58,324,-23.06340465
58,326,-22.43461326
58,328,-22.47860104
58,330,-23.11344913
58,332,-23.49442833
58,334,-24.41024765
58,336,-25.3053916
58,338,-25.17550364
58,340,-23.69369239
58,342,-21.58672579
58,344,-19.80660593
58,346,-19.54068148
58,348,-20.06582081
58,350,-21.67633016
58,352,-23.91117742
58,354,-25.91608824
58,356,-26.98466789
58,358,-26.28958793
58,360,-23.12106851
60,0,-23.28498346
60,2,-19.87249455
60,4,-20.42153424
60,6,-21.31889302
60,8,-22.1718296
60,10,-22.30565629
60,12,-21.34101037
60,14,-19.86878566
60,16,-18.42611255
60,18,-17.84158521
60,20,-17.78369413
60,22,-17.9571412
60,24,-18.08660211
60,26,-17.95502489
60,28,-17.61552041
60,30,-17.72279722
60,32,-18.5328092
60,34,-18.99990116
60,36,-18.7171412
60,38,-17.98828471
60,40,-17.53143479
60,42,-17.85328305
60,44,-18.60529726
60,46,-18.57731513
60,48,-18.07649627
60,50,-18.04846067
60,52,-18.46154278
60,54,-18.36731954
60,56,-17.23044091
60,58,-15.7884142
60,60,-14.71693337
60,62,-14.08487263
60,64,-13.5471412
60,66,-13.01552041
60,68,-12.97809637
60,70,-12.93295201
60,72,-12.60861363
60,74,-12.14278646
60,76,-11.58569241
60,78,-10.9358259
60,80,-10.52321911
60,82,-9.95608086
60,84,-9.564054087
60,86,-9.389528221
60,88,-9.332339519
60,90,-8.800266066
60,92,-8.289511194
60,94,-8.143417563
60,96,-8.480112217
60,98,-8.398425059
60,100,-8.287314466
60,102,-8.021606998
60,104,-7.519588855
60,106,-7.101292831
60,108,-6.563517131
60,110,-6.086413352
60,112,-5.906741524
60,114,-5.960642687
60,116,-5.940700757
60,118,-5.738314753
60,120,-5.420647756
60,122,-5.136182352
60,124,-4.91264857
60,126,-4.786885606
60,128,-4.662455585
60,130,-4.465818807
60,132,-4.32706686
60,134,-4.217761414
60,136,-4.138663349
60,138,-4.077413384
60,140,-3.862422955
60,142,-3.615819189
60,144,-3.366197089
60,146,-3.120642346
60,148,-2.940568866
60,150,-2.776412729
60,152,-2.642627392
60,154,-2.569960246
60,156,-2.514635422
60,158,-2.467222586
60,160,-2.428820133
60,162,-2.420068523
60,164,-2.404287154
60,166,-2.387888796
60,168,-2.369825666
60,170,-2.355279757
60,172,-2.348540419
60,174,-2.358761787
60,176,-2.394335555
60,178,-2.412262098
60,180,-2.452692852
60,182,-2.485936449
60,184,-2.535394221
60,186,-2.557589906
60,188,-2.570336615
60,190,-2.578250151
60,192,-2.550115911
60,194,-2.524521704
60,196,-2.475071369
60,198,-2.413699113
60,200,-2.36011223
60,202,-2.310793787
60,204,-2.23894893
60,206,-2.170496919
60,208,-2.104335938
60,210,-2.101996496
60,212,-2.141222359
60,214,-2.216182743
60,216,-2.347350996
60,218,-2.485087873
60,220,-2.614286793
60,222,-2.741043393
60,224,-2.793174588
60,226,-2.871912441
60,228,-3.048611218
60,230,-3.273405757
60,232,-3.520790306
60,234,-3.726383909
60,236,-3.940287382
60,238,-4.290179011
60,240,-4.65572802
60,242,-5.009171394
60,244,-5.090679843
60,246,-5.053446745
60,248,-4.997912158
60,250,-5.19466412
60,252,-5.692454804
60,254,-6.330113064
60,256,-6.94624203
60,258,-7.692330386
60,260,-8.269787503
60,262,-8.656797445
60,264,-8.766797445
60,266,-8.748658372
60,268,-9.22672579
60,270,-10.02839277
60,272,-10.72370111
60,274,-10.82959349
60,276,-10.97235736
60,278,-11.39565629
60,280,-12.15231418
60,282,-13.1517071
60,284,-14.72231282
60,286,-16.00357146
60,288,-16.40926255
60,290,-15.92961988
60,292,-14.98069059
60,294,-15.04706808
60,296,-15.36407873
60,298,-16.17298435
60,300,-17.0324676
60,302,-17.32580159
60,304,-17.45152434
60,306,-18.3342955
60,308,-20.00797626
60,310,-21.29105573
60,312,-20.77593845
60,314,-18.98381509
60,316,-17.89752605
60,318,-19.03685346
60,320,-21.69576108
60,322,-23.67655888
60,324,-23.46805145
60,326,-22.64387223
60,328,-22.65070109
60,330,-23.35340776
60,332,-24.09504458
60,334,-24.7700999
60,336,-25.25265057
60,338,-24.73032414
60,340,-23.08570572
60,342,-21.05576108
60,344,-19.44857828
60,346,-19.27773535
60,348,-20.27561822
60,350,-22.40959762
60,352,-25.46871333
60,354,-27.99310243
60,356,-27.36287778
60,358,-24.71905699
60,360,-23.28498346
62,0,-22.07149495
62,2,-19.99100153
62,4,-19.76249455
62,6,-20.81735172
62,8,-22.13592277
62,10,-22.72927981
62,12,-21.76926255
62,14,-20.15454638
62,16,-18.54569241
62,18,-17.85828961
62,20,-17.85126171
62,22,-18.01398621
62,24,-18.07428645
62,26,-17.91299024
62,28,-17.69299024
62,30,-17.99527862
62,32,-18.75955301
62,34,-19.21110741
62,36,-18.57376992
62,38,-17.77379459
62,40,-17.63400316
62,42,-18.18324218
62,44,-18.87638261
62,46,-18.79454638
62,48,-18.02731759
62,50,-18.46974285
62,52,-18.74049685
62,54,-18.08898656
62,56,-16.67706409
62,58,-15.24186561
62,60,-14.26358138
62,62,-13.73845439
62,64,-13.21221891
62,66,-12.9425918
62,68,-12.93608824
62,70,-12.90727566
62,72,-12.53398808
62,74,-12.04428327
62,76,-11.39257934
62,78,-10.85233952
62,80,-10.36955626
62,82,-9.768491119
62,84,-9.505825904
62,86,-9.433085976
62,88,-9.125656289
62,90,-8.60879988
62,92,-8.125130667
62,94,-8.476258596
62,96,-8.516241007
62,98,-8.394127442
62,100,-8.190883558
62,102,-7.67499824
62,104,-7.204636755
62,106,-6.681239637
62,108,-6.104506334
62,110,-5.877053242
62,112,-5.879689813
62,114,-5.906197815
62,116,-5.726198452
62,118,-5.432422955
62,120,-5.142455397
62,122,-4.935501639
62,124,-4.798692089
62,126,-4.632328386
62,128,-4.4087721
62,130,-4.298169129
62,132,-4.191126816
62,134,-4.127350222
62,136,-4.014785803
62,138,-3.816514067
62,140,-3.574663724
62,142,-3.32250288
62,144,-3.131284859
62,146,-2.981292167
62,148,-2.847715428
62,150,-2.754264035
62,152,-2.681284563
62,154,-2.600679482
62,156,-2.548539789
62,158,-2.517412756
62,160,-2.448539789
62,162,-2.397974257
62,164,-2.35706686
62,166,-2.280700404
62,168,-2.225323561
62,170,-2.199277806
62,172,-2.176223899
62,174,-2.185796926
62,176,-2.227761414
62,178,-2.234286793
62,180,-2.295931179
62,182,-2.351996496
62,184,-2.382753278
62,186,-2.42675897
62,188,-2.461067076
62,190,-2.476952894
62,192,-2.485511532
62,194,-2.490322638
62,196,-2.471194159
62,198,-2.377861824
62,200,-2.309716281
62,202,-2.216164752
62,204,-2.127912158
62,206,-2.053693832
62,208,-1.986514139
62,210,-1.930068523
62,212,-1.885819666
62,214,-1.903448922
62,216,-1.967413756
62,218,-2.076202242
62,220,-2.260496919
62,222,-2.437506761
62,224,-2.60070005
62,226,-2.681175424
62,228,-2.749960246
62,230,-2.951878251
62,232,-3.191878251
62,234,-3.457319269
62,236,-3.681238976
62,238,-3.894613205
62,240,-4.248708259
62,242,-4.621878568
62,244,-4.98114091
62,246,-5.073693088
62,248,-5.027911768
62,250,-5.036796045
62,252,-5.236164752
62,254,-5.872605987
62,256,-6.50124273
62,258,-7.144292075
62,260,-7.9583628
62,262,-8.477444564
62,264,-8.734322988
62,266,-8.827444564
62,268,-8.812607987
62,270,-9.656166752
62,272,-10.37981461
62,274,-10.76428441
62,276,-10.88070205
62,278,-10.97628695
62,280,-11.63694658
62,282,-12.47731759
62,284,-13.69254583
62,286,-15.15442563
62,288,-16.18100537
62,290,-15.99387223
62,292,-15.19426603
62,294,-14.89863842
62,296,-15.08965254
62,298,-15.69168658
62,300,-16.65147074
62,302,-17.09883199
62,304,-17.35242918
62,306,-18.17079519
62,308,-19.58347578
62,310,-21.22553665
62,312,-21.69550364
62,314,-19.63223985
62,316,-18.31358033
62,318,-19.04569241
62,320,-21.35307595
62,322,-23.58757195
62,324,-23.69130138
62,326,-22.77499962
62,328,-22.81731513
62,330,-23.41231418
62,332,-24.09379269
62,334,-24.75369774
62,336,-25.16431568
62,338,-24.54103411
62,340,-22.86616675
62,342,-20.86282256
62,344,-19.37721428
62,346,-19.52170189
62,348,-20.55793047
62,350,-22.82263129
62,352,-26.19536023
62,354,-28.54007052
62,356,-27.53176319
62,358,-26.25898568
62,360,-22.07149495
64,0,-22.02384363
64,2,-20.86287548
64,4,-20.45469237
64,6,-20.97100153
64,8,-22.03795688
64,10,-22.58558662
64,12,-21.82044274
64,14,-20.12499664
64,16,-18.87865837
64,18,-18.26553665
64,20,-18.05564086
64,22,-18.21405409
64,24,-18.07735172
64,26,-17.84624872
64,28,-17.86595195
64,30,-18.33633979
64,32,-19.0882738
64,34,-19.32608824
64,36,-18.36893529
64,38,-17.55907642
64,40,-17.69886635
64,42,-18.49695436
64,44,-18.96289176
64,46,-18.78670004
64,48,-18.19440134
64,50,-18.89526897
64,52,-19.00379459
64,54,-17.82577553
64,56,-16.20022663
64,58,-14.8362214
64,60,-13.98203232
64,62,-13.39456885
64,64,-12.94536552
64,66,-12.90163812
64,68,-12.99379836
64,70,-12.85719797
64,72,-12.47007537
64,74,-11.91106422
64,76,-11.17269572
64,78,-10.7385142
64,80,-10.11880142
64,82,-9.680545913
64,84,-9.502431483
64,86,-9.438153424
64,88,-8.915959465
64,90,-8.424185487
64,92,-8.428260278
64,94,-8.63152276
64,96,-8.510112217
64,98,-8.28667847
64,100,-7.838225243
64,102,-7.334636088
64,104,-6.817224901
64,106,-6.180287705
64,108,-5.864064944
64,110,-5.78314982
64,112,-5.857414127
64,114,-5.70112893
64,116,-5.437351609
64,118,-5.15675997
64,120,-4.939606336
64,122,-4.793305314
64,124,-4.616241155
64,126,-4.356759385
64,128,-4.240793186
64,130,-4.154663724
64,132,-4.109186046
64,134,-3.972626444
64,136,-3.779716281
64,138,-3.523317509
64,140,-3.285703721
64,142,-3.146197089
64,144,-2.999278154
64,146,-2.899389535
64,148,-2.819617884
64,150,-2.725819189
64,152,-2.652262491
64,154,-2.582262098
64,156,-2.514007576
64,158,-2.440496919
64,160,-2.318539789
64,162,-2.199389535
64,164,-2.099689466
64,166,-2.037958543
64,168,-1.997318269
64,170,-1.969588214
64,172,-1.968709625
64,174,-1.995534645
64,176,-2.013516131
64,178,-2.064544379
64,180,-2.126937116
64,182,-2.162244437
64,184,-2.24250288
64,186,-2.30440473
64,188,-2.353317096
64,190,-2.375394221
64,192,-2.391491368
64,194,-2.389261077
64,196,-2.360114911
64,198,-2.312022177
64,200,-2.258745092
64,202,-2.199716281
64,204,-2.102079108
64,206,-1.995087873
64,208,-1.884313947
64,210,-1.818314051
64,212,-1.781299709
64,214,-1.731259832
64,216,-1.710866282
64,218,-1.774801755
64,220,-1.888539789
64,222,-2.07863863
64,224,-2.293473781
64,226,-2.474314046
64,228,-2.618820133
64,230,-2.657903944
64,232,-2.864430045
64,234,-3.124429716
64,236,-3.407802788
64,238,-3.647224243
64,240,-3.880371462
64,242,-4.25426998
64,244,-4.657540141
64,246,-4.983799932
64,248,-5.075087487
64,250,-5.020794586
64,252,-5.100244835
64,254,-5.392605572
64,256,-6.052328808
64,258,-6.670615015
64,260,-7.410615015
64,262,-8.1683628
64,264,-8.667570081
64,266,-8.846551034
64,268,-8.901142841
64,270,-9.245391597
64,272,-10.07233039
64,274,-10.67103411
64,276,-10.7622641
64,278,-10.83820393
64,280,-11.21335762
64,282,-11.95341913
64,284,-12.79796305
64,286,-14.27744456
64,288,-15.43970247
64,290,-15.78276015
64,292,-15.35181248
64,294,-14.72188025
64,296,-14.79520785
64,298,-15.28686795
64,300,-16.18731759
64,302,-16.89058885
64,304,-17.28623978
64,306,-17.93262939
64,308,-19.06156445
64,310,-21.06796305
64,312,-22.1554735
64,314,-20.428449
64,316,-19.04406629
64,318,-19.17006305
64,320,-20.98191444
64,322,-23.62478593
64,324,-24.12261204
64,326,-22.73645867
64,328,-22.64818794
64,330,-23.26381389
64,332,-23.92506112
64,334,-24.48795895
64,336,-24.74160847
64,338,-24.31351849
64,340,-22.66551353
64,342,-20.91070205
64,344,-19.8368552
64,346,-19.67752605
64,348,-20.61568326
64,350,-22.79697848
64,352,-26.08478593
64,354,-29.09383037
64,356,-29.57780545
64,358,-25.44461249
64,360,-22.02384363
66,0,-21.64291227
66,2,-20.9647874
66,4,-21.15163812
66,6,-21.72660725
66,8,-22.14188963
66,10,-22.30933548
66,12,-21.70932516
66,14,-20.16739555
66,16,-19.26114284
66,18,-18.64820085
66,20,-18.46582081
66,22,-18.41351849
66,24,-18.18408238
66,26,-17.85592277
66,28,-18.09685346
66,30,-18.77461374
66,32,-19.31495298
66,34,-19.00223734
66,36,-18.05715383
66,38,-17.33845884
66,40,-17.66660723
66,42,-18.80251151
66,44,-19.0624325
66,46,-18.7087667
66,48,-18.70014668
66,50,-19.13392644
66,52,-18.93196493
66,54,-17.45858836
66,56,-15.53900075
66,58,-14.42878677
66,60,-13.73312383
66,62,-13.2062927
66,64,-12.9016081
66,66,-12.94323225
66,68,-13.14136382
66,70,-12.82635888
66,72,-12.34719561
66,74,-11.66951432
66,76,-11.04905455
66,78,-10.5414257
66,80,-9.864299741
66,82,-9.592431483
66,84,-9.555683259
66,86,-9.236286954
66,88,-8.728406708
66,90,-8.373397947
66,92,-8.678959963
66,94,-8.599439142
66,96,-8.37880065
66,98,-8.000743255
66,100,-7.471300043
66,102,-6.956225246
66,104,-6.307929138
66,106,-5.867541141
66,108,-5.664055952
66,110,-5.752504254
66,112,-5.636201865
66,114,-5.424007576
66,116,-5.15011223
66,118,-4.927439994
66,120,-4.776328156
66,122,-4.586954348
66,124,-4.31553006
66,126,-4.170907193
66,128,-4.095049827
66,130,-4.038049883
66,132,-3.907589355
66,134,-3.71055001
66,136,-3.4512423
66,138,-3.270749189
66,140,-3.155014676
66,142,-3.027414012
66,144,-2.911053725
66,146,-2.81466412
66,148,-2.741563042
66,150,-2.636759385
66,152,-2.552606572
66,154,-2.440566779
66,156,-2.285703721
66,158,-2.14250288
66,160,-2.044233362
66,162,-1.954612252
66,164,-1.885981793
66,166,-1.819522526
66,168,-1.748077895
66,170,-1.711153569
66,172,-1.702628082
66,174,-1.718201926
66,176,-1.743516486
66,178,-1.781299709
66,180,-1.85275281
66,182,-1.906198089
66,184,-2.001053725
66,186,-2.078770897
66,188,-2.157569081
66,190,-2.221861379
66,192,-2.26417807
66,194,-2.309260551
66,196,-2.309862148
66,198,-2.24882615
66,200,-2.171647206
66,202,-2.071491275
66,204,-2.018361227
66,206,-1.960567374
66,208,-1.874336171
66,210,-1.766197089
66,212,-1.666603274
66,214,-1.617844689
66,216,-1.58235604
66,218,-1.577318943
66,220,-1.627958209
66,222,-1.767162121
66,224,-1.95483673
66,226,-2.186653836
66,228,-2.40250288
66,230,-2.557888796
66,232,-2.626603929
66,234,-2.807463702
66,236,-3.067463361
66,238,-3.385796926
66,240,-3.650068523
66,242,-3.910068523
66,244,-4.281176098
66,246,-4.691261161
66,248,-4.976514494
66,250,-5.06069969
66,252,-5.024320988
66,254,-5.188446165
66,256,-5.610763224
66,258,-6.264090095
66,260,-6.888876982
66,262,-7.703701113
66,264,-8.366950042
66,266,-8.77553206
66,268,-8.944983461
66,270,-8.953090191
66,272,-9.66265057
66,274,-10.35748018
66,276,-10.69409152
66,278,-10.7122458
66,280,-10.81350622
66,282,-11.4406473
66,284,-12.22298435
66,286,-13.3918231
66,288,-14.7179299
66,290,-15.54744246
66,292,-15.48934512
66,294,-14.73532491
66,296,-14.71235184
66,298,-15.06568326
66,300,-15.77845783
66,302,-16.66560716
66,304,-17.23827016
66,306,-17.53511691
66,308,-18.77882764
66,310,-20.48567797
66,312,-21.99068148
66,314,-21.6407465
66,316,-19.91833796
66,318,-19.2070546
66,320,-20.3864579
66,322,-23.2330939
66,324,-24.07852644
66,326,-23.20827016
66,328,-22.7605654
66,330,-23.0885892
66,332,-23.57686091
66,334,-24.02428645
66,336,-24.47836507
66,338,-24.02713618
66,340,-22.66750814
66,342,-21.20164921
66,344,-20.15744456
66,346,-19.65156445
66,348,-20.48340465
66,350,-22.43673094
66,352,-25.34729528
66,354,-28.65461635
66,356,-28.1857287
66,358,-24.19623422
66,360,-21.64291227
68,0,-21.36817075
68,2,-20.88064976
68,4,-20.98959762
68,6,-21.68223576
68,8,-21.83517881
68,10,-21.95245027
68,12,-21.12932503
68,14,-20.2050897
68,16,-19.49731513
68,18,-19.02024765
68,20,-18.88825215
68,22,-18.51869453
68,24,-18.27876379
68,26,-18.17235736
68,28,-18.50581668
68,30,-19.4060092
68,32,-19.6235636
68,34,-18.56495298
68,36,-17.57839178
68,38,-17.3339707
68,40,-18.00533968
68,42,-18.97650004
68,44,-19.24231282
68,46,-18.51163913
68,48,-19.11123558
68,50,-19.51610711
68,52,-18.67060201
68,54,-16.84934468
68,56,-15.10356856
68,58,-14.1094329
68,60,-13.40905699
68,62,-13.0426049
68,64,-12.94210104
68,66,-13.13512916
68,68,-13.15850404
68,70,-12.77964328
68,72,-12.23407423
68,74,-11.45790748
68,76,-10.93667923
68,78,-10.25952822
68,80,-9.777664463
68,82,-9.614541039
68,84,-9.552351841
68,86,-9.074379597
68,88,-8.590545157
68,90,-8.637367121
68,92,-8.681063433
68,94,-8.469514316
68,96,-8.139469669
68,98,-7.579960889
68,100,-7.068820181
68,102,-6.457224243
68,104,-5.874270635
68,106,-5.594613252
68,108,-5.63330023
68,110,-5.594335938
68,112,-5.42257608
68,114,-5.15011223
68,116,-4.943568997
68,118,-4.770272821
68,120,-4.589646937
68,122,-4.285471497
68,124,-4.111242871
68,126,-3.994032692
68,128,-3.956023495
68,130,-3.822268573
68,132,-3.638156907
68,134,-3.383097046
68,136,-3.236759801
68,138,-3.107350609
68,140,-2.99009851
68,142,-2.868656372
68,144,-2.780765066
68,146,-2.662394125
68,148,-2.561863065
68,150,-2.43403326
68,152,-2.28011223
68,154,-2.1387721
68,156,-2.026238956
68,158,-1.917761414
68,160,-1.824426666
68,162,-1.72080491
68,164,-1.631878251
68,166,-1.547053705
68,168,-1.491153262
68,170,-1.45034997
68,172,-1.420350664
68,174,-1.43191275
68,176,-1.457650829
68,178,-1.487318943
68,180,-1.564264035
68,182,-1.653617634
68,184,-1.755015301
68,186,-1.846729336
68,188,-1.939632727
68,190,-2.021032555
68,192,-2.074521756
68,194,-2.110322139
68,196,-2.112401401
68,198,-2.119646937
68,200,-2.090549558
68,202,-2.054291194
68,204,-1.959633303
68,206,-1.853317096
68,208,-1.776524595
68,210,-1.731264794
68,212,-1.662243795
68,214,-1.557463361
68,216,-1.480804584
68,218,-1.473924826
68,220,-1.493924452
68,222,-1.549960246
68,224,-1.703800275
68,226,-1.867974892
68,228,-2.125819807
68,230,-2.333447126
68,232,-2.514313679
68,234,-2.570068523
68,236,-2.765322911
68,238,-3.065322911
68,240,-3.41706686
68,242,-3.67330023
68,244,-3.942562913
68,246,-4.327223559
68,248,-4.757223559
68,250,-4.974836359
68,252,-5.044614349
68,254,-5.040112647
68,256,-5.290764488
68,258,-5.852626871
68,260,-6.49934399
68,262,-7.148877537
68,264,-8.006243155
68,266,-8.553701113
68,268,-8.851055133
68,270,-8.968878092
68,272,-9.225473497
68,274,-10.11370111
68,276,-10.58502997
68,278,-10.63070109
68,280,-10.70235736
68,282,-11.04095188
68,284,-11.72936474
68,286,-12.5401979
68,288,-13.95207797
68,290,-15.0622701
68,292,-15.32908087
68,294,-14.9487741
68,296,-14.59996225
68,298,-14.76881791
68,300,-15.33686795
68,302,-16.32857828
68,304,-17.10487236
68,306,-17.57084709
68,308,-18.61070109
68,310,-20.08660593
68,312,-21.80724596
68,314,-22.75149327
68,316,-20.71011691
68,318,-19.61485089
68,320,-20.3718231
68,322,-22.52663109
68,324,-23.9614257
68,326,-23.55384093
68,328,-22.5438963
68,330,-22.69986245
68,332,-23.19761596
68,334,-23.6720013
68,336,-23.9135636
68,338,-23.81826184
68,340,-23.14969751
68,342,-21.41233039
68,344,-20.50499664
68,346,-20.1454735
68,348,-20.51831605
68,350,-21.94310416
68,352,-24.41440134
68,354,-26.65672579
68,356,-25.68512916
68,358,-23.24570419
68,360,-21.36817075
70,0,-20.62776596
70,2,-20.16796305
70,4,-20.37580159
70,6,-20.74494231
70,8,-20.99033076
70,10,-20.94545473
70,12,-20.64011191
70,14,-20.24694734
70,16,-19.85436205
70,18,-19.5370031
70,20,-19.22963768
70,22,-18.69744246
70,24,-18.42695535
70,26,-18.58982767
70,28,-19.31408238
70,30,-19.77320509
70,32,-19.28985669
70,34,-18.00711991
70,36,-17.06220706
70,38,-17.2158607
70,40,-18.19300028
70,42,-18.97388984
70,44,-19.02124098
70,46,-18.92024314
70,48,-19.4701149
70,50,-19.95152466
70,52,-18.27827781
70,54,-16.12989367
70,56,-14.78009828
70,58,-13.90575289
70,60,-13.31186561
70,62,-13.03622711
70,64,-13.08049685
70,66,-13.39697228
70,68,-13.14788949
70,70,-12.71681579
70,72,-12.03412902
70,74,-11.32191607
70,76,-10.72473995
70,78,-9.987848501
70,80,-9.675683259
70,82,-9.68645866
70,84,-9.368638424
70,86,-8.872488716
70,88,-8.601424174
70,90,-8.798260278
70,92,-8.591993212
70,94,-8.245924814
70,96,-7.739503988
70,98,-7.17660462
70,100,-6.631285563
70,102,-5.934430703
70,104,-5.587967016
70,106,-5.537889156
70,108,-5.534335555
70,110,-5.422262314
70,112,-5.148447581
70,114,-4.931260869
70,116,-4.758250151
70,118,-4.576408936
70,120,-4.236953348
70,122,-4.053088191
70,124,-3.935472497
70,126,-3.87499464
70,128,-3.733955128
70,130,-3.538825637
70,132,-3.290337081
70,134,-3.179813182
70,136,-3.062692852
70,138,-2.918391361
70,140,-2.803870081
70,142,-2.693323313
70,144,-2.562410077
70,146,-2.438745092
70,148,-2.299965479
70,150,-2.148343454
70,152,-2.028391768
70,154,-1.901996496
70,156,-1.827974257
70,158,-1.714802404
70,160,-1.627463702
70,162,-1.537928806
70,164,-1.446383909
70,166,-1.359523216
70,168,-1.305580109
70,170,-1.268658959
70,172,-1.244611197
70,174,-1.258659661
70,176,-1.28645666
70,178,-1.328202926
70,180,-1.384544379
70,182,-1.472311819
70,184,-1.556238583
70,186,-1.660793186
70,188,-1.74981261
70,190,-1.838745092
70,192,-1.908550911
70,194,-1.953955128
70,196,-1.968198386
70,198,-1.95308907
70,200,-1.921755067
70,202,-1.884614349
70,204,-1.848622853
70,206,-1.811810093
70,208,-1.729636064
70,210,-1.61997574
70,212,-1.571629494
70,214,-1.538314051
70,216,-1.467904608
70,218,-1.390287059
70,220,-1.396413041
70,222,-1.452544528
70,224,-1.524506019
70,226,-1.667958209
70,228,-1.839825304
70,230,-2.084334555
70,232,-2.298948316
70,234,-2.471264043
70,236,-2.548924955
70,238,-2.758663349
70,240,-3.073449922
70,242,-3.431263794
70,244,-3.689635683
70,246,-4.02369446
70,248,-4.421284859
70,250,-4.841821751
70,252,-4.995703721
70,254,-5.045049999
70,256,-5.149632727
70,258,-5.444089522
70,260,-6.098344454
70,262,-6.692200252
70,264,-7.443323201
70,266,-8.231055133
70,268,-8.672201365
70,270,-8.947591355
70,272,-9.005072821
70,274,-9.627765959
70,276,-10.32507282
70,278,-10.62332487
70,280,-10.57697848
70,282,-10.69128488
70,284,-11.33569241
70,286,-12.08052671
70,288,-13.19112956
70,290,-14.43020901
70,292,-15.17282451
70,294,-15.13958793
70,296,-14.5822458
70,298,-14.65369774
70,300,-15.13568326
70,302,-15.95389595
70,304,-16.88068058
70,306,-17.61650554
70,308,-18.25510641
70,310,-19.6250173
70,312,-21.5368552
70,314,-23.09978017
70,316,-21.99370111
70,318,-20.6322701
70,320,-20.49466572
70,322,-21.92344913
70,324,-23.97461635
70,326,-23.59436898
70,328,-22.69763451
70,330,-22.40720252
70,332,-22.69212085
70,334,-23.15419032
70,336,-23.70627459
70,338,-24.00556536
70,340,-23.27442421
70,342,-21.94423536
70,344,-20.85046921
70,346,-20.50579893
70,348,-20.83389595
70,350,-21.85955301
70,352,-23.69958515
70,354,-24.54516584
70,356,-23.69321911
70,358,-21.88295648
70,360,-20.62776596
72,0,-19.94660593
72,2,-19.43242918
72,4,-19.43019073
72,6,-19.69761596
72,8,-20.0972519
72,10,-20.27122093
72,12,-20.34952912
72,14,-20.30938398
72,16,-20.2157194
72,18,-19.9618296
72,20,-19.28572933
72,22,-18.96075119
72,24,-18.92533853
72,26,-19.30878538
72,28,-20.18427198
72,30,-20.04881791
72,32,-18.67095188
72,34,-17.40121109
72,36,-16.92260896
72,38,-17.3628493
72,40,-18.45955301
72,42,-19.07351849
72,44,-18.8418231
72,46,-19.34936474
72,48,-19.90792651
72,50,-19.51278861
72,52,-17.70864609
72,54,-15.69466588
72,56,-14.56892627
72,58,-13.68763451
72,60,-13.28082658
72,62,-13.19249477
72,64,-13.36533968
72,66,-13.45658134
72,68,-13.10880774
72,70,-12.59795895
72,72,-11.70880142
72,74,-11.12233952
72,76,-10.40565629
72,78,-9.870442742
72,80,-9.715677967
72,82,-9.66572933
72,84,-9.190063048
72,86,-8.703455283
72,88,-8.773397947
72,90,-8.662910714
72,92,-8.32952746
72,94,-7.870196477
72,96,-7.289279154
72,98,-6.79651485
72,100,-6.117804125
72,102,-5.624613537
72,104,-5.432311517
72,106,-5.475819425
72,108,-5.374007185
72,110,-5.131562454
72,112,-4.914095334
72,114,-4.749079379
72,116,-4.598825637
72,118,-4.229647402
72,120,-3.982076416
72,122,-3.845501639
72,124,-3.763993658
72,126,-3.655301992
72,128,-3.455301992
72,130,-3.193091901
72,132,-3.097763959
72,134,-2.964973485
72,136,-2.795937449
72,138,-2.693088631
72,140,-2.56126041
72,142,-2.423994076
72,144,-2.2934416
72,146,-2.157440917
72,148,-2.039884184
72,150,-1.931754322
72,152,-1.836795445
72,154,-1.741996878
72,156,-1.687413499
72,158,-1.614287154
72,160,-1.535796926
72,162,-1.451292167
72,164,-1.365535328
72,166,-1.293405757
72,168,-1.256698043
72,170,-1.219405263
72,172,-1.193501745
72,174,-1.179696214
72,176,-1.188078203
72,178,-1.219588894
72,180,-1.277802775
72,182,-1.352244437
72,184,-1.441997113
72,186,-1.535677177
72,188,-1.624291634
72,190,-1.703441072
72,192,-1.765244428
72,194,-1.785673393
72,196,-1.798693089
72,198,-1.798447413
72,200,-1.766524595
72,202,-1.727506761
72,204,-1.674286793
72,206,-1.611821101
72,208,-1.608819482
72,210,-1.604801755
72,212,-1.505322911
72,214,-1.422310122
72,216,-1.414264035
72,218,-1.397929144
72,220,-1.339588214
72,222,-1.342627392
72,224,-1.402688154
72,226,-1.51572764
72,228,-1.667844689
72,230,-1.836197089
72,232,-2.082803302
72,234,-2.294007576
72,236,-2.457252519
72,238,-2.528539159
72,240,-2.78223822
72,242,-3.119975986
72,244,-3.466182743
72,246,-3.742576475
72,248,-4.109976117
72,250,-4.510679482
72,252,-4.880647756
72,254,-5.026164752
72,256,-5.058102966
72,258,-5.2583608
72,260,-5.706948042
72,262,-6.326240593
72,264,-6.895071724
72,266,-7.80442563
72,268,-8.411034108
72,270,-8.811493275
72,272,-9.00126195
72,274,-9.175072821
72,276,-10.06309905
72,278,-10.55357146
72,280,-10.5497875
72,282,-10.61443205
72,284,-10.99819137
72,286,-11.62955626
72,288,-12.51466176
72,290,-13.77964894
72,292,-14.85666117
72,294,-15.11340465
72,296,-14.80046921
72,298,-14.63381509
72,300,-15.0030905
72,302,-15.73766446
72,304,-16.65234366
72,306,-17.67671888
72,308,-18.34818794
72,310,-19.5342955
72,312,-21.12796021
72,314,-22.8033
72,316,-23.64112956
72,318,-21.85553206
72,320,-20.88934512
72,322,-21.72854179
72,324,-23.37744456
72,326,-23.67086873
72,328,-23.16597937
72,330,-22.37324218
72,332,-22.31017929
72,334,-22.90428327
72,336,-23.52510641
72,338,-23.90965254
72,340,-23.72539501
72,342,-22.44086828
72,344,-21.50037312
72,346,-20.94153539
72,348,-21.19931583
72,350,-22.05272965
72,352,-22.85670071
72,354,-23.3633191
72,356,-22.44181248
72,358,-21.14874655
72,360,-19.94660593
74,0,-19.4387667
74,2,-19.00242918
74,4,-18.88075907
74,6,-19.06660794
74,8,-19.40924879
74,10,-19.92426556
74,12,-20.37683098
74,14,-20.62402478
74,16,-20.46430636
74,18,-20.04234108
74,20,-19.45628695
74,22,-19.34876379
74,24,-19.52202366
74,26,-20.518449
74,28,-20.54582131
74,30,-19.50124098
74,32,-17.95243148
74,34,-16.72242918
74,36,-16.74492701
74,38,-17.67655327
74,40,-18.51290765
74,42,-18.86796835
74,44,-18.97114191
74,46,-19.64762995
74,48,-20.51251366
74,50,-19.26218074
74,52,-16.94847261
74,54,-15.38758986
74,56,-14.29030324
74,58,-13.62785486
74,60,-13.3526388
74,62,-13.40818784
74,64,-13.72617896
74,66,-13.48320911
74,68,-13.02959762
74,70,-12.30188955
74,72,-11.5214257
74,74,-10.87713618
74,76,-10.12335762
74,78,-9.727395551
74,80,-9.801880251
74,82,-9.477678601
74,84,-8.998989038
74,86,-8.767847744
74,88,-8.793888288
74,90,-8.489363964
74,92,-8.000867694
74,94,-7.414613537
74,96,-6.87507825
74,98,-6.285324261
74,100,-5.684613537
74,102,-5.347958878
74,104,-5.417413756
74,106,-5.339591486
74,108,-5.144321396
74,110,-4.907478182
74,112,-4.719309574
74,114,-4.584416053
74,116,-4.253441072
74,118,-3.946953348
74,120,-3.773097046
74,122,-3.680273296
74,124,-3.560276591
74,126,-3.379078867
74,128,-3.125244428
74,130,-3.007860369
74,132,-2.88106651
74,134,-2.69553006
74,136,-2.575071369
74,138,-2.428719971
74,140,-2.269309596
74,142,-2.168549397
74,144,-2.035028366
74,146,-1.913305314
74,148,-1.830614141
74,150,-1.767568081
74,152,-1.732454991
74,154,-1.696728939
74,156,-1.661997113
74,158,-1.619825666
74,160,-1.536603929
74,162,-1.501299709
74,164,-1.446741558
74,166,-1.376412729
74,168,-1.257289988
74,170,-1.148611824
74,172,-1.073405757
74,174,-1.02572733
74,176,-0.999588214
74,178,-1.011300042
74,180,-1.044802107
74,182,-1.09369446
74,184,-1.176729336
74,186,-1.318361227
74,188,-1.427860369
74,190,-1.538825637
74,192,-1.637214922
74,194,-1.726556885
74,196,-1.719177873
74,198,-1.690467821
74,200,-1.602237851
74,202,-1.551284211
74,204,-1.501175424
74,206,-1.467318943
74,208,-1.418709625
74,210,-1.393924826
74,212,-1.406383909
74,214,-1.383813091
74,216,-1.321238976
74,218,-1.324430045
74,220,-1.330804584
74,222,-1.295534645
74,224,-1.321912441
74,226,-1.386698743
74,228,-1.531913133
74,230,-1.704430374
74,232,-1.87256355
74,234,-2.103474169
74,236,-2.296182743
74,238,-2.440496919
74,240,-2.519975363
74,242,-2.83863963
74,244,-3.189591486
74,246,-3.530749591
74,248,-3.832078699
74,250,-4.199635683
74,252,-4.623693832
74,254,-4.925703721
74,256,-5.049177713
74,258,-5.086887309
74,260,-5.408361373
74,262,-5.948344454
74,264,-6.546630532
74,266,-7.234096236
74,268,-8.115072821
74,270,-8.625029971
74,272,-8.894295505
74,274,-9.01126195
74,276,-9.571493275
74,278,-10.31874655
74,280,-10.59874655
74,282,-10.49126542
74,284,-10.7487667
74,286,-11.31257934
74,288,-12.07947188
74,290,-13.14250488
74,292,-14.33000179
74,294,-15.0924034
74,296,-15.02971828
74,298,-14.64315113
74,300,-14.87163913
74,302,-15.54450633
74,304,-16.47720518
74,306,-17.58858836
74,308,-18.5135084
74,310,-19.31940726
74,312,-20.59917308
74,314,-22.40442421
74,316,-24.34162092
74,318,-23.42780545
74,320,-22.24202366
74,322,-22.06250488
74,324,-22.91287548
74,326,-23.75934512
74,328,-23.26861363
74,330,-22.65084709
74,332,-22.37388753
74,334,-22.68592707
74,336,-23.22381509
74,338,-23.65572933
74,340,-23.69975204
74,342,-23.15235184
74,344,-21.99793048
74,346,-21.61283026
74,348,-21.61852908
74,350,-22.24175865
74,352,-22.76375146
74,354,-22.81579893
74,356,-21.75825215
74,358,-20.50309019
74,360,-19.4387667
76,0,-19.69871094
76,2,-19.11442782
76,4,-18.89042239
76,6,-19.05787067
76,8,-19.56567611
76,10,-20.09489842
76,12,-20.55429823
76,14,-20.77608824
76,16,-20.42656843
76,18,-20.06762995
76,20,-19.74044274
76,22,-19.9022641
76,24,-20.85000179
76,26,-21.22887809
76,28,-20.35676139
76,30,-18.56817075
76,32,-17.06724489
76,34,-16.61875775
76,36,-17.0340868
76,38,-17.83709686
76,40,-18.50283026
76,42,-18.51620386
76,44,-19.19758105
76,46,-20.23172315
76,48,-20.237414
76,50,-18.50950865
76,52,-16.39101647
76,54,-15.09245113
76,56,-14.12737713
76,58,-13.70528812
76,60,-13.58996763
76,62,-13.78100306
76,64,-13.87494231
76,66,-13.48932503
76,68,-12.88999381
76,70,-11.98569241
76,72,-11.32024547
76,74,-10.50379269
76,76,-9.95897842
76,78,-9.810690591
76,80,-9.745044578
76,82,-9.273075954
76,84,-8.779471885
76,86,-8.867526045
76,88,-8.601872155
76,90,-8.112487235
76,92,-7.550790933
76,94,-6.973449646
76,96,-6.451630224
76,98,-5.797904616
76,100,-5.394636088
76,102,-5.32224308
76,104,-5.314335555
76,106,-5.168622853
76,108,-4.885389597
76,110,-4.709260077
76,112,-4.579309574
76,114,-4.296409457
76,116,-3.925855008
76,118,-3.719585928
76,120,-3.609260551
76,122,-3.475244428
76,124,-3.301618923
76,126,-3.039998774
76,128,-2.922269164
76,130,-2.773322868
76,132,-2.603088191
76,134,-2.456658712
76,136,-2.307214922
76,138,-2.145244924
76,140,-2.02533753
76,142,-1.914416053
76,144,-1.793441072
76,146,-1.753305314
76,148,-1.716629532
76,150,-1.73106651
76,152,-1.7475695
76,154,-1.74878438
76,156,-1.736653451
76,158,-1.73483673
76,160,-1.709390178
76,162,-1.563149129
76,164,-1.424542254
76,166,-1.274064966
76,168,-1.119960568
76,170,-0.995981793
76,172,-0.889171394
76,174,-0.796741202
76,176,-0.76426998
76,178,-0.751044054
76,180,-0.78070005
76,182,-0.836238583
76,184,-0.924664724
76,186,-1.053870234
76,188,-1.187860369
76,190,-1.319309085
76,192,-1.443993131
76,194,-1.533699548
76,196,-1.580245651
76,198,-1.608638252
76,200,-1.577161475
76,202,-1.471299376
76,204,-1.338708942
76,206,-1.267289988
76,208,-1.224610494
76,210,-1.2070011
76,212,-1.203073954
76,214,-1.226455899
76,216,-1.303405757
76,218,-1.247650143
76,220,-1.229960246
76,222,-1.273174588
76,224,-1.2713563
76,226,-1.30572733
76,228,-1.416698043
76,230,-1.581912441
76,232,-1.747844689
76,234,-1.916977485
76,236,-2.140467821
76,238,-2.31466412
76,240,-2.459591486
76,242,-2.558168746
76,244,-2.90894893
76,246,-3.264769051
76,248,-3.610907779
76,250,-3.937442389
76,252,-4.330496919
76,254,-4.753742699
76,256,-4.978390768
76,258,-5.086887309
76,260,-5.23981261
76,262,-5.591141266
76,264,-6.216734578
76,266,-6.769586831
76,268,-7.596955348
76,270,-8.298746549
76,272,-8.728936345
76,274,-8.958158435
76,276,-9.085029971
76,278,-10.02958793
76,280,-10.5122701
76,282,-10.53593845
76,284,-10.64461487
76,286,-11.05308598
76,288,-11.71955626
76,290,-12.6211569
76,292,-13.83964894
76,294,-14.87441756
76,296,-15.08502997
76,298,-14.92344913
76,300,-14.92553665
76,302,-15.41568326
76,304,-16.35993489
76,306,-17.33552971
76,308,-18.72468949
76,310,-19.4002274
76,312,-20.76034717
76,314,-22.24456951
76,316,-23.8543796
76,318,-25.59235184
76,320,-24.00374545
76,322,-22.99076607
76,324,-23.25208412
76,326,-23.60199478
76,328,-23.22452423
76,330,-22.95777683
76,332,-22.53321911
76,334,-22.61739555
76,336,-22.96765862
76,338,-23.36598379
76,340,-23.59905455
76,342,-23.15790748
76,344,-22.5711569
76,346,-22.02504458
76,348,-21.99243148
76,350,-22.35218051
76,352,-22.87820384
76,354,-22.78791377
76,356,-21.95286806
76,358,-20.81682516
76,360,-19.69871094
78,0,-20.06242495
78,2,-19.66626314
78,4,-19.32184192
78,6,-19.38958515
78,8,-19.80861363
78,10,-20.22878566
78,12,-20.58082165
78,14,-20.5520013
78,16,-20.41028878
78,18,-20.14731759
78,20,-20.34369774
78,22,-21.18432299
78,24,-21.84369239
78,26,-21.47533853
78,28,-19.35926255
78,30,-17.57741538
78,32,-16.63073751
78,34,-16.61011574
78,36,-17.28454459
78,38,-17.899108
78,40,-18.26231282
78,42,-18.67854179
78,44,-19.48478127
78,46,-20.70880592
78,48,-20.05734442
78,50,-17.70432966
78,52,-16.11992298
78,54,-14.90559733
78,56,-14.14430156
78,58,-13.81611067
78,60,-13.84828973
78,62,-14.23494225
78,64,-13.94934468
78,66,-13.41184587
78,68,-12.53440134
78,70,-11.71839883
78,72,-10.99026607
78,74,-10.20233952
78,76,-9.827978581
78,78,-9.935536645
78,80,-9.555582109
78,82,-9.057978581
78,84,-8.825395006
78,86,-8.727846987
78,88,-8.303356119
78,90,-7.696457194
78,92,-7.07651485
78,94,-6.578540529
78,96,-5.968820181
78,98,-5.467929806
78,100,-5.223799932
78,102,-5.273743829
78,104,-5.172262098
78,106,-4.923317683
78,108,-4.692409713
78,110,-4.548825637
78,112,-4.363092417
78,114,-3.935855549
78,116,-3.709585928
78,118,-3.551647206
78,120,-3.420322139
78,122,-3.238719971
78,124,-2.978250666
78,126,-2.842401401
78,128,-2.696022948
78,130,-2.512199808
78,132,-2.358198849
78,134,-2.183403164
78,136,-2.025244924
78,138,-1.914783934
78,140,-1.805348043
78,142,-1.713955128
78,144,-1.679778169
78,146,-1.694995106
78,148,-1.72125995
78,150,-1.805471497
78,152,-1.853870658
78,154,-1.893888078
78,156,-1.908771702
78,158,-1.778948702
78,160,-1.648762161
78,162,-1.473299862
78,164,-1.309826029
78,166,-1.154234068
78,168,-0.967657285
78,170,-0.82113991
78,172,-0.703175266
78,174,-0.625534963
78,176,-0.565983112
78,178,-0.567318943
78,180,-0.56442699
78,182,-0.616514139
78,184,-0.704849509
78,186,-0.828391361
78,188,-0.961862503
78,190,-1.115028366
78,192,-1.233402649
78,194,-1.332075968
78,196,-1.415676766
78,198,-1.463743452
78,200,-1.439689466
78,202,-1.390287059
78,204,-1.316457355
78,206,-1.178224657
78,208,-1.024422926
78,210,-1.00520585
78,212,-1.012706292
78,214,-1.027242892
78,216,-1.082430504
78,218,-1.188636424
78,220,-1.179502683
78,222,-1.169171075
78,224,-1.229171757
78,226,-1.275535328
78,228,-1.333924139
78,230,-1.468611521
78,232,-1.63572802
78,234,-1.804542591
78,236,-1.96623821
78,238,-2.174769051
78,240,-2.342753278
78,242,-2.456182743
78,244,-2.633473781
78,246,-2.968623457
78,248,-3.355936449
78,250,-3.692626444
78,252,-4.053317096
78,254,-4.467911768
78,256,-4.891810482
78,258,-5.05232923
78,260,-5.12553106
78,262,-5.392626444
78,264,-5.858361227
78,266,-6.413088191
78,268,-7.018745461
78,270,-7.96126195
78,272,-8.504295505
78,274,-8.83757195
78,276,-9.012824514
78,278,-9.516025495
78,280,-10.31418007
78,282,-10.61357146
78,284,-10.48725514
78,286,-10.83881791
78,288,-11.43723473
78,290,-12.25834973
78,292,-13.36256519
78,294,-14.44162092
78,296,-15.20524643
78,298,-15.21757008
78,300,-15.04086828
78,302,-15.32235184
78,304,-16.14208412
78,306,-17.30946137
78,308,-18.69262676
78,310,-19.93789413
78,312,-20.60732094
78,314,-22.16543314
78,316,-23.69216204
78,318,-25.93387223
78,320,-26.41674288
78,322,-24.97340465
78,324,-24.06905455
78,326,-23.84434976
78,328,-23.42088506
78,330,-22.95585701
78,332,-22.74079162
78,334,-22.73163913
78,336,-22.88442833
78,338,-23.19670004
78,340,-23.20184192
78,342,-22.97295749
78,344,-22.55423406
78,346,-22.14570572
78,348,-21.97695004
78,350,-22.12981461
78,352,-22.47276015
78,354,-22.4447874
78,356,-22.03250488
78,358,-21.11164921
78,360,-20.06242495
80,0,-20.23516584
80,2,-19.78483836
80,4,-19.54310416
80,6,-19.47041261
80,8,-19.66721428
80,10,-20.07730813
80,12,-20.16082165
80,14,-20.16444337
80,16,-20.25570419
80,18,-20.47358033
80,20,-21.57163149
80,22,-22.20505141
80,24,-22.10260799
80,26,-19.98981461
80,28,-18.10641094
80,30,-16.82128621
80,32,-16.47608086
80,34,-16.95809637
80,36,-17.44338578
80,38,-17.83351849
80,40,-17.98011423
80,42,-18.53431568
80,44,-20.15355324
80,46,-20.66101337
80,48,-19.13811494
80,50,-17.14967636
80,52,-15.85206359
80,54,-14.70658767
80,56,-14.19445564
80,58,-14.06418236
80,60,-14.31389571
80,62,-14.36251547
80,64,-13.91442889
80,66,-13.18163984
80,68,-12.12731759
80,70,-11.48731759
80,72,-10.6418296
80,74,-10.08094978
80,76,-9.9470031
80,78,-9.823299996
80,80,-9.334082384
80,82,-8.868989038
80,84,-8.833279274
80,86,-8.465926317
80,88,-7.87568254
80,90,-7.221177424
80,92,-6.657414127
80,94,-6.145280121
80,96,-5.541300043
80,98,-5.191239314
80,100,-5.196197089
80,102,-5.136652836
80,104,-4.946723387
80,106,-4.702393691
80,108,-4.506408936
80,110,-4.429078867
80,112,-4.030336615
80,114,-3.715070821
80,116,-3.530444348
80,118,-3.398825637
80,120,-3.2207445
80,122,-2.942021657
80,124,-2.769862148
80,126,-2.626658251
80,128,-2.428876092
80,130,-2.267440994
80,132,-2.088250151
80,134,-1.925060732
80,136,-1.808825637
80,138,-1.704612239
80,140,-1.620276088
80,142,-1.614611258
80,144,-1.663955128
80,146,-1.731619402
80,148,-1.86356946
80,150,-1.956556333
80,152,-2.022394125
80,154,-1.965389597
80,156,-1.843317096
80,158,-1.677443389
80,160,-1.517986673
80,162,-1.334785404
80,164,-1.14816898
80,166,-0.972563822
80,168,-0.840053525
80,170,-0.727540141
80,172,-0.623924139
80,174,-0.570350276
80,176,-0.525580109
80,178,-0.501153262
80,180,-0.519171075
80,182,-0.561175424
80,184,-0.637888796
80,186,-0.733473781
80,188,-0.854973485
80,190,-0.980444348
80,192,-1.090207012
80,194,-1.184293969
80,196,-1.281140841
80,198,-1.339591486
80,200,-1.320068523
80,202,-1.277053271
80,204,-1.193695737
80,206,-1.104539324
80,208,-1.011761185
80,210,-0.854377597
80,212,-0.777774828
80,214,-0.833702913
80,216,-0.880440742
80,218,-0.961684584
80,220,-1.091595075
80,222,-1.126698343
80,224,-1.148708942
80,226,-1.246383909
80,228,-1.296384588
80,230,-1.361878568
80,232,-1.517289988
80,234,-1.701356616
80,236,-1.860053525
80,238,-2.041053346
80,240,-2.234320988
80,242,-2.374769453
80,244,-2.484663724
80,246,-2.724663724
80,248,-3.090245651
80,250,-3.47264914
80,252,-3.797478743
80,254,-4.185677177
80,256,-4.632754278
80,258,-4.947986444
80,260,-5.099716849
80,262,-5.198343454
80,264,-5.534973906
80,266,-6.084090095
80,268,-6.629966372
80,270,-7.389607878
80,272,-8.178200849
80,274,-8.640338615
80,276,-8.948158435
80,278,-9.081493275
80,280,-9.975072821
80,282,-10.52100537
80,284,-10.60963473
80,286,-10.74790594
80,288,-11.23094978
80,290,-11.88070368
80,292,-12.91901546
80,294,-14.03239612
80,296,-15.09369239
80,298,-15.38663109
80,300,-15.30483836
80,302,-15.41115526
80,304,-15.97350622
80,306,-17.26340277
80,308,-18.47166179
80,310,-20.29418879
80,312,-21.25179759
80,314,-22.49666117
80,316,-23.66453228
80,318,-25.03557897
80,320,-29.19389067
80,322,-28.14344307
80,324,-26.23553665
80,326,-24.90126894
80,328,-23.59624287
80,330,-22.87330186
80,332,-22.80337749
80,334,-22.82406629
80,336,-22.80822666
80,338,-22.87024572
80,340,-22.82462429
80,342,-22.22180597
80,344,-21.92074963
80,346,-21.7100999
80,348,-21.24874655
80,350,-21.3013583
80,352,-21.45248872
80,354,-21.39625938
80,356,-21.16191607
80,358,-20.81275546
80,360,-20.23516584
82,0,-19.22369239
82,2,-19.03665484
82,4,-18.98128488
82,6,-18.96395126
82,8,-19.15852908
82,10,-19.35590015
82,12,-19.7211232
82,14,-20.06442782
82,16,-20.74308598
82,18,-21.66295648
82,20,-22.43593255
82,22,-22.39070205
82,24,-20.61939153
82,26,-18.68624315
82,28,-17.18663109
82,30,-16.7505448
82,32,-16.81407423
82,34,-17.13101037
82,36,-17.38278951
82,38,-17.42114284
82,40,-17.87805145
82,42,-19.1060092
82,44,-20.38881836
82,46,-20.18363278
82,48,-18.34839659
82,50,-16.82514976
82,52,-15.50642693
82,54,-14.72133338
82,56,-14.35903254
82,58,-14.43393808
82,60,-14.8123033
82,62,-14.44890224
82,64,-13.78058678
82,66,-12.76234108
82,68,-11.87896075
82,70,-11.13199478
82,72,-10.38289176
82,74,-10.0050788
82,76,-10.05422573
82,78,-9.627581047
82,80,-9.093090497
82,82,-8.868989038
82,84,-8.605077315
82,86,-8.083578139
82,88,-7.449588855
82,90,-6.733743582
82,92,-6.285819571
82,94,-5.706225246
82,96,-5.277929138
82,98,-5.116224899
82,100,-5.101263418
82,102,-4.977912378
82,104,-4.733317096
82,106,-4.512822514
82,108,-4.422021657
82,110,-4.132866061
82,112,-3.76055001
82,114,-3.513097046
82,116,-3.379778169
82,118,-3.199516288
82,120,-2.951618923
82,122,-2.720276585
82,124,-2.591647206
82,126,-2.377589804
82,128,-2.205855467
82,130,-2.021618923
82,132,-1.835301992
82,134,-1.728250151
82,136,-1.628549911
82,138,-1.564416073
82,140,-1.550115416
82,142,-1.59986164
82,144,-1.725244428
82,146,-1.882758633
82,148,-1.992866061
82,150,-2.046658093
82,152,-1.973097046
82,154,-1.842075968
82,156,-1.679584831
82,158,-1.502076519
82,160,-1.316733578
82,162,-1.161755485
82,164,-1.048622853
82,166,-0.939969272
82,168,-0.843149129
82,170,-0.74674088
82,172,-0.68499824
82,174,-0.635675266
82,176,-0.611637133
82,178,-0.608611429
82,180,-0.605042894
82,182,-0.647903944
82,184,-0.71706686
82,186,-0.791811482
82,188,-0.902328386
82,190,-1.003305314
82,192,-1.089078867
82,194,-1.155511532
82,196,-1.234981461
82,198,-1.230793186
82,200,-1.211629859
82,202,-1.177967018
82,204,-1.094223727
82,206,-0.987393551
82,208,-0.883578327
82,210,-0.821059449
82,212,-0.711606472
82,214,-0.611059449
82,216,-0.688410769
82,218,-0.777774828
82,220,-0.882430483
82,222,-1.031595792
82,224,-1.113696037
82,226,-1.148708942
82,228,-1.257052595
82,230,-1.317052919
82,232,-1.425982474
82,234,-1.589522526
82,236,-1.789960568
82,238,-1.949390178
82,240,-2.126181527
82,242,-2.287442564
82,244,-2.410567184
82,246,-2.52466412
82,248,-2.820749189
82,250,-3.206549612
82,252,-3.574291194
82,254,-3.905471497
82,256,-4.337986673
82,258,-4.800749189
82,260,-5.046886457
82,262,-5.139715849
82,264,-5.325390021
82,266,-5.741755067
82,268,-6.318361654
82,270,-6.836023854
82,272,-7.780446348
82,274,-8.372824514
82,276,-8.76499664
82,278,-9.015857008
82,280,-9.462077968
82,282,-10.33241171
82,284,-10.7122701
82,286,-10.65735261
82,288,-11.07153539
82,290,-11.70254681
82,292,-12.58379269
82,294,-13.73099708
82,296,-14.82695535
82,298,-15.68344307
82,300,-15.59679744
82,302,-15.55996225
82,304,-15.98283026
82,306,-17.02576108
82,308,-18.46034145
82,310,-20.16459583
82,312,-22.06726324
82,314,-22.50863842
82,316,-23.96905455
82,318,-25.20383935
82,320,-28.0801171
82,322,-34.14233039
82,324,-29.540644
82,326,-26.57727566
82,328,-24.44577053
82,330,-23.20335762
82,332,-22.45986364
82,334,-22.40381509
82,336,-22.61840821
82,338,-22.52955213
82,340,-22.13221936
82,342,-21.57184192
82,344,-21.05628695
82,346,-20.58497549
82,348,-20.26337749
82,350,-20.10881791
82,352,-19.94242206
82,354,-19.82641049
82,356,-19.69627459
82,358,-19.4212625
82,360,-19.22369239
84,0,-17.97964894
84,2,-18.04068148
84,4,-18.06947188
84,6,-18.26638504
84,8,-18.61852908
84,10,-19.04014668
84,12,-19.64720518
84,14,-20.4868552
84,16,-21.48796021
84,18,-22.51619909
84,20,-22.52553665
84,22,-21.00706808
84,24,-19.21892595
84,26,-17.68503037
84,28,-17.17256519
84,30,-16.97595947
84,32,-16.98412902
84,34,-17.17028906
84,36,-16.97539622
84,38,-17.25503037
84,40,-18.06820393
84,42,-19.58176319
84,44,-20.32783252
84,46,-19.31058462
84,48,-17.81763451
84,50,-16.43936206
84,52,-15.30005934
84,54,-14.67455728
84,56,-14.60339009
84,58,-15.00125899
84,60,-14.94679386
84,62,-14.33247733
84,64,-13.43931583
84,66,-12.35955213
84,68,-11.6299054
84,70,-10.75436205
84,72,-10.24798127
84,74,-10.13176319
84,76,-9.891639133
84,78,-9.383075954
84,80,-8.910063048
84,82,-8.777244892
84,84,-8.288151968
84,86,-7.623405673
84,88,-6.928663707
84,90,-6.374336322
84,92,-5.879618621
84,94,-5.371261168
84,96,-5.057966351
84,98,-5.081629763
84,100,-4.974849268
84,102,-4.746796845
84,104,-4.518692529
84,106,-4.383993131
84,108,-4.244522704
84,110,-3.80859949
84,112,-3.554291194
84,114,-3.39125995
84,116,-3.210115406
84,118,-2.982021138
84,120,-2.714415563
84,122,-2.555028366
84,124,-2.336953348
84,126,-2.152409713
84,128,-1.968720443
84,130,-1.770114911
84,132,-1.643955128
84,134,-1.553091901
84,136,-1.498250151
84,138,-1.478250666
84,140,-1.552021657
84,142,-1.683690393
84,144,-1.87533653
84,146,-2.009309596
84,148,-2.032401919
84,150,-1.973441072
84,152,-1.792021657
84,154,-1.628549911
84,156,-1.452758667
84,158,-1.303441072
84,160,-1.194178613
84,162,-1.113698807
84,164,-1.040566779
84,166,-0.967506137
84,168,-0.908314051
84,170,-0.86114058
84,172,-0.828201926
84,174,-0.78807828
84,176,-0.781152954
84,178,-0.773924139
84,180,-0.797715099
84,182,-0.829277806
84,184,-0.895016301
84,186,-0.970566779
84,188,-1.053088191
84,190,-1.149260551
84,192,-1.224783934
84,194,-1.279605878
84,196,-1.325530631
84,198,-1.278782781
84,200,-1.229617884
84,202,-1.117224217
84,204,-1.0113563
84,206,-0.918224364
84,208,-0.790742702
84,210,-0.673702913
84,212,-0.634689922
84,214,-0.571606472
84,216,-0.487066081
84,218,-0.571684854
84,220,-0.71086788
84,222,-0.829013456
84,224,-1.013073954
84,226,-1.099502988
84,228,-1.163175266
84,230,-1.294430716
84,232,-1.354545049
84,234,-1.493516486
84,236,-1.679171075
84,238,-1.86114058
84,240,-2.011127559
84,242,-2.200566779
84,244,-2.345049413
84,246,-2.456164752
84,248,-2.60878338
84,250,-2.963889668
84,252,-3.365393654
84,254,-3.67859904
84,256,-4.044982025
84,258,-4.500906779
84,260,-4.920907193
84,262,-5.114981461
84,264,-5.1712423
84,266,-5.480907608
84,268,-5.97011223
84,270,-6.513698854
84,272,-7.220550915
84,274,-8.066661172
84,276,-8.59357146
84,278,-8.950338615
84,280,-9.12442563
84,282,-9.932201365
84,284,-10.56695535
84,286,-10.7553916
84,288,-10.96380193
84,290,-11.57595947
84,292,-12.23041261
84,294,-13.40335762
84,296,-14.50817075
84,298,-15.54988618
84,300,-15.97090919
84,302,-15.90275546
84,304,-16.0764579
84,306,-16.74168183
84,308,-18.24106145
84,310,-19.97014668
84,312,-22.10811058
84,314,-23.50089712
84,316,-24.02220137
84,318,-25.50218023
84,320,-27.30528544
84,322,-32.40095455
84,324,-35.58595195
84,326,-28.8184135
84,328,-25.45529726
84,330,-23.4558259
84,332,-22.38695004
84,334,-21.82129417
84,336,-21.88442782
84,338,-22.10273787
84,340,-21.55461374
84,342,-20.80473995
84,344,-20.3033
84,346,-19.61748018
84,348,-19.09505141
84,350,-18.73188025
84,352,-18.57024572
84,354,-18.41766446
84,356,-18.29871094
84,358,-18.19918805
84,360,-17.97964894
86,0,-17.17260799
86,2,-17.29080658
86,4,-17.55095188
86,6,-17.96685346
86,8,-18.44775482
86,10,-19.13826184
86,12,-19.98423406
86,14,-21.1713583
86,16,-22.33776341
86,18,-22.12975204
86,20,-21.33199478
86,22,-19.69461249
86,24,-18.46337749
86,26,-17.73505141
86,28,-17.4170031
86,30,-17.2158259
86,32,-17.14405727
86,34,-16.83507282
86,36,-16.84461326
86,38,-17.24330731
86,40,-18.60231282
86,42,-19.62440134
86,44,-19.66039995
86,46,-18.6496133
86,48,-17.32643658
86,50,-15.9798505
86,52,-15.18760392
86,54,-14.88251366
86,56,-15.11305481
86,58,-15.40392271
86,60,-14.98300922
86,62,-14.13959762
86,64,-12.88770833
86,66,-12.06999381
86,68,-11.22739275
86,70,-10.52638504
86,72,-10.20086873
86,74,-10.1830905
86,76,-9.647395551
86,78,-9.070197901
86,80,-8.830245369
86,82,-8.458765271
86,84,-7.859696113
86,86,-7.146937803
86,88,-6.467912549
86,90,-6.044008357
86,92,-5.492311517
86,94,-5.124611917
86,96,-5.014234009
86,98,-4.969969272
86,100,-4.813473781
86,102,-4.545049413
86,104,-4.332822976
86,106,-4.288719971
86,108,-3.925071369
86,110,-3.621862503
86,112,-3.403323313
86,114,-3.235028841
86,116,-3.029079379
86,118,-2.729309085
86,120,-2.54275815
86,122,-2.348745005
86,124,-2.147589355
86,126,-1.957439994
86,128,-1.743690393
86,130,-1.599999787
86,132,-1.498825637
86,134,-1.423092417
86,136,-1.412021657
86,138,-1.493993131
86,140,-1.644522704
86,142,-1.83758265
86,144,-1.995060732
86,146,-1.98533653
86,148,-1.895164335
86,150,-1.715060227
86,152,-1.548825637
86,154,-1.383690879
86,156,-1.269700965
86,158,-1.180276585
86,160,-1.129260551
86,162,-1.087763959
86,164,-1.07810212
86,166,-1.060794186
86,168,-1.042503132
86,170,-0.973498263
86,172,-0.910287059
86,174,-0.873298308
86,176,-0.841912441
86,178,-0.835042578
86,180,-0.844543718
86,182,-0.87361828
86,184,-0.942803688
86,186,-1.044973485
86,188,-1.156659633
86,190,-1.290276088
86,192,-1.409646937
86,194,-1.471242871
86,196,-1.496795445
86,198,-1.448762161
86,200,-1.364233362
86,202,-1.21780445
86,204,-1.0513563
86,206,-0.829695514
86,208,-0.721595792
86,210,-0.615431411
86,212,-0.491059713
86,214,-0.473702913
86,216,-0.447066081
86,218,-0.400743255
86,220,-0.525682259
86,222,-0.670061766
86,224,-0.825928941
86,226,-1.006456194
86,228,-1.093297996
86,230,-1.190995076
86,232,-1.321261161
86,234,-1.391300042
86,236,-1.560568542
86,238,-1.753516486
86,240,-1.933800932
86,242,-2.112803302
86,244,-2.280764066
86,246,-2.401755067
86,248,-2.504320988
86,250,-2.746513661
86,252,-3.113375491
86,254,-3.484424184
86,256,-3.772052674
86,258,-4.21264857
86,260,-4.700111395
86,262,-5.006948042
86,264,-5.144981461
86,266,-5.296549456
86,268,-5.662693255
86,270,-6.233318509
86,272,-6.747765402
86,274,-7.603307314
86,276,-8.300446348
86,278,-8.78126195
86,280,-9.077591355
86,282,-9.43265057
86,284,-10.42370111
86,286,-10.83241171
86,288,-10.90959349
86,290,-11.40350374
86,292,-12.1018296
86,294,-13.02985669
86,296,-14.26159779
86,298,-15.25387223
86,300,-16.29262844
86,302,-16.26256519
86,304,-16.32729129
86,306,-16.78086915
86,308,-17.78370491
86,310,-19.50989421
86,312,-21.3702399
86,314,-23.85627459
86,316,-24.48069059
86,318,-25.4533
86,320,-26.49214291
86,322,-29.00249625
86,324,-31.98139362
86,326,-29.272412
86,328,-26.23262844
86,330,-23.56594929
86,332,-22.25616675
86,334,-21.428449
86,336,-21.14152434
86,338,-21.02806099
86,340,-20.85382957
86,342,-20.19897842
86,344,-19.25075119
86,346,-18.65027809
86,348,-18.19208029
86,350,-17.77780545
86,352,-17.46645866
86,354,-17.30406629
86,356,-17.15735261
86,358,-17.07452423
86,360,-17.17260799
88,0,-16.82887809
88,2,-17.0550173
88,4,-17.37499962
88,6,-17.97686795
88,8,-18.68965254
88,10,-19.62442762
88,12,-20.66729129
88,14,-21.29350622
88,16,-21.58771472
88,18,-21.17608983
88,20,-20.01429974
88,22,-19.20440634
88,24,-18.54869453
88,26,-18.1276786
88,28,-17.66176319
88,30,-17.24741538
88,32,-16.61027482
88,34,-16.49286806
88,36,-16.66027482
88,38,-17.73505141
88,40,-18.71283026
88,42,-19.29094517
88,44,-19.15690563
88,46,-17.98662478
88,48,-16.76038346
88,50,-15.75197892
88,52,-15.21801087
88,54,-15.17524522
88,56,-15.83057245
88,58,-15.60845439
88,60,-14.77711915
88,62,-13.62310236
88,64,-12.50547546
88,66,-11.75014668
88,68,-10.85365702
88,70,-10.39241399
88,72,-10.32845783
88,74,-9.948153424
88,76,-9.335930941
88,78,-8.881156904
88,80,-8.649919057
88,82,-8.13757964
88,84,-7.421292831
88,86,-6.641054485
88,88,-6.150701087
88,90,-5.671128559
88,92,-5.210865942
88,94,-4.957656624
88,96,-4.954314679
88,98,-4.856202242
88,100,-4.596729542
88,102,-4.354291194
88,104,-4.258934882
88,106,-4.068745092
88,108,-3.69106651
88,110,-3.442627018
88,112,-3.284095334
88,114,-3.090000293
88,116,-2.789861148
88,118,-2.554414584
88,120,-2.352053674
88,122,-2.136629975
88,124,-1.965070821
88,126,-1.768720443
88,128,-1.589999787
88,130,-1.464783934
88,132,-1.379077843
88,134,-1.357213922
88,136,-1.408719443
88,138,-1.561647206
88,140,-1.768720443
88,142,-1.947215441
88,144,-1.939516778
88,146,-1.824784426
88,148,-1.615511532
88,150,-1.446327624
88,152,-1.307440455
88,154,-1.186659712
88,156,-1.136960522
88,158,-1.123955128
88,160,-1.120276591
88,162,-1.127214922
88,164,-1.115070821
88,166,-1.066759801
88,168,-1.013447745
88,170,-0.968819133
88,172,-0.940287059
88,174,-0.914224033
88,176,-0.875580109
88,178,-0.878822345
88,180,-0.88113991
88,182,-0.939390178
88,184,-0.992262706
88,186,-1.089716281
88,188,-1.2107445
88,190,-1.346822164
88,192,-1.481862941
88,194,-1.600749189
88,196,-1.668540529
88,198,-1.670052869
88,200,-1.573814091
88,202,-1.392628082
88,204,-1.19163807
88,206,-0.946456309
88,208,-0.673073954
88,210,-0.532873761
88,212,-0.439013731
88,214,-0.358988038
88,216,-0.352705746
88,218,-0.374077011
88,220,-0.351533392
88,222,-0.491154611
88,224,-0.652349841
88,226,-0.823501745
88,228,-1.033405757
88,230,-1.113516486
88,232,-1.234613252
88,234,-1.354265035
88,236,-1.44780345
88,238,-1.640568542
88,240,-1.847844689
88,242,-2.027067498
88,244,-2.194769051
88,246,-2.352626444
88,248,-2.457568081
88,250,-2.574614349
88,252,-2.893889258
88,254,-3.265394654
88,256,-3.606953348
88,258,-3.946953348
88,260,-4.392626444
88,262,-4.882328386
88,264,-5.096629532
88,266,-5.186948042
88,268,-5.440246651
88,270,-5.888656969
88,272,-6.420766066
88,274,-7.038876982
88,276,-7.965072821
88,278,-8.55055201
88,280,-8.952077968
88,282,-9.20265057
88,284,-9.924975485
88,286,-10.67834545
88,288,-10.95497549
88,290,-11.16882148
88,292,-11.92565629
88,294,-12.73231418
88,296,-13.92826184
88,298,-15.04381509
88,300,-16.02279418
88,302,-16.74250488
88,304,-16.65765214
88,306,-16.79706808
88,308,-17.50024572
88,310,-18.82796305
88,312,-20.62955626
88,314,-22.61667923
88,316,-24.24345092
88,318,-25.03670004
88,320,-25.57069059
88,322,-26.57428441
88,324,-28.89507282
88,326,-27.44963157
88,328,-25.11955626
88,330,-23.19986364
88,332,-21.75027809
88,334,-20.85239612
88,336,-20.54638591
88,338,-20.23910955
88,340,-19.97650004
88,342,-19.51539501
88,344,-18.81839277
88,346,-18.01503037
88,348,-17.32242495
88,350,-16.92057054
88,352,-16.60765214
88,354,-16.56129417
88,356,-16.50735261
88,358,-16.61344307
88,360,-16.82887809
90,0,-16.3572164
90,2,-16.67499664
90,4,-17.22865837
90,6,-17.9122458
90,8,-18.52674288
90,10,-19.35442421
90,12,-20.10027422
90,14,-20.6957194
90,16,-20.71480039
90,18,-20.559108
90,20,-20.01619909
90,22,-19.55666117
90,24,-18.88969751
90,26,-18.19567797
90,28,-17.64618474
90,30,-16.63986364
90,32,-16.34663109
90,34,-16.42655888
90,36,-17.14100537
90,38,-17.9250173
90,40,-18.70086915
90,42,-18.92194115
90,44,-18.1502274
90,46,-17.21783252
90,48,-16.2586582
90,50,-15.54392539
90,52,-15.48262676
90,54,-16.04460509
90,56,-16.20961952
90,58,-15.54891846
90,60,-14.3520013
90,62,-12.95876863
90,64,-12.17310236
90,66,-11.29714902
90,68,-10.70887341
90,70,-10.45568178
90,72,-10.26327927
90,74,-9.663104156
90,76,-8.9870031
90,78,-8.746700043
90,80,-8.308612126
90,82,-7.664064944
90,84,-6.916977219
90,86,-6.250794586
90,88,-5.82257708
90,90,-5.279277806
90,92,-4.977958209
90,94,-4.920068523
90,96,-4.86369346
90,98,-4.643473781
90,100,-4.394282995
90,102,-4.237860824
90,104,-4.162822514
90,106,-3.763698548
90,108,-3.523375491
90,110,-3.339717417
90,112,-3.151647206
90,114,-2.900345164
90,116,-2.585301992
90,118,-2.408199312
90,120,-2.154291634
90,122,-1.981054575
90,124,-1.779606336
90,126,-1.602021657
90,128,-1.460345165
90,130,-1.36533653
90,132,-1.319309085
90,134,-1.355511532
90,136,-1.482268104
90,138,-1.696328156
90,140,-1.865028366
90,142,-1.867928384
90,144,-1.758250635
90,146,-1.542866061
90,148,-1.348744549
90,150,-1.205502193
90,152,-1.104291753
90,154,-1.07662909
90,156,-1.063096597
90,158,-1.079585477
90,160,-1.091003374
90,162,-1.07530249
90,164,-1.060336615
90,166,-1.052626444
90,168,-1.023474393
90,170,-0.988820133
90,172,-0.959171075
90,174,-0.939503379
90,176,-0.915580109
90,178,-0.914506019
90,180,-0.914264374
90,182,-0.949969527
90,184,-1.010907779
90,186,-1.110444889
90,188,-1.235244931
90,190,-1.382409713
90,192,-1.502605572
90,194,-1.648638252
90,196,-1.769278806
90,198,-1.793516808
90,200,-1.779695514
90,202,-1.633074667
90,204,-1.362874199
90,206,-1.108483671
90,208,-0.847394266
90,210,-0.541679827
90,212,-0.368816486
90,214,-0.315928941
90,216,-0.251596509
90,218,-0.281680114
90,220,-0.321154319
90,222,-0.313405757
90,224,-0.481153569
90,226,-0.66422434
90,228,-0.864998315
90,230,-1.0613563
90,232,-1.144635755
90,234,-1.270642346
90,236,-1.386603929
90,238,-1.520866282
90,240,-1.734544709
90,242,-1.954542254
90,244,-2.123447126
90,246,-2.291755067
90,248,-2.42981261
90,250,-2.525936449
90,252,-2.690246058
90,254,-3.045937449
90,256,-3.437765515
90,258,-3.713569923
90,260,-4.10662909
90,262,-4.584089522
90,264,-4.975394221
90,266,-5.166241155
90,268,-5.261755485
90,270,-5.279277806
90,272,-6.102694852
90,274,-6.614090377
90,276,-7.434292075
90,278,-8.209967479
90,280,-8.737765959
90,282,-9.118051448
90,284,-9.382456991
90,286,-10.39389067
90,288,-10.90387223
90,290,-11.15725514
90,292,-11.67369774
90,294,-12.53511691
90,296,-13.50354536
90,298,-14.82389595
90,300,-15.83831605
90,302,-16.76068148
90,304,-17.06553665
90,306,-17.02106145
90,308,-17.20955626
90,310,-18.08845783
90,312,-19.45087842
90,314,-21.13839883
90,316,-22.81898904
90,318,-23.59242495
90,320,-24.50882764
90,322,-24.68697848
90,324,-25.39628695
90,326,-26.23155553
90,328,-23.91262676
90,330,-22.03840821
90,332,-20.89103411
90,334,-20.09679744
90,336,-19.60869453
90,338,-19.57917308
90,340,-19.35581668
90,342,-18.88843844
90,344,-18.28128621
90,346,-17.55441756
90,348,-16.95440634
90,350,-16.35461392
90,352,-15.96558211
90,354,-15.9445077
90,356,-15.84507889
90,358,-16.01744456
90,360,-16.3572164
92,0,-15.88205467
92,2,-16.16506223
92,4,-16.85114284
92,6,-17.48361963
92,8,-18.21626314
92,10,-19.09720518
92,12,-19.78402478
92,14,-20.62171675
92,16,-20.95672966
92,18,-21.05115526
92,20,-20.68265057
92,22,-19.96724596
92,24,-19.10381509
92,26,-17.968449
92,28,-16.77815844
92,30,-16.42262844
92,32,-16.32934512
92,34,-16.82027809
92,36,-17.38688846
92,38,-17.96275546
92,40,-18.31739555
92,42,-17.93905455
92,44,-17.39608983
92,46,-16.55694734
92,48,-15.72844436
92,50,-15.63925962
92,52,-16.12544764
92,54,-16.61991661
92,56,-16.35889952
92,58,-15.28240107
92,60,-13.64017929
92,62,-12.64182781
92,64,-11.7767587
92,66,-10.99623978
92,68,-10.59388753
92,70,-10.55070368
92,72,-9.947848501
92,74,-9.259978878
92,76,-8.828660959
92,78,-8.481914441
92,80,-7.93638523
92,82,-7.211486854
92,84,-6.406724595
92,86,-5.988390361
92,88,-5.489968899
92,90,-5.080371776
92,92,-4.886603929
92,94,-4.846977117
92,96,-4.734848888
92,98,-4.422576685
92,100,-4.207479182
92,102,-4.132410167
92,104,-3.888692529
92,106,-3.5875685
92,108,-3.378447581
92,110,-3.215472056
92,112,-3.01882615
92,114,-2.680206003
92,116,-2.441647737
92,118,-2.214291194
92,120,-2.008343454
92,122,-1.832199365
92,124,-1.624293969
92,126,-1.468549911
92,128,-1.369999787
92,130,-1.300345665
92,132,-1.309079379
92,134,-1.389777644
92,136,-1.611648206
92,138,-1.788720443
92,140,-1.816823164
92,142,-1.698250151
92,144,-1.472866061
92,146,-1.263305859
92,148,-1.119884184
92,150,-1.01264857
92,152,-0.9883608
92,154,-0.984973485
92,156,-1.003317683
92,158,-1.01810212
92,160,-1.015502086
92,162,-1.041193724
92,164,-1.047214403
92,166,-1.06264714
92,168,-1.030497919
92,170,-1.035322911
92,172,-1.030804584
92,174,-1.028201926
92,176,-1.022354722
92,178,-1.021261161
92,180,-1.041629494
92,182,-1.080567374
92,184,-1.133097046
92,186,-1.19530149
92,188,-1.293305314
92,190,-1.407442977
92,192,-1.533743452
92,194,-1.675797578
92,196,-1.797715099
92,198,-1.857289294
92,200,-1.861533392
92,202,-1.778484391
92,204,-1.641685315
92,206,-1.296284954
92,208,-0.973504219
92,210,-0.700195189
92,212,-0.417579047
92,214,-0.243695737
92,216,-0.199695514
92,218,-0.193695737
92,220,-0.24645666
92,222,-0.290178323
92,224,-0.330286382
92,226,-0.517052595
92,228,-0.712788188
92,230,-0.929960568
92,232,-1.094430716
92,234,-1.186936772
92,236,-1.328314051
92,238,-1.415322911
92,240,-1.617463361
92,242,-1.837903944
92,244,-2.02716183
92,246,-2.220793186
92,248,-2.403088191
92,250,-2.488343454
92,252,-2.593317683
92,254,-2.855677766
92,256,-3.219813038
92,258,-3.566023495
92,260,-3.847440994
92,262,-4.295394221
92,264,-4.808361227
92,266,-5.092199365
92,268,-5.196948042
92,270,-5.388656372
92,272,-5.772262098
92,274,-6.318656584
92,276,-6.889814038
92,278,-7.829886184
92,280,-8.453090191
92,282,-8.926735145
92,284,-9.225678766
92,286,-9.818337964
92,288,-10.67673094
92,290,-11.05651566
92,292,-11.36315113
92,294,-12.20592277
92,296,-13.11290765
92,298,-14.26178039
92,300,-15.52667923
92,302,-16.46361963
92,304,-17.36235736
92,306,-17.35044274
92,308,-17.23731759
92,310,-17.48842826
92,312,-18.40261204
92,314,-19.39694658
92,316,-20.63188955
92,318,-21.69798127
92,320,-22.16529164
92,322,-22.98553665
92,324,-23.04089324
92,326,-23.08366393
92,328,-23.2332286
92,330,-21.35168066
92,332,-19.81243148
92,334,-19.23011423
92,336,-18.69887809
92,338,-18.5822701
92,340,-18.62387223
92,342,-18.56275546
92,344,-18.16532491
92,346,-17.47695004
92,348,-16.74758465
92,350,-16.19651566
92,352,-15.79716348
92,354,-15.57037312
92,356,-15.53148749
92,358,-15.52275528
92,360,-15.88205467
94,0,-15.81503037
94,2,-16.21370111
94,4,-16.82256519
94,6,-17.58024537
94,8,-18.55407423
94,10,-19.48482167
94,12,-20.38532752
94,14,-21.42291225
94,16,-22.02427198
94,18,-21.93466572
94,20,-21.07191444
94,22,-20.13099708
94,24,-18.35550364
94,26,-17.05759136
94,28,-16.72498346
94,30,-16.50332487
94,32,-16.71020901
94,34,-16.97149327
94,36,-17.37466572
94,38,-17.69876379
94,40,-17.45754181
94,42,-17.15407873
94,44,-16.67608086
94,46,-15.98931583
94,48,-15.78160722
94,50,-16.16266557
94,52,-17.03478711
94,54,-17.01465481
94,56,-16.04009464
94,58,-14.48213612
94,60,-13.0846494
94,62,-12.31163812
94,64,-11.38052125
94,66,-10.86914031
94,68,-10.68178039
94,70,-10.25608086
94,72,-9.558457831
94,74,-8.925736715
94,76,-8.684999623
94,78,-8.15638455
94,80,-7.49532231
94,82,-6.707912549
94,84,-6.096759385
94,86,-5.674786005
94,88,-5.193617634
94,90,-4.867656624
94,92,-4.831485495
94,94,-4.737413384
94,96,-4.491221972
94,98,-4.245936031
94,100,-4.102076416
94,102,-3.985502086
94,104,-3.651755067
94,106,-3.436724984
94,108,-3.279177293
94,110,-3.09126041
94,112,-2.803092933
94,114,-2.510272296
94,116,-2.297763515
94,118,-2.033375491
94,120,-1.866886457
94,122,-1.676629647
94,124,-1.50499464
94,126,-1.376823684
94,128,-1.283954616
94,130,-1.250275094
94,132,-1.323955128
94,134,-1.5207445
94,136,-1.705028366
94,138,-1.777214884
94,140,-1.673690393
94,142,-1.405971724
94,144,-1.198198849
94,146,-1.036557333
94,148,-0.922394125
94,150,-0.909632727
94,152,-0.898390768
94,154,-0.904007576
94,156,-0.92570411
94,158,-0.952792577
94,160,-0.992328386
94,162,-1.046960522
94,164,-1.062401401
94,166,-1.109884184
94,168,-1.134769051
94,170,-1.154836359
94,172,-1.130371119
94,174,-1.104635422
94,176,-1.091175424
94,178,-1.092955121
94,180,-1.091810872
94,182,-1.115394221
94,184,-1.176823164
94,186,-1.25567286
94,188,-1.344282829
94,190,-1.47623833
94,192,-1.587656624
94,194,-1.71078962
94,196,-1.818659257
94,198,-1.897313126
94,200,-1.943073954
94,202,-1.875928941
94,204,-1.721595792
94,206,-1.534077011
94,208,-1.164422208
94,210,-0.8270011
94,212,-0.559502683
94,214,-0.281878251
94,216,-0.15674088
94,218,-0.143174588
94,220,-0.157052595
94,222,-0.23427098
94,224,-0.291260832
94,226,-0.390866282
94,228,-0.594264035
94,230,-0.807958209
94,232,-1.024636088
94,234,-1.130642687
94,236,-1.234802404
94,238,-1.377162121
94,240,-1.474801755
94,242,-1.721044054
94,244,-1.934264035
94,246,-2.121263418
94,248,-2.311755067
94,250,-2.448692529
94,252,-2.54553006
94,254,-2.687986263
94,256,-3.040907193
94,258,-3.408692529
94,260,-3.656659712
94,262,-4.013098046
94,264,-4.509717281
94,266,-4.962394125
94,268,-5.16662909
94,270,-5.21918646
94,272,-5.498948316
94,274,-5.977351384
94,276,-6.520247651
94,278,-7.233871081
94,280,-8.071243871
94,282,-8.681243871
94,284,-9.087570081
94,286,-9.331223972
94,288,-10.21864063
94,290,-10.90433755
94,292,-11.25256519
94,294,-11.71861352
94,296,-12.69152434
94,298,-13.69560716
94,300,-14.95852644
94,302,-16.0982899
94,304,-17.02269015
94,306,-17.65340277
94,308,-17.43735172
94,310,-17.21644035
94,312,-17.43202742
94,314,-18.14706111
94,316,-18.72376178
94,318,-19.67560716
94,320,-20.33690837
94,322,-20.58638261
94,324,-21.15442782
94,326,-21.07269122
94,328,-20.94659853
94,330,-20.74570127
94,332,-19.53258958
94,334,-18.11243148
94,336,-17.78245699
94,338,-17.61960788
94,340,-17.6679299
94,342,-17.82567486
94,344,-17.84908087
94,346,-17.66100537
94,348,-17.2507465
94,350,-16.71399513
94,352,-16.23539622
94,354,-15.79497549
94,356,-15.61663109
94,358,-15.55286806
94,360,-15.81503037
96,0,-16.97260799
96,2,-17.39706886
96,4,-17.98153539
96,6,-18.9462426
96,8,-20.17719797
96,10,-21.49626578
96,12,-22.71552502
96,14,-23.54307595
96,16,-23.25164921
96,18,-22.33722556
96,20,-20.35075119
96,22,-18.66533853
96,24,-17.78696252
96,26,-17.18996748
96,28,-16.89027482
96,30,-16.73000179
96,32,-16.70502997
96,34,-16.89539622
96,36,-17.11309019
96,38,-16.84432299
96,40,-16.73250488
96,42,-16.53499962
96,44,-15.95614634
96,46,-15.80011574
96,48,-16.10240107
96,50,-17.12469308
96,52,-17.583679
96,54,-16.79578074
96,56,-15.30342427
96,58,-13.6190082
96,60,-12.75853648
96,62,-11.84975124
96,64,-11.18066526
96,66,-10.82623978
96,68,-10.62857828
96,70,-9.924781267
96,72,-9.143580327
96,74,-8.755582109
96,76,-8.355983793
96,78,-7.767224901
96,80,-7.044849647
96,82,-6.245049654
96,84,-5.845936449
96,86,-5.348762161
96,88,-4.985796926
96,90,-4.824234009
96,92,-4.755930917
96,94,-4.584849647
96,96,-4.2787721
96,98,-4.079884743
96,100,-4.023097046
96,102,-3.752626444
96,104,-3.492692852
96,106,-3.334614945
96,108,-3.189716713
96,110,-2.942866532
96,112,-2.607214403
96,114,-2.367589906
96,116,-2.107568081
96,118,-1.920907608
96,120,-1.736886457
96,122,-1.544424184
96,124,-1.399646007
96,126,-1.30756995
96,128,-1.247214922
96,130,-1.275244924
96,132,-1.429517288
96,134,-1.617928417
96,136,-1.753402649
96,138,-1.65986164
96,140,-1.403955616
96,142,-1.16452223
96,144,-0.972052674
96,146,-0.861032555
96,148,-0.838050013
96,150,-0.817442564
96,152,-0.823473781
96,154,-0.822238851
96,156,-0.879617884
96,158,-0.943447745
96,160,-1.010764066
96,162,-1.095028971
96,164,-1.160115406
96,166,-1.209646472
96,168,-1.203870811
96,170,-1.189591486
96,172,-1.176197725
96,174,-1.155796926
96,176,-1.139277806
96,178,-1.13256455
96,180,-1.146795445
96,182,-1.181052249
96,184,-1.225058732
96,186,-1.287589355
96,188,-1.380467215
96,190,-1.503149129
96,192,-1.636413041
96,194,-1.760195901
96,196,-1.874504329
96,198,-1.934504603
96,200,-1.965928941
96,202,-1.958224657
96,204,-1.812543832
96,206,-1.593297996
96,208,-1.374998315
96,210,-1.007650143
96,212,-0.64674088
96,214,-0.407957543
96,216,-0.163149129
96,218,-0.091821101
96,220,-0.118819482
96,222,-0.151820452
96,224,-0.264801755
96,226,-0.335076892
96,228,-0.477888796
96,230,-0.686515139
96,232,-0.892310819
96,234,-1.106938116
96,236,-1.163617634
96,238,-1.302243795
96,240,-1.421485135
96,242,-1.591821101
96,244,-1.817223559
96,246,-2.025797274
96,248,-2.214663724
96,250,-2.409884184
96,252,-2.519884743
96,254,-2.626549034
96,256,-2.857442977
96,258,-3.209633727
96,260,-3.562075968
96,262,-3.744293969
96,264,-4.228050013
96,266,-4.751241871
96,268,-5.077478743
96,270,-5.19981261
96,272,-5.314785803
96,274,-5.632422955
96,276,-6.174336322
96,278,-6.694322396
96,280,-7.615937285
96,282,-8.327570081
96,284,-8.845678766
96,286,-9.196184743
96,288,-9.566199089
96,290,-10.62582131
96,292,-11.02697848
96,294,-11.38427198
96,296,-12.10308598
96,298,-13.12725221
96,300,-14.26881836
96,302,-15.55483147
96,304,-16.50905455
96,306,-17.2685142
96,308,-17.55377485
96,310,-17.2572455
96,312,-16.79656843
96,314,-16.9667587
96,316,-17.43650173
96,318,-17.67398621
96,320,-18.39044091
96,322,-18.7532145
96,324,-18.83717237
96,326,-19.37498075
96,328,-19.3774852
96,330,-19.33474938
96,332,-18.99467992
96,334,-18.20166179
96,336,-17.21834973
96,338,-16.65461635
96,340,-16.72641094
96,342,-16.84122397
96,344,-17.09466572
96,346,-17.4147874
96,348,-17.55337749
96,350,-17.39106851
96,352,-17.24061614
96,354,-16.94502997
96,356,-16.8072164
96,358,-16.76970247
96,360,-16.97260799
98,0,-19.49810412
98,2,-19.99532491
98,4,-20.83074963
98,6,-21.82561822
98,8,-22.97911051
98,10,-24.2711107
98,12,-24.7362426
98,14,-24.02337749
98,16,-22.24011691
98,18,-20.40027809
98,20,-19.16516584
98,22,-18.41882764
98,24,-17.70020901
98,26,-17.1742955
98,28,-16.83958793
98,30,-16.65220137
98,32,-16.46502997
98,34,-16.3824034
98,36,-16.1924034
98,38,-16.27759136
98,40,-16.15878538
98,42,-15.7711569
98,44,-15.71440134
98,46,-16.04043082
98,48,-17.10168066
98,50,-17.95583773
98,52,-17.53707814
98,54,-16.2058607
98,56,-14.24512916
98,58,-13.15779545
98,60,-12.26574003
98,62,-11.5071412
98,64,-11.02599067
98,66,-10.9033202
98,68,-10.24421721
98,70,-9.441916072
98,72,-8.888817913
98,74,-8.537652143
98,76,-8.011259838
98,78,-7.338540529
98,80,-6.528392768
98,82,-6.016549612
98,84,-5.570794186
98,86,-5.124287154
98,88,-4.835796926
98,90,-4.771629859
98,92,-4.649975986
98,94,-4.355703332
98,96,-4.110764066
98,98,-3.99442363
98,100,-3.866241155
98,102,-3.580246243
98,104,-3.369591486
98,106,-3.277986263
98,108,-3.075070821
98,110,-2.75757048
98,112,-2.467860369
98,114,-2.211140841
98,116,-1.974613945
98,118,-1.796164752
98,120,-1.615389597
98,122,-1.453323979
98,124,-1.336953348
98,126,-1.25356946
98,128,-1.240272821
98,130,-1.329700473
98,132,-1.535060227
98,134,-1.680114911
98,136,-1.640276088
98,138,-1.43533653
98,140,-1.164611767
98,142,-0.9507445
98,144,-0.820336615
98,146,-0.761491275
98,148,-0.739716281
98,150,-0.732792177
98,152,-0.747414384
98,154,-0.816514783
98,156,-0.892954477
98,158,-0.98997574
98,160,-1.112692852
98,162,-1.196733711
98,164,-1.248719971
98,166,-1.269516288
98,168,-1.276953894
98,170,-1.2475685
98,172,-1.209636064
98,174,-1.168663632
98,176,-1.140699343
98,178,-1.129617884
98,180,-1.122792177
98,182,-1.149965479
98,184,-1.20533653
98,186,-1.283088191
98,188,-1.386652451
98,190,-1.524264374
98,192,-1.649502683
98,194,-1.795681259
98,196,-1.907066081
98,198,-2.018987038
98,200,-2.038764704
98,202,-1.961153262
98,204,-1.900995749
98,206,-1.713149129
98,208,-1.435076892
98,210,-1.191284859
98,212,-0.815819309
98,214,-0.49256355
98,216,-0.263693832
98,218,-0.070496303
98,220,-0.065818807
98,222,-0.119635683
98,224,-0.207253139
98,226,-0.316201865
98,228,-0.394335555
98,230,-0.58863863
98,232,-0.792238481
98,234,-0.994287433
98,236,-1.132243795
98,238,-1.208923955
98,240,-1.358924319
98,242,-1.454286793
98,244,-1.676223899
98,246,-1.910642004
98,248,-2.12330023
98,250,-2.315936449
98,252,-2.484095884
98,254,-2.566241717
98,256,-2.703888668
98,258,-3.029186046
98,260,-3.399716849
98,262,-3.656023495
98,264,-3.962076519
98,266,-4.452626871
98,268,-4.9283608
98,270,-5.181054575
98,272,-5.189186046
98,274,-5.388169746
98,276,-5.808762536
98,278,-6.332804073
98,280,-7.000749993
98,282,-7.907988263
98,284,-8.526515661
98,286,-8.980701087
98,288,-9.220649756
98,290,-9.85969112
98,292,-10.70405727
98,294,-11.06765862
98,296,-11.48350374
98,298,-12.38838589
98,300,-13.44265825
98,302,-14.63310243
98,304,-15.83536023
98,306,-16.689108
98,308,-17.23101006
98,310,-17.2109188
98,312,-16.77844436
98,314,-16.05602746
98,316,-16.2581555
98,318,-16.53774626
98,320,-16.56240107
98,322,-17.10026132
98,324,-17.52880665
98,326,-17.58182781
98,328,-17.90784517
98,330,-18.14990997
98,332,-18.03166179
98,334,-17.74647219
98,336,-17.26617717
98,338,-16.65790748
98,340,-16.18122397
98,342,-16.02882764
98,344,-16.2747874
98,346,-16.60028906
98,348,-17.03191444
98,350,-17.4113583
98,352,-17.83579893
98,354,-18.15679744
98,356,-18.48776596
98,358,-18.91032414
98,360,-19.49810412
100,0,-21.01524643
100,2,-21.77798826
100,4,-22.76054591
100,6,-23.54030339
100,8,-23.74517881
100,10,-23.48479826
100,12,-22.74827805
100,14,-21.61427198
100,16,-20.64175707
100,18,-19.75633016
100,20,-18.85276015
100,22,-18.10387223
100,24,-17.47570572
100,26,-16.90347578
100,28,-16.46878538
100,30,-16.09276015
100,32,-15.86202366
100,34,-15.61126195
100,36,-15.70597372
100,38,-15.74926255
100,40,-15.48112956
100,42,-15.49989421
100,44,-15.86045221
100,46,-16.97964328
100,48,-17.95756909
100,50,-18.05604023
100,52,-16.97728047
100,54,-14.85563928
100,56,-13.58598801
100,58,-12.66671888
100,60,-11.8139707
100,62,-11.32026132
100,64,-11.06845189
100,66,-10.52560716
100,68,-9.756009201
100,70,-8.992431483
100,72,-8.705677967
100,74,-8.240995732
100,76,-7.612244511
100,78,-6.844664516
100,80,-6.146886457
100,82,-5.763870811
100,84,-5.278762536
100,86,-4.943617634
100,88,-4.78344956
100,90,-4.663693832
100,92,-4.448169363
100,94,-4.152692852
100,96,-3.945471497
100,98,-3.915501639
100,100,-3.653375491
100,102,-3.454404337
100,104,-3.324664328
100,106,-3.186886457
100,108,-2.91126049
100,110,-2.578934809
100,112,-2.329716281
100,114,-2.056795445
100,116,-1.862576475
100,118,-1.682454991
100,120,-1.523870658
100,122,-1.391862503
100,124,-1.284425076
100,126,-1.214178613
100,128,-1.253441544
100,130,-1.418250666
100,132,-1.584611767
100,134,-1.629700473
100,136,-1.484196853
100,138,-1.189700473
100,140,-0.960322139
100,142,-0.804783934
100,144,-0.716823644
100,146,-0.682822514
100,148,-0.662393822
100,150,-0.674663724
100,152,-0.754313679
100,154,-0.841821452
100,156,-0.973617634
100,158,-1.114314313
100,160,-1.216652836
100,162,-1.290907193
100,164,-1.338692969
100,166,-1.350272821
100,168,-1.307214884
100,170,-1.265394654
100,172,-1.2387721
100,174,-1.209968899
100,176,-1.179826666
100,178,-1.173693832
100,180,-1.16878338
100,182,-1.187589906
100,184,-1.235060721
100,186,-1.305394654
100,188,-1.379975363
100,190,-1.507959209
100,192,-1.649502683
100,194,-1.800196613
100,196,-1.93287348
100,198,-2.043073954
100,200,-2.092688154
100,202,-2.053516808
100,204,-1.913617634
100,206,-1.791053586
100,208,-1.554769453
100,210,-1.255049827
100,212,-1.010566779
100,214,-0.624321988
100,216,-0.355677177
100,218,-0.148446997
100,220,-0.011140841
100,222,-0.074282412
100,224,-0.159186046
100,226,-0.284320581
100,228,-0.382455397
100,230,-0.510567374
100,232,-0.71257708
100,234,-0.915819425
100,236,-1.092238481
100,238,-1.158539789
100,240,-1.267413384
100,242,-1.396976852
100,244,-1.558662991
100,246,-1.79005418
100,248,-2.020642004
100,250,-2.204404337
100,252,-2.418693409
100,254,-2.545502086
100,256,-2.672627018
100,258,-2.873888668
100,260,-3.214282412
100,262,-3.577478182
100,264,-3.725027971
100,266,-4.18264857
100,268,-4.686549034
100,270,-5.038344023
100,272,-5.168361373
100,274,-5.214663724
100,276,-5.451629494
100,278,-5.956977219
100,280,-6.528949088
100,282,-7.33652599
100,284,-8.106526595
100,286,-8.684009576
100,288,-9.049977363
100,290,-9.210868282
100,292,-10.1470546
100,294,-10.70235736
100,296,-11.03866096
100,298,-11.57843844
100,300,-12.54336642
100,302,-13.72058885
100,304,-14.8517485
100,306,-15.80879062
100,308,-16.66795895
100,310,-16.89058885
100,312,-16.59893529
100,314,-16.04925018
100,316,-15.24210104
100,318,-15.35868572
100,320,-15.53744554
100,322,-15.68217443
100,324,-16.09828471
100,326,-16.45157494
100,328,-16.64513496
100,330,-16.8955525
100,332,-17.11474233
100,334,-17.15194115
100,336,-17.13011574
100,338,-16.80887341
100,340,-16.44615552
100,342,-16.10722556
100,344,-15.95357146
100,346,-15.92539622
100,348,-16.27619909
100,350,-16.85057054
100,352,-17.46028906
100,354,-18.21784669
100,356,-18.87148749
100,358,-19.69461635
100,360,-21.01524643
102,0,-19.72660593
102,2,-20.28905455
102,4,-21.00065188
102,6,-21.4680714
102,8,-21.6796592
102,10,-21.4901149
102,12,-21.04262736
102,14,-20.39553665
102,16,-19.86882764
102,18,-19.0522641
102,20,-18.33461487
102,22,-17.58917308
102,24,-16.93732094
102,26,-16.23917929
102,28,-15.67530399
102,30,-15.40332487
102,32,-15.16810412
102,34,-15.25533853
102,36,-15.27926255
102,38,-15.0283628
102,40,-15.27278951
102,42,-15.71513222
102,44,-16.73382957
102,46,-17.91514743
102,48,-18.44828437
102,50,-17.61586559
102,52,-15.45464008
102,54,-14.01217443
102,56,-13.05215753
102,58,-12.12166146
102,60,-11.61328305
102,62,-11.31171675
102,64,-10.88685696
102,66,-10.06887287
102,68,-9.214299741
102,70,-8.831284881
102,72,-8.43079162
102,74,-7.879278501
102,76,-7.230498303
102,78,-6.368102966
102,80,-5.966948042
102,82,-5.504786005
102,84,-5.097975257
102,86,-4.831485495
102,88,-4.716237836
102,90,-4.561053725
102,92,-4.227911768
102,94,-3.981140841
102,96,-3.87662909
102,98,-3.728343454
102,100,-3.502693449
102,102,-3.348168746
102,104,-3.276795845
102,106,-3.08442363
102,108,-2.732822514
102,110,-2.431053133
102,112,-2.180245651
102,114,-1.945087873
102,116,-1.753473393
102,118,-1.592692449
102,120,-1.440763645
102,122,-1.3383618
102,124,-1.246241155
102,126,-1.229585928
102,128,-1.324293505
102,130,-1.494521179
102,132,-1.630272821
102,134,-1.535028366
102,136,-1.253993131
102,138,-0.981618923
102,140,-0.793402649
102,142,-0.684415563
102,144,-0.635302992
102,146,-0.605028366
102,148,-0.606733711
102,150,-0.666728939
102,152,-0.788540419
102,154,-0.919389892
102,156,-1.087762062
102,158,-1.222244437
102,160,-1.331127559
102,162,-1.394335555
102,164,-1.415676766
102,166,-1.394095334
102,168,-1.389309085
102,170,-1.363441072
102,172,-1.29981261
102,174,-1.260097901
102,176,-1.213693832
102,178,-1.198761787
102,180,-1.184614349
102,182,-1.201491275
102,184,-1.248825637
102,186,-1.323870234
102,188,-1.401127559
102,190,-1.497929144
102,192,-1.628077895
102,194,-1.779695514
102,196,-1.93645666
102,198,-2.038201926
102,200,-2.074635422
102,202,-2.084234362
102,204,-2.004849268
102,206,-1.805936449
102,208,-1.642199252
102,210,-1.349646937
102,212,-1.053441544
102,214,-0.795855008
102,216,-0.425027971
102,218,-0.209605878
102,220,-0.05356946
102,222,-0.027440455
102,224,-0.114095334
102,226,-0.243323424
102,228,-0.366733145
102,230,-0.458343454
102,232,-0.636549034
102,234,-0.834321581
102,236,-1.020097901
102,238,-1.141053725
102,240,-1.205818807
102,242,-1.343743829
102,244,-1.458539789
102,246,-1.657161475
102,248,-1.906603929
102,250,-2.121630129
102,252,-2.319186046
102,254,-2.521491821
102,256,-2.628876647
102,258,-2.745049999
102,260,-3.049785503
102,262,-3.405390021
102,264,-3.642199365
102,266,-3.915471939
102,268,-4.400907193
102,270,-4.917568662
102,272,-5.135394221
102,274,-5.140245651
102,276,-5.256201487
102,278,-5.593449646
102,280,-6.126977219
102,282,-6.74725328
102,284,-7.628949088
102,286,-8.296654836
102,288,-8.747415384
102,290,-9.005798926
102,292,-9.3013583
102,294,-10.30163913
102,296,-10.59235184
102,298,-10.9668552
102,300,-11.60982407
102,302,-12.55291225
102,304,-13.77077799
102,306,-14.76160722
102,308,-15.56845189
102,310,-16.28847214
102,312,-16.24536552
102,314,-15.87716464
102,316,-15.30846709
102,318,-14.53487624
102,320,-14.53687114
102,322,-14.74889952
102,324,-14.92965416
102,326,-15.26513946
102,328,-15.63421843
102,330,-15.90635888
102,332,-16.04474233
102,334,-16.35233952
102,336,-16.52724489
102,338,-16.70269572
102,340,-16.81556887
102,342,-16.62834973
102,344,-16.41638591
102,346,-16.24181248
102,348,-16.43162092
102,350,-16.72744246
102,352,-17.0718645
102,354,-17.54061614
102,356,-18.12666117
102,358,-18.90344307
102,360,-19.72660593
104,0,-19.34354536
104,2,-19.80874357
104,4,-20.19074697
104,6,-20.62720252
104,8,-20.83589438
104,10,-20.91608086
104,12,-20.51387223
104,14,-19.86651566
104,16,-19.08254583
104,18,-18.2743796
104,20,-17.53044274
104,22,-16.61507889
104,24,-15.84409733
104,26,-15.42452423
104,28,-15.05917929
104,30,-14.90105513
104,32,-14.85744456
104,34,-14.82776596
104,36,-14.66964894
104,38,-14.97892595
104,40,-15.48848639
104,42,-16.42649627
104,44,-17.67734108
104,46,-18.54660211
104,48,-18.00950861
104,50,-15.98200757
104,52,-14.41626578
104,54,-13.41158413
104,56,-12.51187499
104,58,-11.87272965
104,60,-11.49846709
104,62,-11.25693165
104,64,-10.40623978
104,66,-9.500412615
104,68,-8.955816679
104,70,-8.608638424
104,72,-8.101140568
104,74,-7.531630224
104,76,-6.724320617
104,78,-6.156885883
104,80,-5.746759385
104,82,-5.27863863
104,84,-4.918662991
104,86,-4.759969272
104,88,-4.608638252
104,90,-4.345088487
104,92,-4.034321581
104,94,-3.838693089
104,96,-3.808876092
104,98,-3.54918546
104,100,-3.405089101
104,102,-3.307911768
104,104,-3.184973485
104,106,-2.931491275
104,108,-2.578746005
104,110,-2.292328386
104,112,-2.052803302
104,114,-1.853744076
104,116,-1.690496919
104,118,-1.536796445
104,120,-1.397441977
104,122,-1.29337591
104,124,-1.21403326
104,126,-1.257763959
104,128,-1.413305314
104,130,-1.555855008
104,132,-1.545027971
104,134,-1.337860914
104,136,-1.046953348
104,138,-0.802822514
104,140,-0.669646937
104,142,-0.611647674
104,144,-0.5579279
104,146,-0.558825637
104,148,-0.598876647
104,150,-0.702078881
104,152,-0.864335938
104,154,-1.043299862
104,156,-1.201486135
104,158,-1.333617634
104,160,-1.424234009
104,162,-1.46256355
104,164,-1.483473781
104,166,-1.501562454
104,168,-1.465501639
104,170,-1.409999787
104,172,-1.34585409
104,174,-1.305049999
104,176,-1.265818807
104,178,-1.247413384
104,180,-1.242262098
104,182,-1.283088191
104,184,-1.309516288
104,186,-1.356549034
104,188,-1.428923955
104,190,-1.534545049
104,192,-1.65078962
104,194,-1.758201926
104,196,-1.907967018
104,198,-2.011821101
104,200,-2.091128188
104,202,-2.074784202
104,204,-2.041754648
104,206,-1.876556885
104,208,-1.648251635
104,210,-1.459700473
104,212,-1.118719971
104,214,-0.855971724
104,216,-0.579078867
104,218,-0.274783934
104,220,-0.105244924
104,222,2.13326234075167e-07
104,224,-0.065060732
104,226,-0.20275815
104,228,-0.338156964
104,230,-0.452053213
104,232,-0.576954256
104,234,-0.769343118
104,236,-0.972605987
104,238,-1.124664724
104,240,-1.194007576
104,242,-1.279591486
104,244,-1.401054105
104,246,-1.550648022
104,248,-1.772754115
104,250,-2.020642004
104,252,-2.221221972
104,254,-2.444981897
104,256,-2.59859849
104,258,-2.692649
104,260,-2.874321581
104,262,-3.207986263
104,264,-3.565528917
104,266,-3.728876092
104,268,-4.139177293
104,270,-4.637987263
104,272,-5.010112647
104,274,-5.15011223
104,276,-5.097912158
104,278,-5.277889796
104,280,-5.72295519
104,282,-6.276197178
104,284,-7.004837101
104,286,-7.845932548
104,288,-8.435281392
104,290,-8.761823101
104,292,-8.939962246
104,294,-9.409407263
104,296,-10.19997888
104,298,-10.40898904
104,300,-10.82490909
104,302,-11.52644035
104,304,-12.48727566
104,306,-13.66993118
104,308,-14.51557353
104,310,-15.26444187
104,312,-15.79478547
104,314,-15.5351667
104,316,-15.12761596
104,318,-14.60900075
104,320,-13.93982634
104,322,-13.85630523
104,324,-14.02949592
104,326,-14.3700345
104,328,-14.70473015
104,330,-15.09864609
104,332,-15.41844436
104,334,-15.63827805
104,336,-15.90235184
104,338,-16.24427198
104,340,-16.66866499
104,342,-16.93927981
104,344,-17.19598379
104,346,-17.46758105
104,348,-17.4918231
104,350,-17.6628053
104,352,-17.79618474
104,354,-18.05126542
104,356,-18.29104605
104,358,-18.78168183
104,360,-19.34354536
106,0,-21.11238165
106,2,-21.44882895
106,4,-21.46744554
106,6,-21.37382957
106,8,-20.9712625
106,10,-20.49441756
106,12,-19.75128621
106,14,-19.00777683
106,16,-18.00024537
106,18,-17.02969112
106,20,-16.07688846
106,22,-15.62493559
106,24,-15.16309905
106,26,-14.818449
106,28,-14.63070109
106,30,-14.5428053
106,32,-14.43655888
106,34,-14.38641094
106,36,-14.6247874
106,38,-15.29461487
106,40,-16.10901546
106,42,-17.48188955
106,44,-18.29830067
106,46,-18.09527862
106,48,-16.35455706
106,50,-14.79938282
106,52,-13.75793439
106,54,-12.82679386
106,56,-12.18588908
106,58,-11.70626951
106,60,-11.51438651
106,62,-10.673935
106,64,-9.785552503
106,66,-9.076496265
106,68,-8.8268552
106,70,-8.349504683
106,72,-7.766225246
106,74,-7.063474557
106,76,-6.353871081
106,78,-6.036948472
106,80,-5.502262098
106,82,-5.098540419
106,84,-4.842237851
106,86,-4.681053725
106,88,-4.458948702
106,90,-4.11069969
106,92,-3.86264914
106,94,-3.77662909
106,96,-3.62981261
106,98,-3.448770897
106,100,-3.339635683
106,102,-3.260793186
106,104,-3.101053133
106,106,-2.745855008
106,108,-2.436241155
106,110,-2.170793186
106,112,-1.943693832
106,114,-1.765930548
106,116,-1.631053105
106,118,-1.474664328
106,120,-1.352792177
106,122,-1.251562454
106,124,-1.235390021
106,126,-1.314981461
106,128,-1.46442363
106,130,-1.553323424
106,132,-1.453088631
106,134,-1.142394125
106,136,-0.861862503
106,138,-0.677478182
106,140,-0.581862503
106,142,-0.547764515
106,144,-0.506659172
106,146,-0.530345666
106,148,-0.629646937
106,150,-0.779716281
106,152,-0.968390768
106,154,-1.145087873
106,156,-1.308540419
106,158,-1.417162121
106,160,-1.506223899
106,162,-1.548314051
106,164,-1.59507725
106,166,-1.544849268
106,168,-1.512078699
106,170,-1.457765071
106,172,-1.400207012
106,174,-1.317478182
106,176,-1.251996496
106,178,-1.222244437
106,180,-1.249969154
106,182,-1.25553006
106,184,-1.300275082
106,186,-1.374973485
106,188,-1.473299862
106,190,-1.564542254
106,192,-1.687715099
106,194,-1.784264035
106,196,-1.901485495
106,198,-1.989591486
106,200,-2.060907193
106,202,-2.090614141
106,204,-2.01499464
106,206,-1.94275815
106,208,-1.703091901
106,210,-1.457860914
106,212,-1.223698548
106,214,-0.907568081
106,216,-0.691067076
106,218,-0.387764515
106,220,-0.165071369
106,222,-0.042409713
106,224,-0.02125995
106,226,-0.150272821
106,228,-0.313955128
106,230,-0.455163344
106,232,-0.558549397
106,234,-0.71696146
106,236,-0.916556885
106,238,-1.092328386
106,240,-1.182692852
106,242,-1.23476865
106,244,-1.362262098
106,246,-1.491053725
106,248,-1.685076892
106,250,-1.906603929
106,252,-2.124286793
106,254,-2.34207829
106,256,-2.562410077
106,258,-2.65442363
106,260,-2.759186046
106,262,-3.030566779
106,264,-3.376759385
106,266,-3.654032692
106,268,-3.875394789
106,270,-4.378772702
106,272,-4.852693659
106,274,-5.086759385
106,276,-5.096795445
106,278,-5.101127559
106,280,-5.3383147
106,282,-5.845797623
106,284,-6.455820023
106,286,-7.258664349
106,288,-7.967162184
106,290,-8.436605929
106,292,-8.774432045
106,294,-8.798660959
106,296,-9.449978878
106,298,-10.04052671
106,300,-10.21511299
106,302,-10.61827805
106,304,-11.33126171
106,306,-12.22635888
106,308,-13.3873956
106,310,-14.16526483
106,312,-14.80516242
106,314,-15.21526897
106,316,-14.88639747
106,318,-14.49543767
106,320,-14.03847261
106,322,-13.52439285
106,324,-13.32363278
106,326,-13.59828848
106,328,-13.94078924
106,330,-14.38998246
106,332,-14.76436845
106,334,-15.05381389
106,336,-15.38147074
106,338,-15.76163913
106,340,-16.20839277
106,342,-16.74387223
106,344,-17.32442563
106,346,-18.07786237
106,348,-18.56810412
106,350,-19.06864063
106,352,-19.46317659
106,354,-19.96993489
106,356,-20.33536069
106,358,-20.65410281
106,360,-21.11238165
108,0,-22.73199476
108,2,-22.76975124
108,4,-22.01943993
108,6,-21.11507889
108,8,-20.22551353
108,10,-19.27887809
108,12,-18.29156445
108,14,-17.38757008
108,16,-16.63958793
108,18,-16.00986364
108,20,-15.44044635
108,22,-15.02262844
108,24,-14.73046921
108,26,-14.46163149
108,28,-14.22810412
108,30,-14.07502997
108,32,-14.23758465
108,34,-14.4433191
108,36,-15.04982767
108,38,-15.97871094
108,40,-17.3063439
108,42,-17.97070368
108,44,-17.95421721
108,46,-16.40531291
108,48,-15.07530572
108,50,-14.09241459
108,52,-13.09768846
108,54,-12.40156495
108,56,-11.96356856
108,58,-11.70200757
108,60,-10.97558662
108,62,-10.06946036
108,64,-9.218063382
108,66,-8.987136182
108,68,-8.536866507
108,70,-8.013517808
108,72,-7.411630859
108,74,-6.587987082
108,76,-6.220765066
108,78,-5.768657372
108,80,-5.30863863
108,82,-4.959618252
108,84,-4.768168746
108,86,-4.548948702
108,88,-4.240097901
108,90,-3.935049413
108,92,-3.755471497
108,94,-3.682199808
108,96,-3.465049413
108,98,-3.360496919
108,100,-3.291810482
108,102,-3.174973906
108,104,-2.925070272
108,106,-2.577859458
108,108,-2.27337591
108,110,-2.041053346
108,112,-1.846196725
108,114,-1.711629494
108,116,-1.573744076
108,118,-1.447350609
108,120,-1.328335964
108,122,-1.240566779
108,124,-1.264282829
108,126,-1.36981261
108,128,-1.492649
108,130,-1.478361227
108,132,-1.260764488
108,134,-0.954282412
108,136,-0.705936449
108,138,-0.555049413
108,140,-0.509785503
108,142,-0.476759801
108,144,-0.479884743
108,146,-0.549261077
108,148,-0.684934084
108,150,-0.866659172
108,152,-1.068692529
108,154,-1.239186046
108,156,-1.399592098
108,158,-1.512237851
108,160,-1.583617634
108,162,-1.626223899
108,164,-1.640053869
108,166,-1.588819482
108,168,-1.548662991
108,170,-1.47069969
108,172,-1.385855008
108,174,-1.324293505
108,176,-1.275087873
108,178,-1.257463702
108,180,-1.266224206
108,182,-1.287986263
108,184,-1.320322641
108,186,-1.379186046
108,188,-1.470679482
108,190,-1.583799932
108,192,-1.728314051
108,194,-1.812237851
108,196,-1.91069969
108,198,-1.991140841
108,200,-2.02417807
108,202,-2.082401883
108,204,-2.035244931
108,206,-1.915971724
108,208,-1.780444348
108,210,-1.48553006
108,212,-1.262692255
108,214,-0.97894893
108,216,-0.725088487
108,218,-0.480793186
108,220,-0.219786503
108,222,-0.051755067
108,224,-0.003376491
108,226,-0.102394125
108,228,-0.267589906
108,230,-0.429647937
108,232,-0.552401401
108,234,-0.680207012
108,236,-0.865971724
108,238,-1.064096334
108,240,-1.173870658
108,242,-1.236759385
108,244,-1.320246243
108,246,-1.450467821
108,248,-1.591263418
108,250,-1.778314051
108,252,-2.00780345
108,254,-2.237253759
108,256,-2.479716281
108,258,-2.637589906
108,260,-2.714032692
108,262,-2.868390768
108,264,-3.194614754
108,266,-3.541755067
108,268,-3.729716281
108,270,-4.119785503
108,272,-4.594007576
108,274,-4.9887721
108,276,-5.143888668
108,278,-4.999636064
108,280,-5.110068878
108,282,-5.450372462
108,284,-5.983800617
108,286,-6.625797623
108,288,-7.466938459
108,290,-8.031261832
108,292,-8.419962246
108,294,-8.61164007
108,296,-8.639652539
108,298,-9.39819137
108,300,-9.77905455
108,302,-9.972612041
108,304,-10.38376178
108,306,-11.05656843
108,308,-11.93624489
108,310,-13.06383224
108,312,-13.74992624
108,314,-14.34404946
108,316,-14.71751504
108,318,-14.38293705
108,320,-13.97492227
108,322,-13.62128483
108,324,-13.26872033
108,326,-13.02391593
108,328,-13.28782518
108,330,-13.6163869
108,332,-14.11685278
108,334,-14.60455728
108,336,-14.95455706
108,338,-15.30028878
108,340,-15.67819137
108,342,-16.25349992
108,344,-16.81981461
108,346,-17.5411952
108,348,-18.33330731
108,350,-19.1953916
108,352,-20.2078908
108,354,-21.24965254
108,356,-22.18528452
108,358,-22.86267695
108,360,-22.73199476
110,0,-20.48717016
110,2,-20.19536552
110,4,-19.79990997
110,6,-19.11350622
110,8,-18.34982767
110,10,-17.6697875
110,12,-16.90498346
110,14,-16.3218645
110,16,-15.7518645
110,18,-15.28981461
110,20,-14.84477105
110,22,-14.46618474
110,24,-14.22337749
110,26,-14.00239612
110,28,-13.9824034
110,30,-14.05597372
110,32,-14.41265057
110,34,-14.94864063
110,36,-15.82380193
110,38,-17.02861352
110,40,-17.43287548
110,42,-17.4514257
110,44,-16.36123558
110,46,-15.25070821
110,48,-14.2757975
110,50,-13.38861608
110,52,-12.68386636
110,54,-12.16351063
110,56,-11.91495469
110,58,-11.23258017
110,60,-10.35936215
110,62,-9.437708326
110,64,-9.119856687
110,66,-8.74340277
110,68,-8.23757964
110,70,-7.707657302
110,72,-6.917351996
110,74,-6.429787503
110,76,-6.054320396
110,78,-5.549635683
110,80,-5.129618884
110,82,-4.874849268
110,84,-4.657350609
110,86,-4.371810872
110,88,-4.00878338
110,90,-3.733699678
110,92,-3.692199365
110,94,-3.534089522
110,96,-3.370793787
110,98,-3.286653451
110,100,-3.240749189
110,102,-3.092199365
110,104,-2.738198849
110,106,-2.427478182
110,108,-2.15878338
110,110,-1.944836359
110,112,-1.778662349
110,114,-1.669826304
110,116,-1.527506137
110,118,-1.427252519
110,120,-1.307912158
110,122,-1.26878338
110,124,-1.321563454
110,126,-1.422606572
110,128,-1.525049999
110,130,-1.406164752
110,132,-1.086795845
110,134,-0.796795445
110,136,-0.59257708
110,138,-0.493473781
110,140,-0.454335555
110,142,-0.437350609
110,144,-0.458447581
110,146,-0.58662909
110,148,-0.755028366
110,150,-0.960345665
110,152,-1.155511532
110,154,-1.333097046
110,156,-1.482329386
110,158,-1.596729336
110,160,-1.657253519
110,162,-1.683448922
110,164,-1.656603929
110,166,-1.62426998
110,168,-1.537845689
110,170,-1.470700757
110,172,-1.400566779
110,174,-1.334783934
110,176,-1.284769051
110,178,-1.257540488
110,180,-1.237715099
110,182,-1.252078881
110,184,-1.310744977
110,186,-1.396182743
110,188,-1.491284211
110,190,-1.594801755
110,192,-1.726201865
110,194,-1.873889078
110,196,-1.932199365
110,198,-2.00756995
110,200,-2.060000293
110,202,-2.021618923
110,204,-2.042822976
110,206,-1.924424184
110,208,-1.784032692
110,210,-1.541563454
110,212,-1.273473781
110,214,-1.054313679
110,216,-0.767761414
110,218,-0.567974257
110,220,-0.306202109
110,222,-0.128948316
110,224,-0.03570311
110,226,-0.060699087
110,228,-0.215048827
110,230,-0.4183608
110,232,-0.551032108
110,234,-0.67356946
110,236,-0.838825637
110,238,-1.023091901
110,240,-1.176023495
110,242,-1.261241871
110,244,-1.311141266
110,246,-1.417442564
110,248,-1.534007576
110,250,-1.686197089
110,252,-1.900371462
110,254,-2.127161475
110,256,-2.360749189
110,258,-2.59859849
110,260,-2.68442363
110,262,-2.765936449
110,264,-3.020566779
110,266,-3.357986673
110,268,-3.653375491
110,270,-3.839633151
110,272,-4.335819189
110,274,-4.798169129
110,276,-5.044404943
110,278,-5.041810482
110,280,-4.960648123
110,282,-5.110866622
110,284,-5.561300043
110,286,-6.121261168
110,288,-6.797958212
110,290,-7.610569866
110,292,-8.073925452
110,294,-8.310689193
110,296,-8.415929509
110,298,-8.539894213
110,300,-9.2714257
110,302,-9.55608086
110,304,-9.717965281
110,306,-10.0540389
110,308,-10.72824159
110,310,-11.59136382
110,312,-12.68040368
110,314,-13.38122163
110,316,-13.9251667
110,318,-14.1794744
110,320,-14.03116739
110,322,-13.76097238
110,324,-13.43857301
110,326,-13.14104395
110,328,-13.06568
110,330,-13.14311258
110,332,-13.53360827
110,334,-13.94753332
110,336,-14.48561428
110,338,-14.99371585
110,340,-15.46534433
110,342,-15.78419032
110,344,-16.15936474
110,346,-16.65176319
110,348,-17.28159779
110,350,-17.97848639
110,352,-18.73955626
110,354,-19.46547546
110,356,-20.01804037
110,358,-20.41417126
110,360,-20.48717016
112,0,-17.58617896
112,2,-17.52051911
112,4,-17.34932516
112,6,-17.01827805
112,8,-16.6230905
112,10,-16.20882148
112,12,-15.73508987
112,14,-15.37865837
112,16,-14.98676139
112,18,-14.67748018
112,20,-14.37149327
112,22,-14.07893635
112,24,-13.95825215
112,26,-13.88986364
112,28,-14.08126195
112,30,-14.44497549
112,32,-15.01257848
112,34,-15.85483836
112,36,-16.53927981
112,38,-16.90129417
112,40,-16.79282256
112,42,-16.10052828
112,44,-15.29502489
112,46,-14.4305654
112,48,-13.58272965
112,50,-12.95070689
112,52,-12.49065554
112,54,-12.17671268
112,56,-11.50811058
112,58,-10.62990116
112,60,-9.662343656
112,62,-9.256691594
112,64,-8.936146344
112,66,-8.437773896
112,68,-7.92499824
112,70,-7.242244511
112,72,-6.630468609
112,74,-6.332693659
112,76,-5.826653221
112,78,-5.378539789
112,80,-5.02250388
112,82,-4.787350609
112,84,-4.531810482
112,86,-4.128335964
112,88,-3.819177713
112,90,-3.664291194
112,92,-3.588692529
112,94,-3.400907193
112,96,-3.286653451
112,98,-3.252262098
112,100,-3.161140841
112,102,-2.92417807
112,104,-2.562823514
112,106,-2.262626444
112,108,-2.045087873
112,110,-1.869825666
112,112,-1.735819309
112,114,-1.626197089
112,116,-1.508539419
112,118,-1.39623933
112,120,-1.273473781
112,122,-1.2887721
112,124,-1.362455585
112,126,-1.466513661
112,128,-1.45878338
112,130,-1.258335571
112,132,-0.936653221
112,134,-0.651996496
112,136,-0.495014676
112,138,-0.426197725
112,140,-0.410068878
112,142,-0.421630224
112,144,-0.471222585
112,146,-0.619785914
112,148,-0.827478743
112,150,-1.041491821
112,152,-1.241618923
112,154,-1.405244428
112,156,-1.552866591
112,158,-1.665501639
112,160,-1.726886457
112,162,-1.7287721
112,164,-1.689617884
112,166,-1.614264374
112,168,-1.542355358
112,170,-1.4813563
112,172,-1.417761414
112,174,-1.363699678
112,176,-1.338876092
112,178,-1.317319618
112,180,-1.292627392
112,182,-1.326548456
112,184,-1.335394221
112,186,-1.385797578
112,188,-1.491176424
112,190,-1.615930548
112,192,-1.748447581
112,194,-1.886659633
112,196,-1.990115911
112,198,-2.026409414
112,200,-2.06356946
112,202,-2.039965479
112,204,-2.019716281
112,206,-1.950764066
112,208,-1.769187046
112,210,-1.626724387
112,212,-1.304335555
112,214,-1.070679482
112,216,-0.81968912
112,218,-0.620053525
112,220,-0.404233715
112,222,-0.168923955
112,224,-0.046976485
112,226,-0.045930548
112,228,-0.174335555
112,230,-0.376728939
112,232,-0.550907193
112,234,-0.68106751
112,236,-0.816023495
112,238,-0.982758667
112,240,-1.173091901
112,242,-1.275069917
112,244,-1.311053691
112,246,-1.39264857
112,248,-1.497986263
112,250,-1.628169512
112,252,-1.791284211
112,254,-2.041260497
112,256,-2.263744076
112,258,-2.512627444
112,260,-2.669965479
112,262,-2.749716281
112,264,-2.868390768
112,266,-3.186795445
112,268,-3.520246835
112,270,-3.72011223
112,272,-4.046795645
112,274,-4.555930548
112,276,-4.967413384
112,278,-5.048948702
112,280,-4.954836989
112,282,-4.96275381
112,284,-5.174544379
112,286,-5.654270635
112,288,-6.234269962
112,290,-6.962788827
112,292,-7.637289907
112,294,-8.013502336
112,296,-8.183089066
112,298,-8.245760341
112,300,-8.420748124
112,302,-9.169514316
112,304,-9.312337774
112,306,-9.432429177
112,308,-9.727308132
112,310,-10.4232145
112,312,-11.28634716
112,314,-12.3238062
112,316,-13.07598801
112,318,-13.68667542
112,320,-13.90196493
112,322,-13.90782518
112,324,-13.6765209
112,326,-13.4304396
112,328,-13.2626388
112,330,-13.18876087
112,332,-13.28363278
112,334,-13.53996054
112,336,-13.9834846
112,338,-14.40518467
112,340,-14.87618474
112,342,-15.28951809
112,344,-15.75252972
112,346,-16.11324482
112,348,-16.3817485
112,350,-16.64223734
112,352,-16.91845189
112,354,-17.20459583
112,356,-17.43971464
112,358,-17.5551968
112,360,-17.58617896
114,0,-15.85810343
114,2,-15.78719561
114,4,-15.61849112
114,6,-15.53159779
114,8,-15.37579893
114,10,-15.16075119
114,12,-14.91663109
114,14,-14.66027482
114,16,-14.40011691
114,18,-14.26506223
114,20,-14.07340465
114,22,-13.90872197
114,24,-14.06860104
114,26,-14.30124387
114,28,-14.65024765
114,30,-15.15079519
114,32,-15.80959349
114,34,-16.12750814
114,36,-16.41866499
114,38,-16.19370491
114,40,-15.76820384
114,42,-15.1642532
114,44,-14.4877563
114,46,-13.73982634
114,48,-13.16004541
114,50,-12.68058462
114,52,-12.42639747
114,54,-11.70948419
114,56,-10.84055839
114,58,-9.889597623
114,60,-9.453657018
114,62,-9.150412615
114,64,-8.659933368
114,66,-8.128485671
114,68,-7.514064944
114,70,-6.81620262
114,72,-6.543474557
114,74,-6.1072539
114,76,-5.629617884
114,78,-5.223448922
114,80,-4.946653451
114,82,-4.683474557
114,84,-4.314008576
114,86,-3.920749189
114,88,-3.664032692
114,90,-3.62662909
114,92,-3.451141416
114,94,-3.308772702
114,96,-3.228948702
114,98,-3.200749189
114,100,-3.082075968
114,102,-2.732866061
114,104,-2.404094884
114,106,-2.143317922
114,108,-1.946203109
114,110,-1.798662991
114,112,-1.696514139
114,114,-1.586197815
114,116,-1.495279392
114,118,-1.379968899
114,120,-1.308948316
114,122,-1.334663724
114,124,-1.402792776
114,126,-1.512753676
114,128,-1.401810482
114,130,-1.11863863
114,132,-0.809968899
114,134,-0.564314046
114,136,-0.423617989
114,138,-0.384264035
114,140,-0.38113991
114,142,-0.407223901
114,144,-0.515819309
114,146,-0.674849268
114,148,-0.884664724
114,150,-1.095677177
114,152,-1.295394789
114,154,-1.46958638
114,156,-1.605511532
114,158,-1.704612239
114,160,-1.749078867
114,162,-1.74125995
114,164,-1.706886457
114,166,-1.606653221
114,168,-1.554801755
114,170,-1.50674088
114,172,-1.45078962
114,174,-1.421821101
114,176,-1.394521704
114,178,-1.376223899
114,180,-1.352543832
114,182,-1.330272821
114,184,-1.365076892
114,186,-1.448202611
114,188,-1.51070005
114,190,-1.652605987
114,192,-1.793993604
114,194,-1.880272821
114,196,-2.001032108
114,198,-2.052649
114,200,-2.072328386
114,202,-2.069177293
114,204,-1.999186633
114,206,-1.950245651
114,208,-1.792454991
114,210,-1.620793586
114,212,-1.353473781
114,214,-1.094836989
114,216,-0.885322911
114,218,-0.660866942
114,220,-0.477223559
114,222,-0.263617634
114,224,-0.103617634
114,226,-0.060068523
114,228,-0.143448922
114,230,-0.32623921
114,232,-0.542803302
114,234,-0.698656372
114,236,-0.814973485
114,238,-0.957589355
114,240,-1.147584168
114,242,-1.2779279
114,244,-1.33585609
114,246,-1.39859904
114,248,-1.504033123
114,250,-1.596514067
114,252,-1.731127559
114,254,-1.946224246
114,256,-2.177161475
114,258,-2.416728939
114,260,-2.669965479
114,262,-2.725472056
114,264,-2.808447581
114,266,-3.028783979
114,268,-3.34878338
114,270,-3.637986263
114,272,-3.81918646
114,274,-4.293693832
114,276,-4.741485854
114,278,-5.023299126
114,280,-5.027506761
114,282,-4.874233362
114,284,-4.944636422
114,286,-5.243813739
114,288,-5.729588855
114,290,-6.339589534
114,292,-7.090350581
114,294,-7.62991764
114,296,-7.929651095
114,298,-8.054378135
114,300,-8.083277781
114,302,-8.320866432
114,304,-8.990508549
114,306,-9.107629952
114,308,-9.197212615
114,310,-9.474286447
114,312,-10.1177232
114,314,-10.97456857
114,316,-11.95992624
114,318,-12.7635084
114,320,-13.40714411
114,322,-13.69639747
114,324,-13.86273522
114,326,-13.74640174
114,328,-13.64191378
114,330,-13.52400316
114,332,-13.45160673
114,334,-13.55082658
114,336,-13.74502559
114,338,-13.91704598
114,340,-14.39183631
114,342,-14.71129624
114,344,-15.06266749
114,346,-15.28202916
114,348,-15.50216204
114,350,-15.65221891
114,352,-15.76898656
114,354,-15.78933209
114,356,-15.7805654
114,358,-15.8240868
114,360,-15.85810343
116,0,-14.60863842
116,2,-14.64443205
116,4,-14.62344913
116,6,-14.62265057
116,8,-14.57872197
116,10,-14.52461326
116,12,-14.44964894
116,14,-14.32860104
116,16,-14.17663109
116,18,-14.24498346
116,20,-14.30233039
116,22,-14.37672579
116,24,-14.57839277
116,26,-14.85428441
116,28,-15.20497549
116,30,-15.46269485
116,32,-15.67075119
116,34,-15.75130138
116,36,-15.58370491
116,38,-15.30602156
116,40,-14.90488929
116,42,-14.39695436
116,44,-13.84861796
116,46,-13.36104395
116,48,-12.94019258
116,50,-12.63572382
116,52,-11.88911051
116,54,-10.9986582
116,56,-10.06131442
116,58,-9.618044098
116,60,-9.335578974
116,62,-8.876945016
116,64,-8.355639372
116,66,-7.758660257
116,68,-7.035796971
116,70,-6.755281392
116,72,-6.383300598
116,74,-5.911486213
116,76,-5.447161475
116,78,-5.108761787
116,80,-4.832803302
116,82,-4.518948316
116,84,-4.050097901
116,86,-3.751755067
116,88,-3.623699548
116,90,-3.51106651
116,92,-3.315676766
116,94,-3.210496687
116,96,-3.172576475
116,98,-3.106948042
116,100,-2.878935345
116,102,-2.523441072
116,104,-2.248692529
116,106,-2.024769855
116,108,-1.871127559
116,110,-1.757888796
116,112,-1.671485495
116,114,-1.576197725
116,116,-1.499825304
116,118,-1.349968899
116,120,-1.335087873
116,122,-1.372576475
116,124,-1.450699087
116,126,-1.476182743
116,128,-1.305818807
116,130,-0.998540049
116,132,-0.675279392
116,134,-0.476514783
116,136,-0.380866622
116,138,-0.363813415
116,140,-0.3713563
116,142,-0.413174588
116,144,-0.541292167
116,146,-0.734801755
116,148,-0.938663349
116,150,-1.144836989
116,152,-1.328168746
116,154,-1.4887721
116,156,-1.628446997
116,158,-1.718102697
116,160,-1.778693089
116,162,-1.750444348
116,164,-1.714784918
116,166,-1.645511532
116,168,-1.587478743
116,170,-1.520467215
116,172,-1.495796926
116,174,-1.482628082
116,176,-1.475797578
116,178,-1.491053575
116,180,-1.449695514
116,182,-1.411140841
116,184,-1.40757975
116,186,-1.477889156
116,188,-1.603088631
116,190,-1.684415563
116,192,-1.816629647
116,194,-1.915677355
116,196,-2.006182743
116,198,-2.073473781
116,200,-2.054007576
116,202,-2.066728939
116,204,-1.992693255
116,206,-1.934613349
116,208,-1.816513661
116,210,-1.650245651
116,212,-1.414769051
116,214,-1.128336357
116,216,-0.920647756
116,218,-0.707161475
116,220,-0.535322911
116,222,-0.343617634
116,224,-0.162954477
116,226,-0.064801755
116,228,-0.114801755
116,230,-0.265819309
116,232,-0.523300494
116,234,-0.683447745
116,236,-0.798623457
116,238,-0.935935613
116,240,-1.123097046
116,242,-1.298825637
116,244,-1.366408936
116,246,-1.416960522
116,248,-1.510550462
116,250,-1.604089522
116,252,-1.702576475
116,254,-1.828663632
116,256,-2.101175424
116,258,-2.332503254
116,260,-2.598102543
116,262,-2.752199365
116,264,-2.808344454
116,266,-2.868656372
116,268,-3.164785404
116,270,-3.474769051
116,272,-3.724614754
116,274,-4.016182743
116,276,-4.531821452
116,278,-4.9383137
116,280,-5.04344856
116,282,-4.975077533
116,284,-4.827656624
116,286,-4.950568542
116,288,-5.335535281
116,290,-5.861356931
116,292,-6.468079203
116,294,-7.187313703
116,296,-7.609015456
116,298,-7.833102688
116,300,-7.938190625
116,302,-7.962694203
116,304,-8.200264522
116,306,-8.837754817
116,308,-8.955400521
116,310,-9.038528247
116,312,-9.292688606
116,314,-9.837402695
116,316,-10.63910155
116,318,-11.5859324
116,320,-12.52047955
116,322,-13.1640065
116,324,-13.74586559
116,326,-13.89466789
116,328,-13.93011049
116,330,-13.92302628
116,332,-13.90243626
116,334,-13.91150671
116,336,-13.94004116
116,338,-14.02928226
116,340,-14.22111228
116,342,-14.37051243
116,344,-14.4788275
116,346,-14.65392539
116,348,-14.78324482
116,350,-14.85580159
116,352,-14.85139362
116,354,-14.80297551
116,356,-14.69184192
116,358,-14.69709614
116,360,-14.60863842
118,0,-14.18981461
118,2,-14.26978017
118,4,-14.37202366
118,6,-14.44996748
118,8,-14.49676139
118,10,-14.53672579
118,12,-14.6200999
118,14,-14.71725514
118,16,-14.74483836
118,18,-14.76079519
118,20,-14.80757008
118,22,-14.95539622
118,24,-15.01834545
118,26,-15.08810412
118,28,-15.23090919
118,30,-15.23163149
118,32,-15.17499962
118,34,-15.04335762
118,36,-14.82421721
118,38,-14.57617717
118,40,-14.25880665
118,42,-13.84756909
118,44,-13.42787718
118,46,-13.14092931
118,48,-12.89030848
118,50,-12.03331929
118,52,-11.11536552
118,54,-10.19608824
118,56,-9.834443373
118,58,-9.600547987
118,60,-9.070168718
118,62,-8.551100952
118,64,-7.998986118
118,66,-7.273517808
118,68,-6.930642687
118,70,-6.632310215
118,72,-6.196225246
118,74,-5.719690466
118,76,-5.32344956
118,78,-4.981996731
118,80,-4.719635683
118,82,-4.226653451
118,84,-3.86672379
118,86,-3.659632727
118,88,-3.599343118
118,90,-3.378447581
118,92,-3.240467215
118,94,-3.171221972
118,96,-3.130245651
118,98,-3.027860369
118,100,-2.666823644
118,102,-2.363569997
118,104,-2.128343454
118,106,-1.934663724
118,108,-1.799617884
118,110,-1.722563186
118,112,-1.639826666
118,114,-1.567888156
118,116,-1.476197089
118,118,-1.37250288
118,120,-1.359591486
118,122,-1.40069969
118,124,-1.47652499
118,126,-1.417350222
118,128,-1.213743452
118,130,-0.895279392
118,132,-0.598662991
118,134,-0.415322911
118,136,-0.354544379
118,138,-0.349522526
118,140,-0.365580109
118,142,-0.434223033
118,144,-0.571878251
118,146,-0.760804584
118,148,-0.994430388
118,150,-1.171260832
118,152,-1.360642004
118,154,-1.497761414
118,156,-1.608663632
118,158,-1.704286793
118,160,-1.746976485
118,162,-1.72501605
118,164,-1.722577475
118,166,-1.660245651
118,168,-1.606948042
118,170,-1.579585831
118,172,-1.568250151
118,174,-1.52859904
118,176,-1.521821101
118,178,-1.547903944
118,180,-1.504610494
118,182,-1.417393551
118,184,-1.492394125
118,186,-1.541032555
118,188,-1.672792177
118,190,-1.745015301
118,192,-1.827889156
118,194,-1.930068523
118,196,-1.981821452
118,198,-2.079389535
118,200,-2.047413384
118,202,-2.038948316
118,204,-1.996796045
118,206,-1.937986263
118,208,-1.846759385
118,210,-1.681141841
118,212,-1.473870811
118,214,-1.181755648
118,216,-0.954664328
118,218,-0.757253519
118,220,-0.578539789
118,222,-0.396977117
118,224,-0.212503254
118,226,-0.077889156
118,228,-0.112953833
118,230,-0.243617634
118,232,-0.467889156
118,234,-0.67330023
118,236,-0.80997574
118,238,-0.928336571
118,240,-1.089177293
118,242,-1.28417807
118,244,-1.394933591
118,246,-1.453955641
118,248,-1.539778169
118,250,-1.62958638
118,252,-1.712328963
118,254,-1.795818807
118,256,-2.024802404
118,258,-2.272244153
118,260,-2.502753278
118,262,-2.758875537
118,264,-2.813088191
118,266,-2.844282995
118,268,-3.012792177
118,270,-3.322754482
118,272,-3.628783979
118,274,-3.828783781
118,276,-4.248539419
118,278,-4.706937772
118,280,-5.043497919
118,282,-5.062243795
118,284,-4.89968912
118,286,-4.827715099
118,288,-4.988201611
118,290,-5.430179635
118,292,-5.963406367
118,294,-6.578225243
118,296,-7.249978151
118,298,-7.569470408
118,300,-7.748438442
118,302,-7.825111474
118,304,-7.893218348
118,306,-8.131626981
118,308,-8.69827646
118,310,-8.880943542
118,312,-8.940393324
118,314,-9.160271683
118,316,-9.567348511
118,318,-10.36346382
118,320,-11.25774626
118,322,-12.1971412
118,324,-12.98252972
118,326,-13.62834712
118,328,-14.05827442
118,330,-14.18914305
118,332,-14.27542969
118,334,-14.31772828
118,336,-14.39223035
118,338,-14.49496265
118,340,-14.47648068
118,342,-14.55300028
118,344,-14.56030339
118,346,-14.60891295
118,348,-14.5780441
118,350,-14.55796528
118,352,-14.50667923
118,354,-14.39159779
118,356,-14.33099708
118,358,-14.2199709
118,360,-14.18981461
120,0,-14.72696252
120,2,-14.77332487
120,4,-14.86461635
120,6,-14.95508987
120,8,-15.07344913
120,10,-15.14665484
120,12,-15.2165266
120,14,-15.27676139
120,16,-15.22220137
120,18,-15.13860104
120,20,-15.04409733
120,22,-14.98887809
120,24,-14.93688846
120,26,-14.81242495
120,28,-14.68796835
120,30,-14.57593094
120,32,-14.3816293
120,34,-14.24817681
120,36,-14.15317672
120,38,-13.9816081
120,40,-13.6527944
120,42,-13.32331929
120,44,-13.26148993
120,46,-12.9205654
120,48,-12.06323629
120,50,-11.19934858
120,52,-10.30435646
120,54,-10.00024032
120,56,-9.786151809
120,58,-9.241010059
120,60,-8.752624205
120,62,-8.243439374
120,64,-7.48115549
120,66,-7.102355994
120,68,-6.867716428
120,70,-6.434545039
120,72,-6.001239637
120,74,-5.577224243
120,76,-5.219975609
120,78,-4.911263418
120,80,-4.459975363
120,82,-3.993473781
120,84,-3.705049413
120,86,-3.631140841
120,88,-3.475935867
120,90,-3.292753278
120,92,-3.186201865
120,94,-3.137911768
120,96,-3.042649
120,98,-2.822268104
120,100,-2.473091901
120,102,-2.205027971
120,104,-2.002328808
120,106,-1.872262491
120,108,-1.768761787
120,110,-1.685930548
120,112,-1.610648389
120,114,-1.558923955
120,116,-1.454313679
120,118,-1.394849268
120,120,-1.386182743
120,122,-1.4287721
120,124,-1.514785404
120,126,-1.395704332
120,128,-1.119975363
120,130,-0.804313679
120,132,-0.538663632
120,134,-0.372753462
120,136,-0.334270307
120,138,-0.347289294
120,140,-0.365675967
120,142,-0.463695737
120,144,-0.617289601
120,146,-0.806412729
120,148,-1.016412729
120,150,-1.19705408
120,152,-1.363924139
120,154,-1.492787508
120,156,-1.595981793
120,158,-1.671878251
120,160,-1.703924826
120,162,-1.710179011
120,164,-1.702787508
120,166,-1.679960568
120,168,-1.617053271
120,170,-1.585535328
120,172,-1.56572733
120,174,-1.556698743
120,176,-1.544426625
120,178,-1.538765421
120,180,-1.597313838
120,182,-1.505289637
120,184,-1.559696514
120,186,-1.629523526
120,188,-1.703174588
120,190,-1.777714428
120,192,-1.847958543
120,194,-1.95780345
120,196,-1.990642004
120,198,-2.054801755
120,200,-2.065930548
120,202,-2.041809872
120,204,-1.989784735
120,206,-1.912626444
120,208,-1.845394221
120,210,-1.696557333
120,212,-1.492075968
120,214,-1.232075968
120,216,-0.985394221
120,218,-0.793317683
120,220,-0.620749787
120,222,-0.458336357
120,224,-0.276728145
120,226,-0.129636064
120,228,-0.123693832
120,230,-0.235279392
120,232,-0.430679482
120,234,-0.684314046
120,236,-0.823299862
120,238,-0.924848888
120,240,-1.070793186
120,242,-1.258342885
120,244,-1.421647206
120,246,-1.500276094
120,248,-1.565244428
120,250,-1.649778644
120,252,-1.734424184
120,254,-1.816165344
120,256,-1.935930917
120,258,-2.207223559
120,260,-2.437506761
120,262,-2.699178293
120,264,-2.839884184
120,266,-2.86264857
120,268,-2.882455991
120,270,-3.170793186
120,272,-3.470793186
120,274,-3.740793186
120,276,-3.960467609
120,278,-4.475797926
120,280,-4.874611917
120,282,-5.100866261
120,284,-5.05070005
120,286,-4.834613542
120,288,-4.862355358
120,290,-5.089523837
120,292,-5.527289907
120,294,-6.072688752
120,296,-6.685930225
120,298,-7.337663721
120,300,-7.56845708
120,302,-7.690544401
120,304,-7.788512667
120,306,-7.877233195
120,308,-8.087980498
120,310,-8.599439142
120,312,-8.886690783
120,314,-8.948871741
120,316,-9.1331015
120,318,-9.315290701
120,320,-10.05686713
120,322,-10.95181799
120,324,-11.82880774
120,326,-12.75531268
120,328,-13.45693165
120,330,-14.09647219
120,332,-14.49534433
120,334,-14.62323629
120,336,-14.77318168
120,338,-14.85526483
120,340,-14.89089712
120,342,-14.98125622
120,344,-15.01131442
120,346,-14.98419032
120,348,-14.95827805
120,350,-14.88327927
120,352,-14.82705571
120,354,-14.74939153
120,356,-14.63090919
120,358,-14.65164921
120,360,-14.72696252
122,0,-15.75964894
122,2,-15.79673514
122,4,-15.83688846
122,6,-15.86260799
122,8,-15.82981461
122,10,-15.8018645
122,12,-15.67409733
122,14,-15.55205467
122,16,-15.41964894
122,18,-15.09507282
122,20,-14.71175707
122,22,-14.4119985
122,24,-14.21005552
122,26,-14.0711569
122,28,-13.90810323
122,30,-13.78642988
122,32,-13.73184981
122,34,-13.63366393
122,36,-13.48504773
122,38,-13.25126894
122,40,-13.25644472
122,42,-13.29039995
122,44,-12.7989873
122,46,-12.07082472
122,48,-11.1920013
122,50,-10.37151538
122,52,-10.20681579
122,54,-9.932975507
122,56,-9.442957493
122,58,-8.906383433
122,60,-8.390265294
122,62,-7.678152696
122,64,-7.24757964
122,66,-7.052544439
122,68,-6.67499824
122,70,-6.257650771
122,72,-5.837053242
122,74,-5.461485495
122,76,-5.118540419
122,78,-4.725930917
122,80,-4.173694204
122,82,-3.842576475
122,84,-3.67744374
122,86,-3.566759385
122,88,-3.362753676
122,90,-3.213447126
122,92,-3.125818807
122,94,-3.066513661
122,96,-2.935027971
122,98,-2.603092385
122,100,-2.315511056
122,102,-2.083097046
122,104,-1.904282412
122,106,-1.811810093
122,108,-1.719635301
122,110,-1.657505137
122,112,-1.608539789
122,114,-1.560648123
122,116,-1.424836359
122,118,-1.391222359
122,120,-1.4087721
122,122,-1.464614754
122,124,-1.494614349
122,126,-1.360467821
122,128,-1.061997113
122,130,-0.733694204
122,132,-0.487974892
122,134,-0.364233715
122,136,-0.334613542
122,138,-0.343297996
122,140,-0.366698043
122,142,-0.475579503
122,144,-0.634223727
122,146,-0.821912441
122,148,-1.018077895
122,150,-1.179502683
122,152,-1.342543832
122,154,-1.467289601
122,156,-1.558611521
122,158,-1.618659661
122,160,-1.652350135
122,162,-1.668224657
122,164,-1.667579047
122,166,-1.660350664
122,168,-1.6113563
122,170,-1.584612252
122,172,-1.555279757
122,174,-1.53408995
122,176,-1.5183608
122,178,-1.482082863
122,180,-1.552874199
122,182,-1.557540488
122,184,-1.590642004
122,186,-1.629605251
122,188,-1.705673327
122,190,-1.783870658
122,192,-1.844769051
122,194,-1.938168746
122,196,-1.997505761
122,198,-2.063743829
122,200,-2.053473169
122,202,-2.012454991
122,204,-1.962626444
122,206,-1.895502086
122,208,-1.836953348
122,210,-1.688156907
122,212,-1.511193202
122,214,-1.26275815
122,216,-1.023993131
122,218,-0.83055001
122,220,-0.674291194
122,222,-0.502626444
122,224,-0.326948612
122,226,-0.179186046
122,228,-0.130699087
122,230,-0.216652836
122,232,-0.396238583
122,234,-0.655015301
122,236,-0.814836989
122,238,-0.936238583
122,240,-1.068948316
122,242,-1.247986854
122,244,-1.456557333
122,246,-1.541193202
122,248,-1.604197364
122,250,-1.690207012
122,252,-1.772866003
122,254,-1.836241155
122,256,-1.926182568
122,258,-2.161486495
122,260,-2.392563822
122,262,-2.636795445
122,264,-2.882075968
122,266,-2.907478182
122,268,-2.929177293
122,270,-3.050566779
122,272,-3.304786005
122,274,-3.614784803
122,276,-3.848622853
122,278,-4.173694204
122,280,-4.68113991
122,282,-5.027715099
122,284,-5.10780345
122,286,-5.017463361
122,288,-4.807052919
122,290,-4.93078962
122,292,-5.208078511
122,294,-5.619503292
122,296,-6.19115549
122,298,-6.796261686
122,300,-7.375925566
122,302,-7.592695719
122,304,-7.734298217
122,306,-7.800243939
122,308,-7.917233195
122,310,-8.075563832
122,312,-8.562610475
122,314,-8.994399741
122,316,-9.075343438
122,318,-9.166585894
122,320,-9.340113161
122,322,-9.690586783
122,324,-10.54286656
122,326,-11.44310243
122,328,-12.27785566
122,330,-13.17123558
122,332,-13.81784517
122,334,-14.36202742
122,336,-14.91557897
122,338,-15.10242918
122,340,-15.2602399
122,342,-15.4050897
122,344,-15.47480139
122,346,-15.49405409
122,348,-15.53423406
122,350,-15.56191444
122,352,-15.57582131
122,354,-15.55079519
122,356,-15.61241171
122,358,-15.67027809
122,360,-15.75964894
124,0,-16.58567486
124,2,-16.60207797
124,4,-16.50996748
124,6,-16.26207797
124,8,-15.97241171
124,10,-15.62241171
124,12,-15.23207797
124,14,-14.84673514
124,16,-14.45567877
124,18,-14.12374545
124,20,-13.86796021
124,22,-13.6164579
124,24,-13.41819137
124,26,-13.25389595
124,28,-13.15641049
124,30,-13.07448939
124,32,-13.02355324
124,34,-12.89251151
124,36,-12.98552041
124,38,-13.2001149
124,40,-13.1067587
124,42,-12.56306427
124,44,-11.89139362
124,46,-11.04878566
124,48,-10.49773535
124,50,-10.35365754
124,52,-10.03887341
124,54,-9.581211094
124,56,-9.057628337
124,58,-8.503893604
124,60,-7.770525965
124,62,-7.386260961
124,64,-7.18407729
124,66,-6.848816486
124,68,-6.47645649
124,70,-6.082545136
124,72,-5.707464042
124,74,-5.344286793
124,76,-4.963448922
124,78,-4.406197452
124,80,-3.999974986
124,82,-3.754663724
124,84,-3.670246058
124,86,-3.484403124
124,88,-3.296201865
124,90,-3.166977117
124,92,-3.081997496
124,94,-2.98264857
124,96,-2.738156435
124,98,-2.399079355
124,100,-2.14757048
124,102,-1.965471939
124,104,-1.848445581
124,106,-1.766728939
124,108,-1.681810482
124,110,-1.640497687
124,112,-1.602423198
124,114,-1.528762536
124,116,-1.442422333
124,118,-1.398622853
124,120,-1.434320396
124,122,-1.509186046
124,124,-1.481562454
124,126,-1.292693449
124,128,-0.99440473
124,130,-0.664336171
124,132,-0.464848268
124,134,-0.358923955
124,136,-0.330053869
124,138,-0.350804584
124,140,-0.383924139
124,142,-0.498201926
124,144,-0.649171075
124,146,-0.832787508
124,148,-1.019171713
124,150,-1.1913563
124,152,-1.324505704
124,154,-1.431878251
124,156,-1.508708942
124,158,-1.575042578
124,160,-1.625043262
124,162,-1.640568542
124,164,-1.641044054
124,166,-1.641127559
124,168,-1.605677355
124,170,-1.57452223
124,172,-1.548343454
124,174,-1.504270307
124,176,-1.484690661
124,178,-1.5383608
124,180,-1.576285224
124,182,-1.604033123
124,184,-1.617053271
124,186,-1.648637134
124,188,-1.708314051
124,190,-1.760112812
124,192,-1.845512009
124,194,-1.935028366
124,196,-2.008876982
124,198,-2.051140841
124,200,-2.036886883
124,202,-1.989343118
124,204,-1.934095236
124,206,-1.865673327
124,208,-1.815512009
124,210,-1.689999787
124,212,-1.515060227
124,214,-1.278549397
124,216,-1.044415563
124,218,-0.859700473
124,220,-0.716823644
124,222,-0.570336615
124,224,-0.388934882
124,226,-0.219586477
124,228,-0.14264857
124,230,-0.216759385
124,232,-0.378622853
124,234,-0.624008185
124,236,-0.808168746
124,238,-0.932423333
124,240,-1.051997496
124,242,-1.214404337
124,244,-1.4183608
124,246,-1.550444889
124,248,-1.6407445
124,250,-1.718549397
124,252,-1.824933591
124,254,-1.882052674
124,256,-1.957568662
124,258,-2.092422955
124,260,-2.342954477
124,262,-2.588168746
124,264,-2.849632727
124,266,-2.977765071
124,268,-2.966733145
124,270,-2.985676766
124,272,-3.19672379
124,274,-3.476795445
124,276,-3.760793186
124,278,-3.967911768
124,280,-4.400068813
124,282,-4.84080491
124,284,-5.152788147
124,286,-5.13795854
124,288,-5.017958209
124,290,-4.849170757
124,292,-5.026413352
124,294,-5.344225033
124,296,-5.761638675
124,298,-6.33991764
124,300,-6.90270611
124,302,-7.430544401
124,304,-7.66667847
124,306,-7.824299741
124,308,-7.887906715
124,310,-7.977233195
124,312,-8.194739189
124,314,-8.581872155
124,316,-9.084742326
124,318,-9.27034145
124,320,-9.321941153
124,322,-9.482180513
124,324,-9.677245502
124,326,-10.14978264
124,328,-10.9402937
124,330,-11.8250897
124,332,-12.54857828
124,334,-13.30474233
124,336,-14.02379269
124,338,-14.4984135
124,340,-14.97235184
124,342,-15.42406629
124,344,-15.66005552
124,346,-15.79428879
124,348,-15.91817075
124,350,-16.01616675
124,352,-16.08239612
124,354,-16.16893635
124,356,-16.33533853
124,358,-16.41399513
124,360,-16.58567486
126,0,-15.92988618
126,2,-15.78539622
126,4,-15.51869453
126,6,-15.21748018
126,8,-14.84695004
126,10,-14.448449
126,12,-14.08275528
126,14,-13.75112956
126,16,-13.44104605
126,18,-13.14164007
126,20,-12.88543314
126,22,-12.67473995
126,24,-12.49735172
126,26,-12.39795895
126,28,-12.32875828
126,30,-12.25615181
126,32,-12.4772455
126,34,-12.81180597
126,36,-12.9780441
126,38,-12.6624676
126,40,-12.27297551
126,42,-11.5855146
126,44,-10.86999381
126,46,-10.67557897
126,48,-10.55046144
126,50,-10.10557897
126,52,-9.64739275
126,54,-9.16836507
126,56,-8.592610475
126,58,-7.878406708
126,60,-7.502083385
126,62,-7.309470408
126,64,-6.998412769
126,66,-6.669014731
126,68,-6.318817199
126,70,-5.950569866
126,72,-5.597762767
126,74,-5.240700404
126,76,-4.670068523
126,78,-4.183449284
126,80,-3.855818425
126,82,-3.756183743
126,84,-3.607350609
126,86,-3.398540159
126,88,-3.224287154
126,90,-3.109617884
126,92,-3.002753278
126,94,-2.865070821
126,96,-2.515971724
126,98,-2.235512056
126,100,-2.015855467
126,102,-1.846733711
126,104,-1.790907193
126,106,-1.706513661
126,108,-1.644785404
126,110,-1.624405124
126,112,-1.602803688
126,114,-1.51863863
126,116,-1.447350609
126,118,-1.418656969
126,120,-1.458446997
126,122,-1.529633151
126,124,-1.472328386
126,126,-1.258447997
126,128,-0.962078881
126,130,-0.64878338
126,132,-0.454785404
126,134,-0.374335171
126,136,-0.357973526
126,138,-0.369278154
126,140,-0.397958543
126,142,-0.504426328
126,144,-0.647463361
126,146,-0.826937116
126,148,-1.016604584
126,150,-1.160642321
126,152,-1.286603584
126,154,-1.398819482
126,156,-1.466514139
126,158,-1.526197089
126,160,-1.581128188
126,162,-1.606524595
126,164,-1.621140841
126,166,-1.629778169
126,168,-1.605027971
126,170,-1.560497919
126,172,-1.526457355
126,174,-1.497066813
126,176,-1.507656624
126,178,-1.563305314
126,180,-1.587294023
126,182,-1.603813091
126,184,-1.657440917
126,186,-1.682355358
126,188,-1.71594729
126,190,-1.771878251
126,192,-1.865015926
126,194,-1.94981261
126,196,-2.0007445
126,198,-2.048826637
126,200,-1.998720443
126,202,-1.956960522
126,204,-1.885511532
126,206,-1.82395459
126,208,-1.785244428
126,210,-1.654196853
126,212,-1.493441072
126,214,-1.27125995
126,216,-1.05125995
126,218,-0.889260551
126,220,-0.753402649
126,222,-0.605244428
126,224,-0.425301992
126,226,-0.254933591
126,228,-0.151647737
126,230,-0.20958638
126,232,-0.372626444
126,234,-0.590112812
126,236,-0.790245651
126,238,-0.932262706
126,240,-1.019592098
126,242,-1.188335964
126,244,-1.394281995
126,246,-1.561032108
126,248,-1.662268573
126,250,-1.749778169
126,252,-1.859701982
126,254,-1.937583686
126,256,-1.995501639
126,258,-2.04878338
126,260,-2.308540419
126,262,-2.558761787
126,264,-2.806514255
126,266,-3.052076416
126,268,-3.039884184
126,270,-3.043870234
126,272,-3.110245651
126,274,-3.332792177
126,276,-3.620749787
126,278,-3.892753278
126,280,-4.148168129
126,282,-4.617463702
126,284,-4.98638455
126,286,-5.229589534
126,288,-5.191299376
126,290,-5.067844689
126,292,-4.951878934
126,294,-5.170179635
126,296,-5.498078511
126,298,-5.905580716
126,300,-6.452828843
126,302,-6.996284765
126,304,-7.492694203
126,306,-7.772577806
126,308,-7.959053025
126,310,-8.019053025
126,312,-8.11615399
126,314,-8.352982838
126,316,-8.630948278
126,318,-9.089528221
126,320,-9.534823494
126,322,-9.624742326
126,324,-9.704401343
126,326,-9.89168671
126,328,-10.09194115
126,330,-10.40540052
126,332,-11.12030978
126,334,-11.90110249
126,336,-12.5868552
126,338,-13.20350374
126,340,-13.80130138
126,342,-14.39997736
126,344,-14.82593845
126,346,-15.15442563
126,348,-15.41641094
126,350,-15.64461326
126,352,-15.81633016
126,354,-15.96207797
126,356,-16.05403469
126,358,-16.04387223
126,360,-15.92988618
128,0,-14.40418007
128,2,-14.27105513
128,4,-14.04695004
128,6,-13.72757008
128,8,-13.36056878
128,10,-12.99508987
128,12,-12.68256519
128,14,-12.40780545
128,16,-12.1280799
128,18,-11.87965254
128,20,-11.74327927
128,22,-11.66955626
128,24,-11.61694658
128,26,-11.66839947
128,28,-11.99570419
128,30,-12.34857828
128,32,-12.51725221
128,34,-12.40540052
128,36,-12.19421721
128,38,-11.70440134
128,40,-11.14735172
128,42,-10.84556887
128,44,-10.73556887
128,46,-10.51735172
128,48,-10.13638504
128,50,-9.694401343
128,52,-9.216853455
128,54,-8.600646528
128,56,-7.893356119
128,58,-7.578289151
128,60,-7.388288397
128,62,-7.138406708
128,64,-6.838189879
128,66,-6.519750578
128,68,-6.177289907
128,70,-5.813800617
128,72,-5.476937803
128,74,-4.916937459
128,76,-4.359278458
128,78,-4.014312412
128,80,-3.853742829
128,82,-3.744848509
128,84,-3.533448922
128,86,-3.354801755
128,88,-3.201285211
128,90,-3.084314313
128,92,-2.911755067
128,94,-2.645027971
128,96,-2.311193681
128,98,-2.082268104
128,100,-1.896556885
128,102,-1.786948042
128,104,-1.724283245
128,106,-1.641562454
128,108,-1.628390361
128,110,-1.616795445
128,112,-1.58618196
128,114,-1.504335555
128,116,-1.436728939
128,118,-1.423317096
128,120,-1.462626444
128,122,-1.544981897
128,124,-1.464981897
128,126,-1.241065943
128,128,-0.9483608
128,130,-0.656549034
128,132,-0.462328963
128,134,-0.39207829
128,136,-0.384404337
128,138,-0.399975363
128,140,-0.432563186
128,142,-0.519618515
128,144,-0.65112793
128,146,-0.813743452
128,148,-0.984335938
128,150,-1.151997113
128,152,-1.262262098
128,154,-1.352792177
128,156,-1.425049827
128,158,-1.486733145
128,160,-1.544095334
128,162,-1.5779279
128,164,-1.609778169
128,166,-1.621140841
128,168,-1.591485495
128,170,-1.572544528
128,172,-1.54520585
128,174,-1.537054018
128,176,-1.558692529
128,178,-1.596652605
128,180,-1.612082124
128,182,-1.651155611
128,184,-1.676629647
128,186,-1.700566779
128,188,-1.744505704
128,190,-1.824080384
128,192,-1.882355358
128,194,-1.933448922
128,196,-1.988447829
128,198,-1.994178527
128,200,-1.96275815
128,202,-1.920115416
128,204,-1.850207012
128,206,-1.795060227
128,208,-1.739078867
128,210,-1.6207445
128,212,-1.46417807
128,214,-1.251054017
128,216,-1.046241155
128,218,-0.903322868
128,220,-0.786023495
128,222,-0.628199312
128,224,-0.458199386
128,226,-0.301647674
128,228,-0.184783934
128,230,-0.234416563
128,232,-0.38429404
128,234,-0.582075968
128,236,-0.780614704
128,238,-0.922605987
128,240,-1.012455991
128,242,-1.164769051
128,244,-1.357443152
128,246,-1.565472056
128,248,-1.688199312
128,250,-1.78757042
128,252,-1.897214403
128,254,-1.990345165
128,256,-2.056960522
128,258,-2.10409095
128,260,-2.271810482
128,262,-2.539617252
128,264,-2.788336571
128,266,-3.028343454
128,268,-3.14859959
128,270,-3.117478182
128,272,-3.1275685
128,274,-3.273888668
128,276,-3.508390768
128,278,-3.806513661
128,280,-4.042576475
128,282,-4.337414384
128,284,-4.800804584
128,286,-5.121356931
128,288,-5.299588855
128,290,-5.281176098
128,292,-5.157714771
128,294,-5.085043894
128,296,-5.308202558
128,298,-5.644506334
128,300,-6.022628012
128,302,-6.56645649
128,304,-7.13176246
128,306,-7.593204338
128,308,-7.944907557
128,310,-8.072694203
128,312,-8.175824397
128,314,-8.323356872
128,316,-8.513276289
128,318,-8.800442742
128,320,-9.166286954
128,322,-9.605078798
128,324,-10.00592707
128,326,-10.11473995
128,328,-10.22490909
128,330,-10.36839883
128,332,-10.51026607
128,334,-10.65321911
128,336,-11.10564086
128,338,-11.7301979
128,340,-12.25674288
128,342,-12.74345092
128,344,-13.17079519
128,346,-13.57403469
128,348,-13.89964894
128,350,-14.20530399
128,352,-14.4672164
128,354,-14.62567486
128,356,-14.66241171
128,358,-14.63887809
128,360,-14.40418007
130,0,-12.40524643
130,2,-12.26503037
130,4,-12.07418007
130,6,-11.89106851
130,8,-11.71208029
130,10,-11.51181248
130,12,-11.35345092
130,14,-11.21454425
130,16,-11.06018032
130,18,-10.91863842
130,20,-11.06777683
130,22,-11.32344163
130,24,-11.61615552
130,26,-11.88709614
130,28,-11.93951432
130,30,-11.95694658
130,32,-11.86771472
130,34,-11.50254681
130,36,-11.11473995
130,38,-10.84810323
130,40,-10.78335762
130,42,-10.73054591
130,44,-10.45880142
130,46,-10.11070368
130,48,-9.659364737
130,50,-9.24257934
130,52,-8.527524527
130,54,-7.898189879
130,56,-7.680748124
130,58,-7.45713466
130,60,-7.210243173
130,62,-6.975111474
130,64,-6.713084488
130,66,-6.39115549
130,68,-6.054613537
130,70,-5.697959543
130,72,-5.171175087
130,74,-4.521175751
130,76,-4.188819482
130,78,-3.967067498
130,80,-3.882237851
130,82,-3.694234362
130,84,-3.494264035
130,86,-3.311238976
130,88,-3.175797229
130,90,-3.008948316
130,92,-2.780614141
130,94,-2.428934345
130,96,-2.151003907
130,98,-1.939605878
130,100,-1.754981461
130,102,-1.7183608
130,104,-1.669177293
130,106,-1.604282412
130,108,-1.600907193
130,110,-1.588390768
130,112,-1.542753278
130,114,-1.47009851
130,116,-1.422454991
130,118,-1.432328808
130,120,-1.479343554
130,122,-1.535502639
130,124,-1.464095785
130,126,-1.22859904
130,128,-0.941032108
130,130,-0.669965479
130,132,-0.477589355
130,134,-0.397478621
130,136,-0.391141841
130,138,-0.403888668
130,140,-0.430699087
130,142,-0.528656969
130,144,-0.647987263
130,146,-0.795937031
130,148,-0.96981261
130,150,-1.102393256
130,152,-1.22442363
130,154,-1.327440455
130,156,-1.406823164
130,158,-1.464783934
130,160,-1.513569997
130,162,-1.554033829
130,164,-1.577349996
130,166,-1.613800275
130,168,-1.619502683
130,170,-1.627393836
130,172,-1.624223727
130,174,-1.611053725
130,176,-1.625301992
130,178,-1.658662991
130,180,-1.660441475
130,182,-1.695929657
130,184,-1.728948544
130,186,-1.765971724
130,188,-1.824313679
130,190,-1.8713563
130,192,-1.918822345
130,194,-1.957903944
130,196,-1.972422955
130,198,-1.922605987
130,200,-1.889965926
130,202,-1.844293969
130,204,-1.779778644
130,206,-1.742401401
130,208,-1.666408936
130,210,-1.551647737
130,212,-1.402076416
130,214,-1.199716281
130,216,-1.041140841
130,218,-0.912626444
130,220,-0.799716281
130,222,-0.648049448
130,224,-0.479716849
130,226,-0.322394691
130,228,-0.207861369
130,230,-0.264521756
130,232,-0.40533653
130,234,-0.58275815
130,236,-0.77452223
130,238,-0.90442363
130,240,-1.006948042
130,242,-1.137568081
130,244,-1.322605987
130,246,-1.545471497
130,248,-1.686659172
130,250,-1.808156435
130,252,-1.925512009
130,254,-2.039079867
130,256,-2.113690393
130,258,-2.173097046
130,260,-2.240246243
130,262,-2.506202242
130,264,-2.760496919
130,266,-3.013317096
130,268,-3.256023495
130,270,-3.241032555
130,272,-3.225394221
130,274,-3.240907193
130,276,-3.443888668
130,278,-3.69616516
130,280,-3.988390768
130,282,-4.194403943
130,284,-4.53706686
130,286,-4.995534963
130,288,-5.255043894
130,290,-5.403517131
130,292,-5.414542927
130,294,-5.281140568
130,296,-5.219588855
130,298,-5.47638455
130,300,-5.78638523
130,302,-6.138203242
130,304,-6.654661064
130,306,-7.2116804
130,308,-7.672487235
130,310,-8.113791161
130,312,-8.243356119
130,314,-8.389892732
130,316,-8.5268552
130,318,-8.698413504
130,320,-8.96287548
130,322,-9.255677967
130,324,-9.624661762
130,326,-10.05758105
130,328,-10.5211569
130,330,-10.64024537
130,332,-10.71568326
130,334,-10.8224325
130,336,-10.96159779
130,338,-11.07940726
130,340,-11.17079162
130,342,-11.23406629
130,344,-11.62070205
130,346,-11.95817075
130,348,-12.22744456
130,350,-12.41748018
130,352,-12.52585701
130,354,-12.59286806
130,356,-12.6030939
130,358,-12.56027809
130,360,-12.40524643
132,0,-10.96825215
132,2,-10.93882764
132,4,-10.87499664
132,6,-10.82220137
132,8,-10.808449
132,10,-10.79400958
132,12,-10.81163149
132,14,-10.87746536
132,16,-10.96871094
132,18,-11.12163913
132,20,-11.2324325
132,22,-11.3168552
132,24,-11.38845783
132,26,-11.42511299
132,28,-11.28344163
132,30,-11.06729528
132,32,-10.78270829
132,34,-10.72797858
132,36,-10.74797858
132,38,-10.71450633
132,40,-10.52310416
132,42,-10.31834973
132,44,-9.968438442
132,46,-9.552822562
132,48,-9.002084124
132,50,-8.356342429
132,52,-7.922082646
132,54,-7.710950382
132,56,-7.508512667
132,58,-7.288398057
132,60,-7.073397947
132,62,-6.858101717
132,64,-6.578764554
132,66,-6.283517131
132,68,-5.930805236
132,70,-5.424430703
132,72,-4.77113991
132,74,-4.380866282
132,76,-4.102310819
132,78,-3.987761767
132,80,-3.840371119
132,82,-3.657540141
132,84,-3.445981793
132,86,-3.284270307
132,88,-3.128819482
132,90,-2.914614349
132,92,-2.584291194
132,94,-2.242053674
132,96,-1.995027971
132,98,-1.811053133
132,100,-1.691241871
132,102,-1.665389597
132,104,-1.59810212
132,106,-1.572327963
132,108,-1.582328386
132,110,-1.563317096
132,112,-1.520749787
132,114,-1.454769051
132,116,-1.386759385
132,118,-1.43264857
132,120,-1.498876537
132,122,-1.534177527
132,124,-1.470336615
132,126,-1.23632822
132,128,-0.961646674
132,130,-0.702866532
132,132,-0.510273345
132,134,-0.441647206
132,136,-0.425027971
132,138,-0.436556885
132,140,-0.446241155
132,142,-0.532199922
132,144,-0.634095785
132,146,-0.76125995
132,148,-0.9207445
132,150,-1.069078891
132,152,-1.190345165
132,154,-1.290745023
132,156,-1.361492182
132,158,-1.429633151
132,160,-1.511221972
132,162,-1.545819309
132,164,-1.587052595
132,166,-1.633502745
132,168,-1.670243654
132,170,-1.663501745
132,172,-1.673799932
132,174,-1.708048883
132,176,-1.743097046
132,178,-1.757463361
132,180,-1.762430504
132,182,-1.817313415
132,184,-1.819826304
132,186,-1.831647206
132,188,-1.878343023
132,190,-1.899826029
132,192,-1.927966683
132,194,-1.941044054
132,196,-1.923449284
132,198,-1.880097901
132,200,-1.828102697
132,202,-1.757763959
132,204,-1.716659633
132,206,-1.689260551
132,208,-1.585028366
132,210,-1.47356946
132,212,-1.328876092
132,214,-1.136948042
132,216,-1.016549034
132,218,-0.913376071
132,220,-0.810764066
132,222,-0.67011223
132,224,-0.507986854
132,226,-0.357986263
132,228,-0.239632727
132,230,-0.308693089
132,232,-0.428199312
132,234,-0.587583132
132,236,-0.784415053
132,238,-0.902022138
132,240,-0.995855549
132,242,-1.101053133
132,244,-1.274089522
132,246,-1.496556885
132,248,-1.67499464
132,250,-1.810273296
132,252,-1.941193681
132,254,-2.063403164
132,256,-2.160323139
132,258,-2.221004841
132,260,-2.27981261
132,262,-2.472576475
132,264,-2.731263418
132,266,-2.990793186
132,268,-3.232394125
132,270,-3.377860824
132,272,-3.329965926
132,274,-3.34553006
132,276,-3.422606987
132,278,-3.611563454
132,280,-3.899785503
132,282,-4.166513661
132,284,-4.344007576
132,286,-4.72070005
132,288,-5.131878885
132,290,-5.378202558
132,292,-5.493813739
132,294,-5.521044731
132,296,-5.407845348
132,298,-5.34317523
132,300,-5.617540468
132,302,-5.907845348
132,304,-6.29080591
132,306,-6.738202558
132,308,-7.254610386
132,310,-7.716261686
132,312,-8.145639372
132,314,-8.420876928
132,316,-8.549750578
132,318,-8.713090497
132,320,-8.875736715
132,322,-9.071639133
132,324,-9.320180323
132,326,-9.604546379
132,328,-9.930373119
132,330,-10.33349992
132,332,-10.74693912
132,334,-11.10969112
132,336,-11.17315113
132,338,-11.24005552
132,340,-11.29315113
132,342,-11.34532491
132,344,-11.37619909
132,346,-11.40242495
132,348,-11.41440634
132,350,-11.39024765
132,352,-11.3183628
132,354,-11.2654735
132,356,-11.19874655
132,358,-11.13344307
132,360,-10.96825215
134,0,-10.94027809
134,2,-10.92926255
134,4,-10.87958793
134,6,-10.84409152
134,8,-10.85878538
134,10,-10.81876379
134,12,-10.81579893
134,14,-10.83381509
134,16,-10.8580799
134,18,-10.93153539
134,20,-10.90287548
134,22,-10.77724596
134,24,-10.66168183
134,26,-10.51822666
134,28,-10.46670004
134,30,-10.50670004
134,32,-10.53069059
134,34,-10.52861352
134,36,-10.43758105
134,38,-10.30442762
134,40,-10.03573671
134,42,-9.699919057
134,44,-9.275736715
134,46,-8.693075954
134,48,-8.122829552
134,50,-7.903578869
134,52,-7.69539352
134,54,-7.533791161
134,56,-7.36170554
134,58,-7.172546805
134,60,-6.979526699
134,62,-6.77128344
134,64,-6.497651457
134,66,-6.139171713
134,68,-5.63638455
134,70,-4.99317523
134,72,-4.574544709
134,74,-4.25405527
134,76,-4.127464361
134,78,-3.981292167
134,80,-3.805042894
134,82,-3.600350664
134,84,-3.403405757
134,86,-3.270287059
134,88,-3.040648389
134,90,-2.755049827
134,92,-2.375472056
134,94,-2.086556885
134,96,-1.862199808
134,98,-1.694089522
134,100,-1.64810212
134,102,-1.618103274
134,104,-1.569632727
134,106,-1.575531631
134,108,-1.562627018
134,110,-1.541755067
134,112,-1.484321581
134,114,-1.422077699
134,116,-1.38337591
134,118,-1.426241593
134,120,-1.500550462
134,122,-1.52567286
134,124,-1.461619444
134,126,-1.243402649
134,128,-0.989079355
134,130,-0.73986164
134,132,-0.56530249
134,134,-0.485336032
134,136,-0.459999787
134,138,-0.473690393
134,140,-0.476408936
134,142,-0.53275815
134,144,-0.619999787
134,146,-0.740114406
134,148,-0.890744454
134,150,-1.040443807
134,152,-1.155471497
134,154,-1.25337591
134,156,-1.338335749
134,158,-1.404313679
134,160,-1.467958209
134,162,-1.533406451
134,164,-1.573073954
134,166,-1.610742702
134,168,-1.673074667
134,170,-1.71426998
134,172,-1.753473393
134,174,-1.763993604
134,176,-1.794032692
134,178,-1.800866282
134,180,-1.852828552
134,182,-1.880542796
134,184,-1.892753462
134,186,-1.905530488
134,188,-1.927214403
134,190,-1.937986263
134,192,-1.906238583
134,194,-1.886197725
134,196,-1.846976485
134,198,-1.818948316
134,200,-1.750245651
134,202,-1.688343454
134,204,-1.659585928
134,206,-1.584995106
134,208,-1.482866061
134,210,-1.37282159
134,212,-1.233097046
134,214,-1.063699113
134,216,-0.976886457
134,218,-0.888102697
134,220,-0.797568662
134,222,-0.676164752
134,224,-0.50466412
134,226,-0.372261491
134,228,-0.286795445
134,230,-0.349185633
134,232,-0.466734145
134,234,-0.609585928
134,236,-0.784177613
134,238,-0.893091901
134,240,-0.979700473
134,242,-1.058156435
134,244,-1.234095334
134,246,-1.445855008
134,248,-1.645511532
134,250,-1.798826124
134,252,-1.939078867
134,254,-2.084416053
134,256,-2.220206508
134,258,-2.275028366
134,260,-2.326628647
134,262,-2.426164752
134,264,-2.691263418
134,266,-2.951222359
134,268,-3.212605987
134,270,-3.463097496
134,272,-3.489585928
134,274,-3.453088191
134,276,-3.468102697
134,278,-3.608446997
134,280,-3.815049413
134,282,-4.109186046
134,284,-4.334614945
134,286,-4.493473781
134,288,-4.883149129
134,290,-5.260178948
134,292,-5.487651457
134,294,-5.600287705
134,296,-5.644427004
134,298,-5.564612587
134,300,-5.477715756
134,302,-5.724636755
134,304,-6.024265374
134,306,-6.387904616
134,308,-6.751293499
134,310,-7.230790247
134,312,-7.703502336
134,314,-8.102431782
134,316,-8.510441275
134,318,-8.674078732
134,320,-8.776700043
134,322,-8.9113583
134,324,-9.097320943
134,326,-9.310868282
134,328,-9.534235362
134,330,-9.778541789
134,332,-10.00049892
134,334,-10.29046921
134,336,-10.62279418
134,338,-10.96024765
134,340,-11.26593845
134,342,-11.42387223
134,344,-11.42262844
134,346,-11.40834545
134,348,-11.39239612
134,350,-11.35309019
134,352,-11.25996748
134,354,-11.21507282
134,356,-11.11964894
134,358,-11.0379299
134,360,-10.94027809
136,0,-10.79370111
136,2,-10.73011423
136,4,-10.65079519
136,6,-10.54963768
136,8,-10.47256519
136,10,-10.40532491
136,12,-10.33442833
136,14,-10.25427198
136,16,-10.17351849
136,18,-10.09278951
136,20,-10.04959021
136,22,-10.12188025
136,24,-10.18553665
136,26,-10.25674288
136,28,-10.29732094
136,30,-10.23754181
136,32,-10.18057054
136,34,-10.1170546
136,36,-9.900997076
136,38,-9.657846689
136,40,-9.327846689
136,42,-8.819962246
136,44,-8.302355994
136,46,-8.044661064
136,48,-7.82568254
136,50,-7.64539352
136,52,-7.510867196
136,54,-7.375130667
136,56,-7.251872923
136,58,-7.080883558
136,60,-6.910243223
136,62,-6.671913059
136,64,-6.338709576
136,66,-5.809171713
136,68,-5.161356931
136,70,-4.730287059
136,72,-4.387958543
136,74,-4.264613205
136,76,-4.134064944
136,78,-3.96034997
136,80,-3.768224657
136,82,-3.558764704
136,84,-3.427676902
136,86,-3.221292499
136,88,-2.936653451
136,90,-2.565049999
136,92,-2.20106651
136,94,-1.933699113
136,96,-1.745389597
136,98,-1.612605987
136,100,-1.587568081
136,102,-1.546549034
136,104,-1.516886883
136,106,-1.514032692
136,108,-1.52553006
136,110,-1.512328808
136,112,-1.455676943
136,114,-1.384282829
136,116,-1.364089522
136,118,-1.402199365
136,120,-1.479605878
136,122,-1.508718916
136,124,-1.479078867
136,126,-1.275163839
136,128,-1.045244924
136,130,-0.813955128
136,132,-0.640273296
136,134,-0.543993131
136,136,-0.488719971
136,138,-0.495971769
136,140,-0.50758265
136,142,-0.546408936
136,144,-0.610337149
136,146,-0.71055001
136,148,-0.834981461
136,150,-0.981562454
136,152,-1.102262098
136,154,-1.221128301
136,156,-1.30969012
136,158,-1.37674088
136,160,-1.427677299
136,162,-1.488765704
136,164,-1.562431504
136,166,-1.605929225
136,168,-1.651912441
136,170,-1.684233362
136,172,-1.74810212
136,174,-1.79986164
136,176,-1.840245651
136,178,-1.871175424
136,180,-1.872688154
136,182,-1.919695514
136,184,-1.914542254
136,186,-1.910793186
136,188,-1.882866532
136,190,-1.874994175
136,192,-1.841755067
136,194,-1.806182743
136,196,-1.746652836
136,198,-1.696182743
136,200,-1.650245651
136,202,-1.61553006
136,204,-1.562076416
136,206,-1.480337547
136,208,-1.376328156
136,210,-1.258198849
136,212,-1.107860824
136,214,-1.008876537
136,216,-0.939343118
136,218,-0.873699548
136,220,-0.779632727
136,222,-0.650245651
136,224,-0.502262098
136,226,-0.400496919
136,228,-0.342803688
136,230,-0.392576475
136,232,-0.507986854
136,234,-0.64810212
136,236,-0.791241871
136,238,-0.886953802
136,240,-0.956408936
136,242,-1.020322139
136,244,-1.190745546
136,246,-1.385511532
136,248,-1.589700982
136,250,-1.760345165
136,252,-1.930345665
136,254,-2.080345666
136,256,-2.22530249
136,258,-2.305972201
136,260,-2.367589906
136,262,-2.44175623
136,264,-2.661221972
136,266,-2.90483673
136,268,-3.174663724
136,270,-3.434090522
136,272,-3.646953802
136,274,-3.589965479
136,276,-3.58106751
136,278,-3.60675997
136,280,-3.790907193
136,282,-4.012606403
136,284,-4.300907193
136,286,-4.504770051
136,288,-4.655819189
136,290,-5.037657285
136,292,-5.364998932
136,294,-5.562628012
136,296,-5.689589534
136,298,-5.731261168
136,300,-5.721176098
136,302,-5.667929138
136,304,-5.824542927
136,306,-6.086605274
136,308,-6.409689813
136,310,-6.766938459
136,312,-7.151300043
136,314,-7.591878201
136,316,-8.010689193
136,318,-8.349405852
136,320,-8.678638424
136,322,-8.83645866
136,324,-8.917846689
136,326,-8.987763414
136,328,-9.162565186
136,330,-9.332424955
136,332,-9.518337964
136,334,-9.706166752
136,336,-9.857570081
136,338,-10.00106851
136,340,-10.11507282
136,342,-10.29502997
136,344,-10.49033862
136,346,-10.6607465
136,348,-10.79882764
136,350,-10.90027809
136,352,-10.96441756
136,354,-10.99551353
136,356,-10.96205467
136,358,-10.89550364
136,360,-10.79370111
138,0,-9.684091522
138,2,-9.675678766
138,4,-9.662755278
138,6,-9.646654836
138,8,-9.656240583
138,10,-9.678925955
138,12,-9.715821309
138,14,-9.774803755
138,16,-9.832755462
138,18,-9.883151129
138,20,-9.937225559
138,22,-9.920055525
138,24,-9.908821482
138,26,-9.937163475
138,28,-9.915821309
138,30,-9.746199089
138,32,-9.605932548
138,34,-9.447508137
138,36,-9.130649756
138,38,-8.727890796
138,40,-8.315078892
138,42,-8.081176098
138,44,-7.903924765
138,46,-7.73991764
138,48,-7.604232589
138,50,-7.468513431
138,52,-7.396153226
138,54,-7.299931849
138,56,-7.185760341
138,58,-7.035676564
138,60,-6.780178948
138,62,-6.462355994
138,64,-5.919172394
138,66,-5.287651457
138,68,-4.876741202
138,70,-4.514613873
138,72,-4.400804584
138,74,-4.272787508
138,76,-4.116698043
138,78,-3.940244084
138,80,-3.733578327
138,82,-3.578484391
138,84,-3.419695514
138,86,-3.111821101
138,88,-2.761811093
138,90,-2.363317096
138,92,-2.057568081
138,94,-1.801755485
138,96,-1.640566779
138,98,-1.578391361
138,100,-1.552605987
138,102,-1.499177873
138,104,-1.484090522
138,106,-1.496241593
138,108,-1.49106651
138,110,-1.466886883
138,112,-1.412606403
138,114,-1.33810212
138,116,-1.33106651
138,118,-1.371032108
138,120,-1.458198849
138,122,-1.495972246
138,124,-1.484933591
138,126,-1.300207012
138,128,-1.098250666
138,130,-0.882866061
138,132,-0.715028429
138,134,-0.607589804
138,136,-0.539884625
138,138,-0.536629647
138,140,-0.532199922
138,142,-0.542199365
138,144,-0.60264857
138,146,-0.678447413
138,148,-0.776795445
138,150,-0.916202865
138,152,-1.06070005
138,154,-1.154611582
138,156,-1.248202611
138,158,-1.335676266
138,160,-1.414539039
138,162,-1.454076732
138,164,-1.500243369
138,166,-1.571153262
138,168,-1.613149129
138,170,-1.672754073
138,172,-1.716659633
138,174,-1.760337149
138,176,-1.798622457
138,178,-1.841260832
138,180,-1.823695737
138,182,-1.843695737
138,184,-1.850995076
138,186,-1.843743452
138,188,-1.813699678
138,190,-1.770207012
138,192,-1.747860369
138,194,-1.705390172
138,196,-1.650245651
138,198,-1.606515067
138,200,-1.566759385
138,202,-1.509716713
138,204,-1.434095334
138,206,-1.348198849
138,208,-1.261003374
138,210,-1.12567286
138,212,-1.012821976
138,214,-0.967860369
138,216,-0.911491821
138,218,-0.846022589
138,220,-0.766733145
138,222,-0.642606572
138,224,-0.490699087
138,226,-0.416652836
138,228,-0.399635683
138,230,-0.455087873
138,232,-0.566524595
138,234,-0.682792177
138,236,-0.812692852
138,238,-0.8883608
138,240,-0.954095334
138,242,-0.992866591
138,244,-1.150207012
138,246,-1.335163839
138,248,-1.544933591
138,250,-1.713955128
138,252,-1.888250635
138,254,-2.043403649
138,256,-2.203403164
138,258,-2.329778169
138,260,-2.397589355
138,262,-2.474973485
138,264,-2.610097901
138,266,-2.849826029
138,268,-3.108762412
138,270,-3.37672379
138,272,-3.649716281
138,274,-3.747764402
138,276,-3.711863065
138,278,-3.732328386
138,280,-3.797986263
138,282,-3.973317096
138,284,-4.199185633
138,286,-4.493317509
138,288,-4.662753278
138,290,-4.806201865
138,292,-5.151260826
138,294,-5.445580716
138,296,-5.640350581
138,298,-5.797054331
138,300,-5.857540468
138,302,-5.857904616
138,304,-5.821261168
138,306,-5.881261832
138,308,-6.140371805
138,310,-6.411821153
138,312,-6.731821802
138,314,-7.039277849
138,316,-7.411261832
138,318,-7.803174551
138,320,-8.148823654
138,322,-8.428824345
138,324,-8.687652143
138,326,-8.860997076
138,328,-8.908821482
138,330,-8.951265418
138,332,-9.010701087
138,334,-9.143890668
138,336,-9.265391597
138,338,-9.428694529
138,340,-9.562411713
138,342,-9.621005374
138,344,-9.691195202
138,346,-9.744198853
138,348,-9.77533853
138,350,-9.779080867
138,352,-9.789780169
138,354,-9.81357146
138,356,-9.76860104
138,358,-9.732396125
138,360,-9.684091522
140,0,-9.456735145
140,2,-9.474284412
140,4,-9.480568779
140,6,-9.474665724
140,8,-9.467913768
140,10,-9.465089873
140,12,-9.495089873
140,14,-9.514337555
140,16,-9.531998496
140,18,-9.545089873
140,20,-9.543475781
140,22,-9.496730939
140,24,-9.440751189
140,26,-9.354322988
140,28,-9.242607987
140,30,-9.031564454
140,32,-8.762456991
140,34,-8.444771051
140,36,-8.148337964
140,38,-7.999617989
140,40,-7.839689813
140,42,-7.71317523
140,44,-7.635735295
140,46,-7.549892732
140,48,-7.463455283
140,50,-7.36845633
140,52,-7.297663721
140,54,-7.23453961
140,56,-7.120790247
140,58,-6.862356676
140,60,-6.573813739
140,62,-5.966742202
140,64,-5.40638455
140,66,-5.02426998
140,68,-4.677903944
140,70,-4.544064292
140,72,-4.418708942
140,74,-4.260543388
140,76,-4.08520585
140,78,-3.884232064
140,80,-3.725759544
140,82,-3.584076732
140,84,-3.302787508
140,86,-2.978924955
140,88,-2.571221972
140,90,-2.214769051
140,92,-1.918389768
140,94,-1.714785404
140,96,-1.564007576
140,98,-1.544785606
140,100,-1.520245651
140,102,-1.478446997
140,104,-1.465530488
140,106,-1.460614141
140,108,-1.463699113
140,110,-1.42553006
140,112,-1.363870811
140,114,-1.28981261
140,116,-1.297478182
140,118,-1.34055001
140,120,-1.404293505
140,122,-1.446822123
140,124,-1.470345665
140,126,-1.324196853
140,128,-1.150272821
140,130,-0.95126049
140,132,-0.797763959
140,134,-0.67553106
140,136,-0.615936449
140,138,-0.587443152
140,140,-0.576165344
140,142,-0.574321581
140,144,-0.596795445
140,146,-0.64894893
140,148,-0.732237851
140,150,-0.830700696
140,152,-0.957928806
140,154,-1.083924139
140,156,-1.172688154
140,158,-1.258816626
140,160,-1.350243369
140,162,-1.4270011
140,164,-1.468078203
140,166,-1.487903944
140,168,-1.548761787
140,170,-1.60264857
140,172,-1.655301992
140,174,-1.687478182
140,176,-1.726201865
140,178,-1.741239306
140,180,-1.732544136
140,182,-1.78068929
140,184,-1.780287059
140,186,-1.740679482
140,188,-1.711562454
140,190,-1.657440917
140,192,-1.624933591
140,194,-1.579605878
140,196,-1.546733578
140,198,-1.509633303
140,200,-1.438343454
140,202,-1.37662909
140,204,-1.29695244
140,206,-1.209646472
140,208,-1.096961053
140,210,-0.98756995
140,212,-0.952866061
140,214,-0.91756995
140,216,-0.88452223
140,218,-0.82567286
140,220,-0.75859904
140,222,-0.638343885
140,224,-0.535676766
140,226,-0.450467215
140,228,-0.465703721
140,230,-0.529591486
140,232,-0.637351222
140,234,-0.737350609
140,236,-0.827350996
140,238,-0.892455585
140,240,-0.942626444
140,242,-0.979965926
140,244,-1.128156435
140,246,-1.288549397
140,248,-1.481193202
140,250,-1.668720443
140,252,-1.851647674
140,254,-2.001647206
140,256,-2.16757048
140,258,-2.331647206
140,260,-2.403323424
140,262,-2.475936867
140,264,-2.556182743
140,266,-2.786197089
140,268,-3.032754115
140,270,-3.306201865
140,272,-3.574320988
140,274,-3.826733145
140,276,-3.831066943
140,278,-3.816886457
140,280,-3.865676766
140,282,-3.958656372
140,284,-4.132455397
140,286,-4.378390361
140,288,-4.668391361
140,290,-4.827911768
140,292,-4.942237851
140,294,-5.221240306
140,296,-5.528225243
140,298,-5.70645649
140,300,-5.880689193
140,302,-5.921357616
140,304,-5.984545039
140,306,-5.984545039
140,308,-5.987967016
140,310,-6.147804125
140,312,-6.386938459
140,314,-6.645324261
140,316,-6.938820832
140,318,-7.232311517
140,320,-7.547657302
140,322,-7.847540468
140,324,-8.142787467
140,326,-8.355983793
140,328,-8.54427198
140,330,-8.724428328
140,332,-8.845821309
140,334,-8.877255139
140,336,-8.886515661
140,338,-8.88106851
140,340,-8.899587928
140,342,-8.997442455
140,344,-9.103995131
140,346,-9.163093901
140,348,-9.210116911
140,350,-9.264417563
140,352,-9.299780169
140,354,-9.33126195
140,356,-9.371034108
140,358,-9.398051448
140,360,-9.456735145
142,0,-8.916962522
142,2,-8.97055201
142,4,-9.023324868
142,6,-9.032201365
142,8,-9.049886184
142,10,-9.064293194
142,12,-9.10442563
142,14,-9.103099046
142,16,-9.076025495
142,18,-9.040446348
142,20,-8.989648937
142,22,-8.86499664
142,24,-8.686661172
142,26,-8.475072821
142,28,-8.262077968
142,30,-8.071055133
142,32,-7.953377491
142,34,-7.832755278
142,36,-7.689970272
142,38,-7.610054214
142,40,-7.54504321
142,42,-7.478816486
142,44,-7.437977858
142,46,-7.382706837
142,48,-7.326285495
142,50,-7.305736715
142,52,-7.267053644
142,54,-7.109588175
142,56,-6.894430703
142,58,-6.531292164
142,60,-5.970995732
142,62,-5.467715756
142,64,-5.111175424
142,66,-4.807463021
142,68,-4.661239306
142,70,-4.533175588
142,72,-4.409695514
142,74,-4.256867671
142,76,-4.057662463
142,78,-3.88327802
142,80,-3.767774828
142,82,-3.516456899
142,84,-3.184426328
142,86,-2.787974257
142,88,-2.377350609
142,90,-2.051810482
142,92,-1.791810482
142,94,-1.624848888
142,96,-1.545818807
142,98,-1.516183135
142,100,-1.480749189
142,102,-1.449186046
142,104,-1.44264857
142,106,-1.436241593
142,108,-1.433088191
142,110,-1.38106751
142,112,-1.32264857
142,114,-1.242394125
142,116,-1.248876092
142,118,-1.28417807
142,120,-1.352268634
142,122,-1.40340162
142,124,-1.435301992
142,126,-1.333092385
142,128,-1.196960991
142,130,-1.035071272
142,132,-0.886733578
142,134,-0.756759385
142,136,-0.68878338
142,138,-0.641222585
142,140,-0.633447126
142,142,-0.638762161
142,144,-0.62223822
142,146,-0.651485495
142,148,-0.71968912
142,150,-0.787928138
142,152,-0.855535328
142,154,-0.973405757
142,156,-1.085290344
142,158,-1.172828552
142,160,-1.245289637
142,162,-1.337289294
142,164,-1.381292834
142,166,-1.446977219
142,168,-1.507442564
142,170,-1.532822976
142,172,-1.572401401
142,174,-1.586886457
142,176,-1.623694204
142,178,-1.644635422
142,180,-1.619522526
142,182,-1.624997932
142,184,-1.623813091
142,186,-1.614232715
142,188,-1.584664724
142,190,-1.538692529
142,192,-1.5079279
142,194,-1.463402649
142,196,-1.409646937
142,198,-1.347860369
142,200,-1.285070821
142,202,-1.193305314
142,204,-1.122053135
142,206,-1.03499564
142,208,-0.948719971
142,210,-0.916408936
142,212,-0.887928417
142,214,-0.864415563
142,216,-0.844611767
142,218,-0.796823164
142,220,-0.719646937
142,222,-0.616557333
142,224,-0.552626444
142,226,-0.506164752
142,228,-0.550749189
142,230,-0.618622853
142,232,-0.711811093
142,234,-0.798169363
142,236,-0.883447126
142,238,-0.918335964
142,240,-0.947986263
142,242,-0.96981261
142,244,-1.09958538
142,246,-1.246328156
142,248,-1.414293505
142,250,-1.596659172
142,252,-1.787860369
142,254,-1.963305314
142,256,-2.137860369
142,258,-2.316954348
142,260,-2.414982025
142,262,-2.473317096
142,264,-2.555703721
142,266,-2.698923955
142,268,-2.944426666
142,270,-3.205797926
142,272,-3.477507385
142,274,-3.730749591
142,276,-3.932328386
142,278,-3.910764066
142,280,-3.917442564
142,282,-3.972753278
142,284,-4.094404943
142,286,-4.29069988
142,288,-4.536729939
142,290,-4.800699484
142,292,-4.935818807
142,294,-5.033448922
142,296,-5.287540468
142,298,-5.557313703
142,300,-5.740061611
142,302,-5.890197189
142,304,-5.988659555
142,306,-6.049523148
142,308,-6.102788147
142,310,-6.113175909
142,312,-6.143517131
142,314,-6.344545039
142,316,-6.551176761
142,318,-6.770372462
142,320,-7.027224901
142,322,-7.273800617
142,324,-7.531044731
142,326,-7.774430703
142,328,-7.979588855
142,330,-8.161357616
142,332,-8.323176588
142,334,-8.477905944
142,336,-8.610070523
142,338,-8.727508137
142,340,-8.802755278
142,342,-8.802607987
142,344,-8.806735145
142,346,-8.812077968
142,348,-8.814295505
142,350,-8.812403401
142,352,-8.815165839
142,354,-8.81986364
142,356,-8.837216403
142,358,-8.879648937
142,360,-8.916962522
144,0,-8.706243155
144,2,-8.712411713
144,4,-8.708936345
144,6,-8.68567486
144,8,-8.652270104
144,10,-8.59757195
144,12,-8.523995131
144,14,-8.425513532
144,16,-8.311620923
144,18,-8.16758465
144,20,-8.0079299
144,22,-7.894935591
144,24,-7.838252151
144,26,-7.742054674
144,28,-7.633090191
144,30,-7.541755322
144,32,-7.506183527
144,34,-7.466197815
144,36,-7.404612587
144,38,-7.37079162
144,40,-7.343406367
144,42,-7.296457194
144,44,-7.274080968
144,46,-7.30499824
144,48,-7.324064944
144,50,-7.241261168
144,52,-7.084264714
144,54,-6.883498607
144,56,-6.394055952
144,58,-5.914427004
144,60,-5.524055952
144,62,-5.165796926
144,64,-4.916224246
144,66,-4.774612582
144,68,-4.639588534
144,70,-4.520688591
144,72,-4.391595792
144,74,-4.219469669
144,76,-4.060947529
144,78,-3.951606735
144,80,-3.738765704
144,82,-3.389589214
144,84,-3.009277806
144,86,-2.595930917
144,88,-2.233742205
144,90,-1.909975363
144,92,-1.721127559
144,94,-1.567974623
144,96,-1.527506137
144,98,-1.497351222
144,100,-1.464785404
144,102,-1.438447581
144,104,-1.419344118
144,106,-1.405471939
144,108,-1.398876092
144,110,-1.338692969
144,112,-1.268692529
144,114,-1.188876092
144,116,-1.186953348
144,118,-1.214293505
144,120,-1.280745023
144,122,-1.329516288
144,124,-1.385060227
144,126,-1.336408457
144,128,-1.228198849
144,130,-1.09442363
144,132,-0.95981261
144,134,-0.844321581
144,136,-0.753473781
144,138,-0.70483673
144,140,-0.685819666
144,142,-0.682311168
144,144,-0.670642004
144,146,-0.664611917
144,148,-0.697318943
144,150,-0.745042894
144,152,-0.804997932
144,154,-0.86163807
144,156,-0.939695514
144,158,-1.038611521
144,160,-1.13450639
144,162,-1.191292167
144,164,-1.252954477
144,166,-1.309591486
144,168,-1.366733145
144,170,-1.423402649
144,172,-1.44499464
144,174,-1.478446997
144,176,-1.502503506
144,178,-1.504055929
144,180,-1.506383909
144,182,-1.52638423
144,184,-1.494613542
144,186,-1.480068523
144,188,-1.442803688
144,190,-1.389178293
144,192,-1.349585928
144,194,-1.282021657
144,196,-1.220114406
144,198,-1.151194202
144,200,-1.086960522
144,202,-1.011003841
144,204,-0.926960991
144,206,-0.879261077
144,208,-0.866822644
144,210,-0.844197364
144,212,-0.835244428
144,214,-0.820276088
144,216,-0.810345165
144,218,-0.769862133
144,220,-0.696408936
144,222,-0.627440994
144,224,-0.571053691
144,226,-0.58264914
144,228,-0.635390021
144,230,-0.721563042
144,232,-0.820793186
144,234,-0.877351222
144,236,-0.925818807
144,238,-0.937350609
144,240,-0.958783781
144,242,-0.965937031
144,244,-1.077478182
144,246,-1.202409713
144,248,-1.353305314
144,250,-1.525070821
144,252,-1.721032661
144,254,-1.888876092
144,256,-2.062199365
144,258,-2.244291194
144,260,-2.386948042
144,262,-2.444320988
144,264,-2.526652836
144,266,-2.606197089
144,268,-2.834542591
144,270,-3.081878251
144,272,-3.347223901
144,274,-3.613300126
144,276,-3.862262491
144,278,-3.990566184
144,280,-3.992692852
144,282,-4.024404337
144,284,-4.068638252
144,286,-4.219974986
144,288,-4.418168746
144,290,-4.656653221
144,292,-4.915818807
144,294,-5.08112793
144,296,-5.167762062
144,298,-5.323517131
144,300,-5.550243938
144,302,-5.746853724
144,304,-5.889750578
144,306,-6.027977135
144,308,-6.087314415
144,310,-6.155676564
144,312,-6.213407062
144,314,-6.251153876
144,316,-6.309523837
144,318,-6.458202558
144,320,-6.629960889
144,322,-6.797541141
144,324,-7.011140568
144,326,-7.227540468
144,328,-7.424064944
144,330,-7.614064944
144,332,-7.776742202
144,334,-7.905981751
144,336,-8.033175909
144,338,-8.129960211
144,340,-8.217929138
144,342,-8.303151129
144,344,-8.400681482
144,346,-8.493745452
144,348,-8.570099901
144,350,-8.626515661
144,352,-8.673377491
144,354,-8.704034692
144,356,-8.725473497
144,358,-8.713099046
144,360,-8.706243155
146,0,-7.99295519
146,2,-7.96112893
146,4,-7.921998496
146,6,-7.894406337
146,8,-7.854616349
146,10,-7.814284412
146,12,-7.755396221
146,14,-7.702077968
146,16,-7.640338615
146,18,-7.573404649
146,20,-7.500278088
146,22,-7.426410936
146,24,-7.377862369
146,26,-7.328344316
146,28,-7.308657776
146,30,-7.293744205
146,32,-7.250068589
146,34,-7.196937803
146,36,-7.157967016
146,38,-7.136740847
146,40,-7.194064944
146,42,-7.254612587
146,44,-7.28314982
146,46,-7.229279154
146,48,-7.132754157
146,50,-7.021284915
146,52,-6.647760824
146,54,-6.224802458
146,56,-5.834234068
146,58,-5.507888796
146,60,-5.183299862
146,62,-5.020069523
146,64,-4.863800275
146,66,-4.74080491
146,68,-4.631153569
146,70,-4.505947864
146,72,-4.348412034
146,74,-4.205815186
146,76,-4.128976946
146,78,-3.95520585
146,80,-3.601153184
146,82,-3.234611917
146,84,-2.813617634
146,86,-2.420647756
146,88,-2.090647756
146,90,-1.835279757
146,92,-1.668663632
146,94,-1.57067876
146,96,-1.518539789
146,98,-1.48816798
146,100,-1.47069969
146,102,-1.435936867
146,104,-1.406241717
146,106,-1.389965479
146,108,-1.365071369
146,110,-1.287589355
146,112,-1.219585928
146,114,-1.155027971
146,116,-1.14567286
146,118,-1.150272821
146,120,-1.209516288
146,122,-1.270207508
146,124,-1.317214403
146,126,-1.31567286
146,128,-1.225070821
146,130,-1.129343118
146,132,-1.030764066
146,134,-0.924770051
146,136,-0.824849888
146,138,-0.774286793
146,140,-0.73405527
146,142,-0.724430045
146,144,-0.72235604
146,146,-0.712628012
146,148,-0.703406062
146,150,-0.724659762
146,152,-0.766697443
146,154,-0.808610915
146,156,-0.850349358
146,158,-0.897649457
146,160,-0.957844689
146,162,-1.037162121
146,164,-1.105087873
146,166,-1.15810212
146,168,-1.202822514
146,170,-1.240276088
146,172,-1.281491821
146,174,-1.301562865
146,176,-1.317506137
146,178,-1.325796578
146,180,-1.297539815
146,182,-1.300287059
146,184,-1.271238976
146,186,-1.262754462
146,188,-1.223694832
146,190,-1.174769051
146,192,-1.124032692
146,194,-1.06125995
146,196,-0.99275815
146,198,-0.935348043
146,200,-0.874196853
146,202,-0.82758265
146,204,-0.802021657
146,206,-0.782401401
146,208,-0.784415053
146,210,-0.78533653
146,212,-0.784784426
146,214,-0.793955128
146,216,-0.779309085
146,218,-0.730322638
146,220,-0.684415563
146,222,-0.645028366
146,224,-0.622823514
146,226,-0.666023948
146,228,-0.721053133
146,230,-0.816886883
146,232,-0.883888668
146,234,-0.93466412
146,236,-0.961811093
146,238,-0.973474781
146,240,-0.964785803
146,242,-0.965050241
146,244,-1.06106651
146,246,-1.161032108
146,248,-1.302075968
146,250,-1.46442363
146,252,-1.653088631
146,254,-1.831862503
146,256,-2.001862941
146,258,-2.176733145
146,260,-2.352626444
146,262,-2.420566779
146,264,-2.491996496
146,266,-2.571485495
146,268,-2.714612917
146,270,-2.946413041
146,272,-3.193297996
146,274,-3.481299042
146,276,-3.735818023
146,278,-3.964848888
146,280,-4.048948316
146,282,-4.060497303
146,284,-4.092502506
146,286,-4.140679121
146,288,-4.285077533
146,290,-4.494313679
146,292,-4.735931179
146,294,-5.006976485
146,296,-5.195077533
146,298,-5.260866282
146,300,-5.332788147
146,302,-5.520243938
146,304,-5.69834898
146,306,-5.835824397
146,308,-5.955815186
146,310,-6.078976946
146,312,-6.155431683
146,314,-6.222874761
146,316,-6.274540324
146,318,-6.331533971
146,320,-6.374080968
146,322,-6.443502336
146,324,-6.613696338
146,326,-6.765581413
146,328,-6.901152491
146,330,-7.045727949
146,332,-7.207055018
146,334,-7.351355561
146,336,-7.498203242
146,338,-7.642356676
146,340,-7.742788147
146,342,-7.809960889
146,344,-7.873517131
146,346,-7.924064944
146,348,-7.961240306
146,350,-7.984613252
146,352,-8.007463383
146,354,-8.01314982
146,356,-8.008314753
146,358,-8.017067583
146,360,-7.99295519
148,0,-7.494287514
148,2,-7.473744205
148,4,-7.444008357
148,6,-7.404615158
148,8,-7.36337633
148,10,-7.310615578
148,12,-7.263306226
148,14,-7.22452423
148,16,-7.180116911
148,18,-7.147214846
148,20,-7.105028887
148,22,-7.070615015
148,24,-7.040764909
148,26,-7.012455804
148,28,-6.996182919
148,30,-6.97620262
148,32,-6.938924683
148,34,-6.996197815
148,36,-7.066197815
148,38,-7.154314412
148,40,-7.208541159
148,42,-7.160649123
148,44,-7.097974989
148,46,-7.011630224
148,48,-6.702563913
148,50,-6.375281392
148,52,-6.030649123
148,54,-5.73623933
148,56,-5.439635683
148,58,-5.219975609
148,60,-5.085280392
148,62,-4.947161121
148,64,-4.834612917
148,66,-4.735534963
148,68,-4.607579047
148,70,-4.469978151
148,72,-4.366342429
148,74,-4.290867152
148,76,-4.134422208
148,78,-3.801153954
148,80,-3.457928475
148,82,-3.035796926
148,84,-2.625279392
148,86,-2.273448922
148,88,-1.964287433
148,90,-1.80716083
148,92,-1.658819482
148,94,-1.588663349
148,96,-1.526976485
148,98,-1.514336322
148,100,-1.48878338
148,102,-1.453871234
148,104,-1.415471497
148,106,-1.40055001
148,108,-1.35125903
148,110,-1.27125995
148,112,-1.184293969
148,114,-1.098720443
148,116,-1.07758265
148,118,-1.08986164
148,120,-1.135060732
148,122,-1.191193202
148,124,-1.23499464
148,126,-1.286023136
148,128,-1.221862503
148,130,-1.152328963
148,132,-1.058390768
148,134,-0.966183135
148,136,-0.884836618
148,138,-0.815322911
148,140,-0.774612873
148,142,-0.737650143
148,144,-0.735581109
148,146,-0.745289637
148,148,-0.747313126
148,150,-0.723073954
148,152,-0.710195901
148,154,-0.756455899
148,156,-0.801153262
148,158,-0.827318269
148,160,-0.863497919
148,162,-0.895931548
148,164,-0.916796045
148,166,-0.959343118
148,168,-0.999778169
148,170,-1.037928417
148,172,-1.061053691
148,174,-1.084615349
148,176,-1.08369446
148,178,-1.092753462
148,180,-1.041292502
148,182,-1.057928806
148,184,-1.037958878
148,186,-1.015796926
148,188,-0.983300494
148,190,-0.927912768
148,192,-0.880907193
148,194,-0.830614141
148,196,-0.775855008
148,198,-0.751618923
148,200,-0.724933591
148,202,-0.705244428
148,204,-0.715163839
148,206,-0.72533653
148,208,-0.725164335
148,210,-0.749309596
148,212,-0.762758667
148,214,-0.752022177
148,216,-0.723092417
148,218,-0.694415563
148,220,-0.680345165
148,222,-0.664415563
148,224,-0.713092385
148,226,-0.760272821
148,228,-0.845855008
148,230,-0.92662909
148,232,-0.975389597
148,234,-1.020245651
148,236,-1.006795445
148,238,-1.000699484
148,240,-0.978391768
148,242,-0.977568662
148,244,-1.048049448
148,246,-1.135501086
148,248,-1.253096698
148,250,-1.401032661
148,252,-1.574291753
148,254,-1.736241155
148,256,-1.901862503
148,258,-2.081066943
148,260,-2.269631879
148,262,-2.366513661
148,264,-2.424336555
148,266,-2.511485495
148,268,-2.614612252
148,270,-2.809522837
148,272,-3.031534103
148,274,-3.302543832
148,276,-3.590286412
148,278,-3.816936772
148,280,-4.035279392
148,282,-4.077974257
148,284,-4.087067221
148,286,-4.128818181
148,288,-4.171260497
148,290,-4.311260832
148,292,-4.53005318
148,294,-4.768314402
148,296,-4.999278154
148,298,-5.24005418
148,300,-5.304430703
148,302,-5.36329862
148,304,-5.471681114
148,306,-5.615639372
148,308,-5.730264522
148,310,-5.85569087
148,312,-5.983791161
148,314,-6.090748124
148,316,-6.145815186
148,318,-6.199892732
148,320,-6.261059978
148,322,-6.337066618
148,324,-6.408152696
148,326,-6.466261686
148,328,-6.519651095
148,330,-6.628765271
148,332,-6.742828133
148,334,-6.850543388
148,336,-6.946697243
148,338,-7.045580716
148,340,-7.167289907
148,342,-7.258822964
148,344,-7.330178948
148,346,-7.378709576
148,348,-7.417053242
148,350,-7.454545039
148,352,-7.494542927
148,354,-7.493801275
148,356,-7.472312168
148,358,-7.505077609
148,360,-7.494287514
150,0,-6.900498919
150,2,-6.904769855
150,4,-6.901756485
150,6,-6.875395654
150,8,-6.829966372
150,10,-6.814294433
150,12,-6.787214403
150,14,-6.760276585
150,16,-6.733955128
150,18,-6.71756948
150,20,-6.692410622
150,22,-6.678693409
150,24,-6.692627297
150,26,-6.748448413
150,28,-6.80616616
150,30,-6.87865718
150,32,-6.952693659
150,34,-7.004786803
150,36,-7.001811872
150,38,-6.984336938
150,40,-6.9572539
150,42,-6.819636446
150,44,-6.601997261
150,46,-6.348169512
150,48,-6.088949088
150,50,-5.835703721
150,52,-5.576524384
150,54,-5.370467215
150,56,-5.233447126
150,58,-5.102238481
150,60,-4.990068168
150,62,-4.887463361
150,64,-4.790568542
150,66,-4.685580109
150,68,-4.571596358
150,70,-4.49128416
150,72,-4.444538324
150,74,-4.296455899
150,76,-3.974505075
150,78,-3.651260832
150,80,-3.238819482
150,82,-2.847974623
150,84,-2.466197089
150,86,-2.101485854
150,88,-1.913617634
150,90,-1.772310819
150,92,-1.671284211
150,94,-1.601486495
150,96,-1.563694204
150,98,-1.539591486
150,100,-1.50616516
150,102,-1.45264857
150,104,-1.422077519
150,106,-1.398934882
150,108,-1.338719971
150,110,-1.250272821
150,112,-1.16275815
150,114,-1.079999787
150,116,-1.040207508
150,118,-1.038549397
150,120,-1.063994131
150,122,-1.109605878
150,124,-1.152199365
150,126,-1.18264914
150,128,-1.18011223
150,130,-1.12672379
150,132,-1.063474169
150,134,-0.988762787
150,136,-0.91706686
150,138,-0.850371119
150,140,-0.787539815
150,142,-0.753297996
150,144,-0.725675967
150,146,-0.723073954
150,148,-0.732873199
150,150,-0.744076732
150,152,-0.745929225
150,154,-0.735734715
150,156,-0.737676601
150,158,-0.770288382
150,160,-0.789277806
150,162,-0.801053725
150,164,-0.81675997
150,166,-0.841032108
150,168,-0.847582132
150,170,-0.862021138
150,172,-0.85442363
150,174,-0.860246243
150,176,-0.847253519
150,178,-0.849390178
150,180,-0.804264035
150,182,-0.804635422
150,184,-0.797803788
150,186,-0.763149129
150,188,-0.763449284
150,190,-0.729635683
150,192,-0.700749787
150,194,-0.683870811
150,196,-0.663322424
150,198,-0.652053213
150,200,-0.653993604
150,202,-0.656823644
150,204,-0.672758667
150,206,-0.69275815
150,208,-0.716823644
150,210,-0.735511532
150,212,-0.7307445
150,214,-0.721618923
150,216,-0.71758265
150,218,-0.708825637
150,220,-0.714783934
150,222,-0.765060227
150,224,-0.810322139
150,226,-0.889700965
150,228,-0.980272821
150,230,-1.03417807
150,232,-1.076241155
150,234,-1.082328386
150,236,-1.061562454
150,238,-1.035677355
150,240,-0.997568081
150,242,-1.00553006
150,244,-1.059884184
150,246,-1.12859904
150,248,-1.232410258
150,250,-1.356953348
150,252,-1.511032661
150,254,-1.662198922
150,256,-1.816629647
150,258,-1.981863065
150,260,-2.16553006
150,262,-2.293317096
150,264,-2.354007576
150,266,-2.427974623
150,268,-2.524264374
150,270,-2.6613563
150,272,-2.892349841
150,274,-3.121595792
150,276,-3.390542796
150,278,-3.652627392
150,280,-3.85426998
150,282,-4.063497919
150,284,-4.107223559
150,286,-4.134542918
150,288,-4.170804584
150,290,-4.201356616
150,292,-4.292626702
150,294,-4.512787827
150,296,-4.727715099
150,298,-4.944270307
150,300,-5.170569191
150,302,-5.345982432
150,304,-5.395581413
150,306,-5.445947864
150,308,-5.533703441
150,310,-5.634298217
150,312,-5.7369458
150,314,-5.821993212
150,316,-5.905115347
150,318,-5.993398717
150,320,-6.08191455
150,322,-6.160544401
150,324,-6.208406708
150,326,-6.255921278
150,328,-6.307961567
150,330,-6.376853724
150,332,-6.427775362
150,334,-6.476285495
150,336,-6.519977424
150,338,-6.57407729
150,340,-6.64453961
150,342,-6.715290225
150,344,-6.777677902
150,346,-6.825727949
150,348,-6.862356676
150,350,-6.891140568
150,352,-6.900866962
150,354,-6.90480181
150,356,-6.903449646
150,358,-6.912423711
150,360,-6.900498919
152,0,-6.365818953
152,2,-6.358772295
152,4,-6.349186873
152,6,-6.361243871
152,8,-6.37442363
152,10,-6.392053135
152,12,-6.405027841
152,14,-6.429516288
152,16,-6.470114911
152,18,-6.507214403
152,20,-6.546961053
152,22,-6.600444348
152,24,-6.647590253
152,26,-6.690615578
152,28,-6.736887883
152,30,-6.772606819
152,32,-6.804321803
152,34,-6.824786202
152,36,-6.716729734
152,38,-6.568772897
152,40,-6.398784182
152,42,-6.222694255
152,44,-6.018656372
152,46,-5.810246058
152,48,-5.587442564
152,50,-5.444321581
152,52,-5.348622853
152,54,-5.218948316
152,56,-5.105014551
152,58,-5.004286793
152,60,-4.916224246
152,62,-4.837844689
152,64,-4.752627392
152,66,-4.65991764
152,68,-4.608658959
152,70,-4.562543832
152,72,-4.39078962
152,74,-4.11113991
152,76,-3.81968912
152,78,-3.422244153
152,80,-3.037413384
152,82,-2.665930548
152,84,-2.303449284
152,86,-2.045819309
152,88,-1.904233362
152,90,-1.778314051
152,92,-1.716514783
152,94,-1.650680121
152,96,-1.61863863
152,98,-1.590699484
152,100,-1.537567662
152,102,-1.485471939
152,104,-1.45125995
152,106,-1.426408936
152,108,-1.359309085
152,110,-1.255061227
152,112,-1.165244428
152,114,-1.083091901
152,116,-1.023440129
152,118,-1.002052674
152,120,-0.987589355
152,122,-1.035394221
152,124,-1.084282829
152,126,-1.104614754
152,128,-1.128336357
152,130,-1.098638252
152,132,-1.052563186
152,134,-1.001283859
152,136,-0.933800275
152,138,-0.857958209
152,140,-0.802787827
152,142,-0.748077588
152,144,-0.711637133
152,146,-0.694424914
152,148,-0.675928941
152,150,-0.685928941
152,152,-0.700195189
152,154,-0.7246099
152,156,-0.726413352
152,158,-0.727715099
152,160,-0.738819482
152,162,-0.745015301
152,164,-0.75207829
152,166,-0.748876092
152,168,-0.747214922
152,170,-0.74758265
152,172,-0.741032661
152,174,-0.726759385
152,176,-0.717351222
152,178,-0.706976485
152,180,-0.670700404
152,182,-0.669278154
152,184,-0.655797578
152,186,-0.654233715
152,188,-0.64344956
152,190,-0.627506137
152,192,-0.62009851
152,194,-0.608391175
152,196,-0.606550034
152,198,-0.609344118
152,200,-0.626556885
152,202,-0.635027971
152,204,-0.65356946
152,206,-0.67567286
152,208,-0.672268104
152,210,-0.673441072
152,212,-0.679778169
152,214,-0.701193681
152,216,-0.712401401
152,218,-0.74758265
152,220,-0.80758365
152,222,-0.868250151
152,224,-0.954611258
152,226,-1.040322139
152,228,-1.104197341
152,230,-1.14757048
152,232,-1.175070821
152,234,-1.146241155
152,236,-1.122627018
152,238,-1.0712413
152,240,-1.01106651
152,242,-1.035471497
152,244,-1.06958638
152,246,-1.135855467
152,248,-1.218934345
152,250,-1.322822514
152,252,-1.457860914
152,254,-1.605071369
152,256,-1.750549558
152,258,-1.903097046
152,260,-2.067478182
152,262,-2.221141266
152,264,-2.286724387
152,266,-2.351053725
152,268,-2.447761414
152,270,-2.550804584
152,272,-2.725580806
152,274,-2.928764704
152,276,-3.164076732
152,278,-3.427313549
152,280,-3.686698043
152,282,-3.891355616
152,284,-4.08113991
152,286,-4.120568516
152,288,-4.148708942
152,290,-4.181153569
152,292,-4.206455899
152,294,-4.230243369
152,296,-4.417001808
152,298,-4.620688591
152,300,-4.838077895
152,302,-5.051153876
152,304,-5.247290601
152,306,-5.375676564
152,308,-5.420243938
152,310,-5.458987578
152,312,-5.513401274
152,314,-5.581872155
152,316,-5.633417563
152,318,-5.680411017
152,320,-5.77152276
152,322,-5.852610475
152,324,-5.933888288
152,326,-6.013791161
152,328,-6.065417788
152,330,-6.11845708
152,332,-6.167961567
152,334,-6.214232589
152,336,-6.252430018
152,338,-6.278152696
152,340,-6.306866507
152,342,-6.331681114
152,344,-6.355290225
152,346,-6.370689892
152,348,-6.385727949
152,350,-6.389589534
152,352,-6.394613537
152,354,-6.390054214
152,356,-6.385821309
152,358,-6.358539899
152,360,-6.365818953
154,0,-6.185819571
154,2,-6.194786202
154,4,-6.200908608
154,6,-6.226947612
154,8,-6.262200365
154,10,-6.285027971
154,12,-6.309261024
154,14,-6.344196876
154,16,-6.375244428
154,18,-6.407582168
154,20,-6.456959991
154,22,-6.493305314
154,24,-6.533324313
154,26,-6.530615015
154,28,-6.496734578
154,30,-6.429717145
154,32,-6.354034123
154,34,-6.262649431
154,36,-6.1583608
154,38,-6.026886457
154,40,-5.864089377
154,42,-5.68264857
154,44,-5.536947612
154,46,-5.455936031
154,48,-5.36616516
154,50,-5.26878338
154,52,-5.179591486
154,54,-5.097506137
154,56,-5.005279757
154,58,-4.931820751
154,60,-4.861299376
154,62,-4.791877618
154,64,-4.744505704
154,66,-4.699960246
154,68,-4.664270307
154,70,-4.451175424
154,72,-4.195322911
154,74,-3.916197089
154,76,-3.543693832
154,78,-3.184335555
154,80,-2.823447745
154,82,-2.471128188
154,84,-2.178923955
154,86,-2.044286793
154,88,-1.909389535
154,90,-1.821486495
154,92,-1.743448922
154,94,-1.697412641
154,96,-1.675703721
154,98,-1.650245651
154,100,-1.584032692
154,102,-1.516953802
154,104,-1.484521282
154,106,-1.455163839
154,108,-1.379700982
154,110,-1.273402649
154,112,-1.180272821
154,114,-1.106659172
154,116,-1.034424184
154,118,-0.998049448
154,120,-0.95810212
154,122,-0.974321581
154,124,-1.007912378
154,126,-1.035015926
154,128,-1.035280027
154,130,-1.047161475
154,132,-1.014055929
154,134,-0.977845348
154,136,-0.936383909
154,138,-0.877650514
154,140,-0.808822036
154,142,-0.748611824
154,144,-0.704611197
154,146,-0.673501745
154,148,-0.656455194
154,150,-0.640542796
154,152,-0.627676601
154,154,-0.643297996
154,156,-0.650995076
154,158,-0.662754462
154,160,-0.677413384
154,162,-0.686728939
154,164,-0.681140841
154,166,-0.676953802
154,168,-0.673690393
154,170,-0.672021657
154,172,-0.647589355
154,174,-0.650764645
154,176,-0.646729542
154,178,-0.619975363
154,180,-0.590679204
154,182,-0.584802404
154,184,-0.579277806
154,186,-0.578819832
154,188,-0.573617634
154,190,-0.578923955
154,192,-0.581263418
154,194,-0.583473781
154,196,-0.58878338
154,198,-0.605049413
154,200,-0.608361373
154,202,-0.601862626
154,204,-0.606557333
154,206,-0.607860914
154,208,-0.628934882
154,210,-0.65756995
154,212,-0.689260551
154,214,-0.730273345
154,216,-0.795028891
154,218,-0.859261024
154,220,-0.933992658
154,222,-1.025511532
154,224,-1.122021657
154,226,-1.184933591
154,228,-1.229700965
154,230,-1.265512009
154,232,-1.237440455
154,234,-1.206556885
154,236,-1.153322313
154,238,-1.099966033
154,240,-1.064096334
154,242,-1.075027971
154,244,-1.08567286
154,246,-1.148156435
154,248,-1.210272821
154,250,-1.304522756
154,252,-1.416960522
154,254,-1.540336615
154,256,-1.670336615
154,258,-1.798934345
154,260,-1.96055001
154,262,-2.117478182
154,264,-2.199177293
154,266,-2.264785404
154,268,-2.346238583
154,270,-2.443148166
154,272,-2.552787508
154,274,-2.755676967
154,276,-2.964077011
154,278,-3.209650539
154,280,-3.473089213
154,282,-3.712350547
154,284,-3.893406062
154,286,-4.084505704
154,288,-4.141912824
154,290,-4.152688154
154,292,-4.167313126
154,294,-4.182430504
154,296,-4.197774828
154,298,-4.273704177
154,300,-4.467244165
154,302,-4.647244523
154,304,-4.828816486
154,306,-5.023074529
154,308,-5.200196477
154,310,-5.335929509
154,312,-5.382706837
154,314,-5.414233326
154,316,-5.433401274
154,318,-5.47191455
154,320,-5.521627755
154,322,-5.556945016
154,324,-5.59316229
154,326,-5.650506973
154,328,-5.72070212
154,330,-5.797233195
154,332,-5.862983594
154,334,-5.923084488
154,336,-5.965759606
154,338,-5.989977424
154,340,-6.017244523
154,342,-6.038637003
154,344,-6.065676564
154,346,-6.077289907
154,348,-6.09504321
154,350,-6.100805236
154,352,-6.111176098
154,354,-6.119278501
154,356,-6.124288154
154,358,-6.13501605
154,360,-6.185819571
156,0,-6.016794445
156,2,-6.038447829
156,4,-6.068344023
156,6,-6.087764959
156,8,-6.098744549
156,10,-6.106328688
156,12,-6.131619444
156,14,-6.144415073
156,16,-6.150322641
156,18,-6.14986164
156,20,-6.143402649
156,22,-6.121193202
156,24,-6.088719971
156,26,-6.051002841
156,28,-5.992823052
156,30,-5.925856008
156,32,-5.829605878
156,34,-5.725027971
156,36,-5.607441994
156,38,-5.554095884
156,40,-5.506241717
156,42,-5.448361227
156,44,-5.38011223
156,46,-5.294321581
156,48,-5.204663724
156,50,-5.115088101
156,52,-5.033743452
156,54,-4.974314046
156,56,-4.914233362
156,58,-4.851044393
156,60,-4.811299042
156,62,-4.790642321
156,64,-4.752310819
156,66,-4.656514494
156,68,-4.458924319
156,70,-4.258762161
156,72,-3.968169129
156,74,-3.614007576
156,76,-3.272792177
156,78,-2.930467215
156,80,-2.600496919
156,82,-2.293743829
156,84,-2.167413127
156,86,-2.040647756
156,88,-1.944314046
156,90,-1.865931179
156,92,-1.791127559
156,94,-1.773474393
156,96,-1.75461554
156,98,-1.713870811
156,100,-1.635501639
156,102,-1.566961053
156,104,-1.529516288
156,106,-1.493955128
156,108,-1.418719971
156,110,-1.314293505
156,112,-1.212410258
156,114,-1.13624028
156,116,-1.060764066
156,118,-1.008391361
156,120,-0.96257708
156,122,-0.915819425
156,124,-0.937974257
156,126,-0.958820832
156,128,-0.974542254
156,130,-0.977539815
156,132,-0.975534645
156,134,-0.944997623
156,136,-0.913696436
156,138,-0.878225364
156,140,-0.8270011
156,142,-0.781154904
156,144,-0.720542796
156,146,-0.678659257
156,148,-0.645579806
156,150,-0.604505704
156,152,-0.570995076
156,154,-0.561044716
156,156,-0.573617634
156,158,-0.57250288
156,160,-0.564663724
156,162,-0.562328386
156,164,-0.573097046
156,166,-0.576409414
156,168,-0.569516778
156,170,-0.566659712
156,172,-0.565394789
156,174,-0.566165344
156,176,-0.562803302
156,178,-0.557973989
156,180,-0.528314051
156,182,-0.540642662
156,184,-0.541175424
156,186,-0.534542254
156,188,-0.544055929
156,190,-0.535796926
156,192,-0.525819309
156,194,-0.522237851
156,196,-0.521996496
156,198,-0.52069869
156,200,-0.533889258
156,202,-0.566887032
156,204,-0.588693089
156,206,-0.615070821
156,208,-0.642053596
156,210,-0.700336615
156,212,-0.771002841
156,214,-0.836328156
156,216,-0.911647206
156,218,-1.021647674
156,220,-1.121647737
156,222,-1.208156964
156,224,-1.26275815
156,226,-1.310114911
156,228,-1.349862148
156,230,-1.326823644
156,232,-1.301003374
156,234,-1.256659172
156,236,-1.195855549
156,238,-1.132052674
156,240,-1.121003374
156,242,-1.11452323
156,244,-1.132401401
156,246,-1.183955641
156,248,-1.239861625
156,250,-1.319309085
156,252,-1.3979279
156,254,-1.497214403
156,256,-1.612022618
156,258,-1.722022138
156,260,-1.87757042
156,262,-2.025027971
156,264,-2.129884184
156,266,-2.187568081
156,268,-2.254663724
156,270,-2.342237851
156,272,-2.430371462
156,274,-2.569588214
156,276,-2.770688591
156,278,-2.971595509
156,280,-3.213088497
156,282,-3.457313126
156,284,-3.699405852
156,286,-3.867676601
156,288,-4.034997932
156,290,-4.123405757
156,292,-4.131155197
156,294,-4.14686595
156,296,-4.163102156
156,298,-4.177961567
156,300,-4.185925566
156,302,-4.268406708
156,304,-4.443084488
156,306,-4.613703441
156,308,-4.788151968
156,310,-4.952707564
156,312,-5.117243439
156,314,-5.259014006
156,316,-5.323578869
156,318,-5.341606998
156,320,-5.363084488
156,322,-5.380950382
156,324,-5.397847744
156,326,-5.430867196
156,328,-5.461100952
156,330,-5.484822721
156,332,-5.510264522
156,334,-5.531100952
156,336,-5.574738429
156,338,-5.628348233
156,340,-5.673102688
156,342,-5.716866507
156,344,-5.759918349
156,346,-5.803406367
156,348,-5.832788147
156,350,-5.854636088
156,352,-5.886225246
156,354,-5.901486213
156,356,-5.922503001
156,358,-5.957912549
156,360,-6.016794445
158,0,-5.649617884
158,2,-5.660496535
158,4,-5.666796045
158,6,-5.680907779
158,8,-5.69408995
158,10,-5.703088752
158,12,-5.714095334
158,14,-5.726659172
158,16,-5.722269043
158,18,-5.711619444
158,20,-5.699079355
158,22,-5.670116406
158,24,-5.625349043
158,26,-5.575164344
158,28,-5.548825637
158,30,-5.534521704
158,32,-5.513569997
158,34,-5.481491275
158,36,-5.443323313
158,38,-5.399344554
158,40,-5.306887032
158,42,-5.216759385
158,44,-5.134614349
158,46,-5.058623248
158,48,-4.996653836
158,50,-4.95250288
158,52,-4.908924319
158,54,-4.857160767
158,56,-4.826515139
158,58,-4.816197452
158,60,-4.808539789
158,62,-4.759974609
158,64,-4.604336171
158,66,-4.436183135
158,68,-4.272791776
158,70,-3.954614754
158,72,-3.631563454
158,74,-3.314973906
158,76,-3.00207829
158,78,-2.692753278
158,80,-2.405703721
158,82,-2.286652836
158,84,-2.173447126
158,86,-2.06863863
158,88,-1.997253139
158,90,-1.929635683
158,92,-1.881810482
158,94,-1.862454991
158,96,-1.836550034
158,98,-1.771052691
158,100,-1.698934809
158,102,-1.633403164
158,104,-1.59986164
158,106,-1.556960522
158,108,-1.485071369
158,110,-1.381053575
158,112,-1.269716281
158,114,-1.192605987
158,116,-1.124786005
158,118,-1.051997496
158,120,-0.998540049
158,122,-0.945819309
158,124,-0.913497919
158,126,-0.924544379
158,128,-0.941879251
158,130,-0.950349276
158,132,-0.942688154
158,134,-0.934080384
158,136,-0.918816626
158,138,-0.888764704
158,140,-0.854422208
158,142,-0.818764704
158,144,-0.757313838
158,146,-0.713502449
158,148,-0.67034997
158,150,-0.625534963
158,152,-0.591261161
158,154,-0.565819666
158,156,-0.541053725
158,158,-0.50672379
158,160,-0.482626592
158,162,-0.474095884
158,164,-0.4707445
158,166,-0.465060227
158,168,-0.454995106
158,170,-0.446241155
158,172,-0.441562865
158,174,-0.435703332
158,176,-0.429617884
158,178,-0.431284211
158,180,-0.397656624
158,182,-0.401292499
158,184,-0.407715099
158,186,-0.41426998
158,188,-0.431292167
158,190,-0.447463361
158,192,-0.471821452
158,194,-0.489825666
158,196,-0.506201865
158,198,-0.534404337
158,200,-0.563889258
158,202,-0.603870234
158,204,-0.656732277
158,206,-0.711053691
158,208,-0.773097046
158,210,-0.841491275
158,212,-0.93417807
158,214,-1.03125941
158,216,-1.122053135
158,218,-1.218934345
158,220,-1.288156435
158,222,-1.351618402
158,224,-1.409079867
158,226,-1.410322139
158,228,-1.394611749
158,230,-1.372022177
158,232,-1.330272821
158,234,-1.279261024
158,236,-1.229260551
158,238,-1.195971724
158,240,-1.1679279
158,242,-1.149309085
158,244,-1.180114911
158,246,-1.220345165
158,248,-1.265244428
158,250,-1.335337029
158,252,-1.410322139
158,254,-1.490276585
158,256,-1.580276088
158,258,-1.670276088
158,260,-1.794197341
158,262,-1.931193202
158,264,-2.048934345
158,266,-2.107763959
158,268,-2.166549456
158,270,-2.2387721
158,272,-2.323693832
158,274,-2.39968912
158,276,-2.564064292
158,278,-2.758078588
158,280,-2.951154611
158,282,-3.181155197
158,284,-3.416455899
158,286,-3.656698043
158,288,-3.806456965
158,290,-3.95191275
158,292,-4.103297996
158,294,-4.120542796
158,296,-4.128484391
158,298,-4.126341901
158,300,-4.133402022
158,302,-4.152982838
158,304,-4.158512667
158,306,-4.210243939
158,308,-4.362338
158,310,-4.52088431
158,312,-4.670736014
158,314,-4.805077315
158,316,-4.926852986
158,318,-5.051059978
158,320,-5.167775362
158,322,-5.284378135
158,324,-5.305759606
158,326,-5.319470408
158,328,-5.327662979
158,330,-5.32539352
158,332,-5.31796231
158,334,-5.332821077
158,336,-5.362487235
158,338,-5.391607735
158,340,-5.409750578
158,342,-5.439014731
158,344,-5.454422773
158,346,-5.469918349
158,348,-5.477677204
158,350,-5.49329862
158,352,-5.516741524
158,354,-5.541300043
158,356,-5.556224593
158,358,-5.570679121
158,360,-5.649617884
160,0,-5.356197452
160,2,-5.363743829
160,4,-5.375703721
160,6,-5.38878338
160,8,-5.405049413
160,10,-5.424089522
160,12,-5.43308907
160,14,-5.439586026
160,16,-5.448199774
160,18,-5.454521704
160,20,-5.458550911
160,22,-5.455243435
160,24,-5.444934591
160,26,-5.427928934
160,28,-5.399260551
160,30,-5.34357046
160,32,-5.284095884
160,34,-5.223089631
160,36,-5.156947612
160,38,-5.079177713
160,40,-5.001562454
160,42,-4.954614349
160,44,-4.920699087
160,46,-4.885087873
160,48,-4.853744076
160,50,-4.83250288
160,52,-4.814848888
160,54,-4.798948316
160,56,-4.78009851
160,58,-4.73069969
160,60,-4.620749189
160,62,-4.505676355
160,64,-4.376549034
160,66,-4.131141416
160,68,-3.85553006
160,70,-3.576733711
160,72,-3.296733578
160,74,-3.014973485
160,76,-2.739786503
160,78,-2.484769051
160,80,-2.382753278
160,82,-2.270467215
160,84,-2.166182743
160,86,-2.108335964
160,88,-2.054404337
160,90,-1.996524595
160,92,-1.979785503
160,94,-1.956886457
160,96,-1.934291194
160,98,-1.857440455
160,100,-1.782401883
160,102,-1.705335533
160,104,-1.670272821
160,106,-1.631491728
160,108,-1.58106651
160,110,-1.478102697
160,112,-1.375676766
160,114,-1.284785404
160,116,-1.215819189
160,118,-1.146977117
160,120,-1.080700696
160,122,-1.030642662
160,124,-0.974544379
160,126,-0.925982474
160,128,-0.93191175
160,130,-0.939695514
160,132,-0.9370011
160,134,-0.933073954
160,136,-0.915929657
160,138,-0.900061048
160,140,-0.875681979
160,142,-0.837393551
160,144,-0.804081091
160,146,-0.768611521
160,148,-0.745042894
160,150,-0.711292834
160,152,-0.668818832
160,154,-0.633299862
160,156,-0.589592098
160,158,-0.551563042
160,160,-0.526241717
160,162,-0.504293505
160,164,-0.47986164
160,166,-0.461618923
160,168,-0.44055001
160,170,-0.424090095
160,172,-0.41672379
160,174,-0.411996496
160,176,-0.407974892
160,178,-0.397761767
160,180,-0.397223559
160,182,-0.404542254
160,184,-0.421299709
160,186,-0.431299042
160,188,-0.451176424
160,190,-0.490053525
160,192,-0.533617989
160,194,-0.568923683
160,196,-0.621263418
160,198,-0.667351222
160,200,-0.7187721
160,202,-0.767986263
160,204,-0.834973485
160,206,-0.906948042
160,208,-0.996241155
160,210,-1.083322868
160,212,-1.172076519
160,214,-1.247860369
160,216,-1.317441532
160,218,-1.386960522
160,220,-1.455511532
160,222,-1.478825637
160,224,-1.475244924
160,226,-1.470115406
160,228,-1.453955641
160,230,-1.403091901
160,232,-1.352021177
160,234,-1.301618923
160,236,-1.263091901
160,238,-1.224611749
160,240,-1.19530149
160,242,-1.210206508
160,244,-1.234611258
160,246,-1.263690393
160,248,-1.303402134
160,250,-1.353690879
160,252,-1.409079867
160,254,-1.479078867
160,256,-1.553955128
160,258,-1.62882615
160,260,-1.739999787
160,262,-1.85530249
160,264,-1.973690393
160,266,-2.036328156
160,268,-2.087589355
160,270,-2.145529631
160,272,-2.218656372
160,274,-2.294848888
160,276,-2.370068523
160,278,-2.54780345
160,280,-2.719960246
160,282,-2.904997932
160,284,-3.11422342
160,286,-3.324998315
160,288,-3.546412729
160,290,-3.72078962
160,292,-3.8613563
160,294,-4.005041843
160,296,-4.120179011
160,298,-4.119405263
160,300,-4.125205127
160,302,-4.134690182
160,304,-4.143440125
160,306,-4.144738429
160,308,-4.151872155
160,310,-4.150646528
160,312,-4.221627755
160,314,-4.352577806
160,316,-4.472338
160,318,-4.598406708
160,320,-4.713082999
160,322,-4.824690443
160,324,-4.921059978
160,326,-5.011685123
160,328,-5.101761734
160,330,-5.18128416
160,332,-5.267394121
160,334,-5.2816804
160,336,-5.293074529
160,338,-5.295735295
160,340,-5.302350429
160,342,-5.309696113
160,344,-5.309503292
160,346,-5.322628702
160,348,-5.32504321
160,350,-5.333813739
160,352,-5.344613537
160,354,-5.357464042
160,356,-5.351821101
160,358,-5.340679482
160,360,-5.356197452
162,0,-5.33009851
162,2,-5.332692852
162,4,-5.329186046
162,6,-5.323871234
162,8,-5.322394691
162,10,-5.313323313
162,12,-5.302410622
162,14,-5.290337149
162,16,-5.265971724
162,18,-5.23419783
162,20,-5.200345665
162,22,-5.159309085
162,24,-5.115971246
162,26,-5.07567286
162,28,-5.022410258
162,30,-4.978875202
162,32,-4.940613266
162,34,-4.901241871
162,36,-4.866549034
162,38,-4.836759385
162,40,-4.802078699
162,42,-4.770749993
162,44,-4.760567184
162,46,-4.757986673
162,48,-4.750907779
162,50,-4.747569081
162,52,-4.722329386
162,54,-4.665389597
162,56,-4.599812182
162,58,-4.516733145
162,60,-4.415471497
162,62,-4.179885184
162,64,-3.942199365
162,66,-3.696556885
162,68,-3.456953348
162,70,-3.218692529
162,72,-2.97553006
162,74,-2.737568081
162,76,-2.565049999
162,78,-2.461562454
162,80,-2.362077881
162,82,-2.258391361
162,84,-2.216164752
162,86,-2.157986263
162,88,-2.113889488
162,90,-2.08337591
162,92,-2.066732578
162,94,-2.055501639
162,96,-2.018198849
162,98,-1.942402438
162,100,-1.870345665
162,102,-1.807214403
162,104,-1.77126041
162,106,-1.731862065
162,108,-1.695936449
162,110,-1.602455991
162,112,-1.498623644
162,114,-1.396652221
162,116,-1.323693832
162,118,-1.258663349
162,120,-1.196603929
162,122,-1.134611917
162,124,-1.084064966
162,126,-1.031878251
162,128,-0.981912441
162,130,-0.964659762
162,132,-0.964610494
162,134,-0.959405558
162,136,-0.953501449
162,138,-0.944610791
162,140,-0.922688855
162,142,-0.908611521
162,144,-0.884997007
162,146,-0.862786827
162,148,-0.841299709
162,150,-0.822311168
162,152,-0.791630129
162,154,-0.762803688
162,156,-0.732454991
162,158,-0.696948612
162,160,-0.676023495
162,162,-0.645971724
162,164,-0.630276585
162,166,-0.608156435
162,168,-0.586556885
162,170,-0.562627018
162,172,-0.548390768
162,174,-0.545703721
162,176,-0.546238583
162,178,-0.534286793
162,180,-0.575322911
162,182,-0.576937116
162,184,-0.594264035
162,186,-0.617656285
162,188,-0.654055929
162,190,-0.693148475
162,192,-0.737761414
162,194,-0.794287154
162,196,-0.852238851
162,198,-0.914849509
162,200,-0.975704332
162,202,-1.040793586
162,204,-1.117986263
162,206,-1.18337591
162,208,-1.256948472
162,210,-1.323088191
162,212,-1.387589906
162,214,-1.450444348
162,216,-1.496329092
162,218,-1.516408936
162,220,-1.534415563
162,222,-1.545348043
162,224,-1.549700982
162,226,-1.508825637
162,228,-1.473091901
162,230,-1.432758667
162,232,-1.3879279
162,234,-1.354196853
162,236,-1.319999787
162,238,-1.285349043
162,240,-1.29000028
162,242,-1.299078867
162,244,-1.30758265
162,246,-1.326409414
162,248,-1.3607445
162,250,-1.385511532
162,252,-1.425511532
162,254,-1.489776169
162,256,-1.559260551
162,258,-1.633993604
162,260,-1.721193681
162,262,-1.813403134
162,264,-1.905060227
162,266,-1.969700982
162,268,-2.014522704
162,270,-2.063305314
162,272,-2.113699113
162,274,-2.187442564
162,276,-2.257911768
162,278,-2.319618515
162,280,-2.484233362
162,282,-2.647656624
162,284,-2.814269307
162,286,-2.99674088
162,288,-3.200287059
162,290,-3.397318943
162,292,-3.610994749
162,294,-3.737715099
162,296,-3.864270653
162,298,-3.987318943
162,300,-4.103174588
162,302,-4.105581503
162,304,-4.115948003
162,306,-4.130867423
162,308,-4.140736014
162,310,-4.142982838
162,312,-4.153791161
162,314,-4.159554726
162,316,-4.16569087
162,318,-4.16709459
162,320,-4.257233195
162,322,-4.351913788
162,324,-4.448289905
162,326,-4.533277781
162,328,-4.614233326
162,330,-4.700867694
162,332,-4.772431059
162,334,-4.838765271
162,336,-4.90991764
162,338,-4.975676564
162,340,-5.027289907
162,342,-5.080790933
162,344,-5.119589534
162,346,-5.154270635
162,348,-5.187958209
162,350,-5.220054869
162,352,-5.253617989
162,354,-5.275279392
162,356,-5.291264169
162,358,-5.305087873
162,360,-5.33009851
164,0,-4.870467215
164,2,-4.872454585
164,4,-4.88011223
164,6,-4.87553006
164,8,-4.878692529
164,10,-4.864095433
164,12,-4.852053135
164,14,-4.842866061
164,16,-4.822022138
164,18,-4.804611767
164,20,-4.780346165
164,22,-4.759700473
164,24,-4.736823644
164,26,-4.712268634
164,28,-4.685855467
164,30,-4.653097046
164,32,-4.643322868
164,34,-4.64662909
164,36,-4.651053133
164,38,-4.645471497
164,40,-4.64662909
164,42,-4.648876092
164,44,-4.647589906
164,46,-4.623097597
164,48,-4.58859904
164,50,-4.546023495
164,52,-4.495028429
164,54,-4.434994175
164,56,-4.278934345
164,58,-4.086659172
164,60,-3.890444807
164,62,-3.692053135
164,64,-3.492822514
164,66,-3.293097046
164,68,-3.093088752
164,70,-2.886948042
164,72,-2.686549612
164,74,-2.589178293
164,76,-2.497568081
164,78,-2.405936449
164,80,-2.315936449
164,82,-2.289177293
164,84,-2.256549034
164,86,-2.223870234
164,88,-2.19553006
164,90,-2.176629532
164,92,-2.157861458
164,94,-2.14567286
164,96,-2.097583168
164,98,-2.035349043
164,100,-1.97275815
164,102,-1.915673327
164,104,-1.881032108
164,106,-1.839813466
164,108,-1.802078881
164,110,-1.746524595
164,112,-1.664335171
164,114,-1.576238956
164,116,-1.496197089
164,118,-1.424234009
164,120,-1.356936428
164,122,-1.301175424
164,124,-1.234613542
164,126,-1.187319618
164,128,-1.142787508
164,130,-1.094505704
164,132,-1.050178323
164,134,-1.03078962
164,136,-1.028708942
164,138,-1.023516808
164,140,-1.014430045
164,142,-1.011176087
164,144,-0.996603929
164,146,-0.973617634
164,148,-0.966976117
164,150,-0.953447507
164,152,-0.93257708
164,154,-0.921562454
164,156,-0.896733578
164,158,-0.88330577
164,160,-0.871193202
164,162,-0.860345666
164,164,-0.850745023
164,166,-0.843305314
164,168,-0.833699678
164,170,-0.822606572
164,172,-0.82275388
164,174,-0.835819189
164,176,-0.839618252
164,178,-0.835819309
164,180,-0.859277806
164,182,-0.877223217
164,184,-0.910866282
164,186,-0.944264035
164,188,-0.974264695
164,190,-1.013799932
164,192,-1.056223206
164,194,-1.104233362
164,196,-1.160680482
164,198,-1.208540529
164,200,-1.267253139
164,202,-1.314007966
164,204,-1.372792776
164,206,-1.425676766
164,208,-1.466886883
164,210,-1.499884184
164,212,-1.527860824
164,214,-1.556328688
164,216,-1.576823164
164,218,-1.594611767
164,220,-1.57533653
164,222,-1.549999787
164,224,-1.519078867
164,226,-1.483092417
164,228,-1.452758667
164,230,-1.433403164
164,232,-1.409309574
164,234,-1.389999787
164,236,-1.375348043
164,238,-1.374784442
164,240,-1.383403134
164,242,-1.381193202
164,244,-1.393993131
164,246,-1.40756995
164,248,-1.421647206
164,250,-1.436328156
164,252,-1.480337547
164,254,-1.528934345
164,256,-1.582822514
164,258,-1.637440455
164,260,-1.709647402
164,262,-1.782866061
164,264,-1.861193681
164,266,-1.924197341
164,268,-1.955244428
164,270,-1.986823644
164,272,-2.018198849
164,274,-2.072199808
164,276,-2.132328963
164,278,-2.19672379
164,280,-2.258169363
164,282,-2.395930548
164,284,-2.542954477
164,286,-2.689688466
164,288,-2.837803788
164,290,-3.021044054
164,292,-3.207464361
164,294,-3.396937428
164,296,-3.582753462
164,298,-3.706224593
164,300,-3.820052214
164,302,-3.927224217
164,304,-4.034425666
164,306,-4.111239645
164,308,-4.120789992
164,310,-4.120542796
164,312,-4.131282881
164,314,-4.141606472
164,316,-4.145925566
164,318,-4.155654779
164,320,-4.155111474
164,322,-4.159526699
164,324,-4.166677707
164,326,-4.174298217
164,328,-4.184738429
164,330,-4.220544401
164,332,-4.290876928
164,334,-4.359471885
164,336,-4.426286954
164,338,-4.488485671
164,340,-4.541533971
164,342,-4.589695514
164,344,-4.638821654
164,346,-4.679171075
164,348,-4.714544379
164,350,-4.737464021
164,352,-4.764802107
164,354,-4.786197452
164,356,-4.805015301
164,358,-4.811222585
164,360,-4.870467215
166,0,-4.417413384
166,2,-4.424335555
166,4,-4.428622457
166,6,-4.440246651
166,8,-4.447568081
166,10,-4.45264857
166,12,-4.454291634
166,14,-4.45860004
166,16,-4.460444889
166,18,-4.471003374
166,20,-4.479779169
166,22,-4.487214403
166,24,-4.493402649
166,26,-4.499700965
166,28,-4.500207012
166,30,-4.505348043
166,32,-4.505301992
166,34,-4.504784426
166,36,-4.503402649
166,38,-4.491619402
166,40,-4.480272821
166,42,-4.469778169
166,44,-4.445512056
166,46,-4.416823684
166,48,-4.321193202
166,50,-4.178156435
166,52,-4.031003374
166,54,-3.879646937
166,56,-3.714293505
166,58,-3.55567286
166,60,-3.395027971
166,62,-3.233096945
166,64,-3.071053691
166,66,-2.903699113
166,68,-2.741242442
166,70,-2.664090522
166,72,-2.582626444
166,74,-2.495390021
166,76,-2.413870234
166,78,-2.361140841
166,80,-2.33981261
166,82,-2.318343454
166,84,-2.29106651
166,86,-2.270613704
166,88,-2.25859904
166,90,-2.252823514
166,92,-2.238720498
166,94,-2.232758633
166,96,-2.180345166
166,98,-2.123091901
166,100,-2.071647206
166,102,-2.026953348
166,104,-1.986241717
166,106,-1.944974065
166,108,-1.910566779
166,110,-1.874007576
166,112,-1.811053725
166,114,-1.73483673
166,116,-1.663448922
166,118,-1.593617634
166,120,-1.532310819
166,122,-1.483498575
166,124,-1.430642662
166,126,-1.380866282
166,128,-1.334055929
166,130,-1.290866942
166,132,-1.250866622
166,134,-1.210642662
166,136,-1.180053525
166,138,-1.145322911
166,140,-1.128663349
166,142,-1.122237851
166,144,-1.121996496
166,146,-1.116729542
166,148,-1.10918646
166,150,-1.11264857
166,152,-1.112075968
166,154,-1.104293505
166,156,-1.092401401
166,158,-1.085349043
166,160,-1.082401401
166,162,-1.082823052
166,164,-1.083322868
166,166,-1.088360227
166,168,-1.087986263
166,170,-1.104405337
166,172,-1.112422955
166,174,-1.128924955
166,176,-1.144802404
166,178,-1.157463361
166,180,-1.167958874
166,182,-1.184430045
166,184,-1.210804584
166,186,-1.247318943
166,188,-1.270995076
166,190,-1.301292167
166,192,-1.327656624
166,194,-1.365796926
166,196,-1.401486135
166,198,-1.437413384
166,200,-1.470496919
166,202,-1.502752676
166,204,-1.539186046
166,206,-1.569813038
166,208,-1.601053575
166,210,-1.61330577
166,212,-1.611648206
166,214,-1.606824123
166,216,-1.589309085
166,218,-1.570322139
166,220,-1.555060732
166,222,-1.539309085
166,224,-1.528825637
166,226,-1.513690393
166,228,-1.498825637
166,230,-1.474196853
166,232,-1.459861148
166,234,-1.465348043
166,236,-1.46986164
166,238,-1.473403164
166,240,-1.475972246
166,242,-1.478719971
166,244,-1.486960522
166,246,-1.500336615
166,248,-1.513569997
166,250,-1.537440455
166,252,-1.560444807
166,254,-1.588744549
166,256,-1.617860824
166,258,-1.652408622
166,260,-1.709605878
166,262,-1.767440455
166,264,-1.831003374
166,266,-1.88452223
166,268,-1.919079355
166,270,-1.945301992
166,272,-1.977583132
166,274,-2.004993571
166,276,-2.055501639
166,278,-2.105529488
166,280,-2.161562454
166,282,-2.202576475
166,284,-2.295818807
166,286,-2.423694204
166,288,-2.548924955
166,290,-2.675819309
166,292,-2.807761414
166,294,-2.963617989
166,296,-3.129390178
166,298,-3.294286793
166,300,-3.455279392
166,302,-3.612237851
166,304,-3.700647756
166,306,-3.795279392
166,308,-3.880679565
166,310,-3.966513783
166,312,-4.051821101
166,314,-4.104264053
166,316,-4.113813739
166,318,-4.12572764
166,320,-4.134610494
166,322,-4.143088782
166,324,-4.152705837
166,326,-4.1668532
166,328,-4.173084488
166,330,-4.175639372
166,332,-4.187961567
166,334,-4.195077315
166,336,-4.204234064
166,338,-4.219750042
166,340,-4.234504329
166,342,-4.245682698
166,344,-4.260195901
166,346,-4.281637728
166,348,-4.294223727
166,350,-4.311878568
166,352,-4.327540815
166,354,-4.334426666
166,356,-4.338819482
166,358,-4.34706686
166,360,-4.417413384
168,0,-4.290371119
168,2,-4.294802107
168,4,-4.300679565
168,6,-4.307413384
168,8,-4.315818043
168,10,-4.318335964
168,12,-4.320566374
168,14,-4.328447413
168,16,-4.334089095
168,18,-4.336242155
168,20,-4.336557333
168,22,-4.34417807
168,24,-4.349646937
168,26,-4.343441072
168,28,-4.345972201
168,30,-4.34275815
168,32,-4.333690879
168,34,-4.319078867
168,36,-4.274933591
168,38,-4.195244924
168,40,-4.108826124
168,42,-4.015972246
168,44,-3.912866061
168,46,-3.804995106
168,48,-3.692822514
168,50,-3.572053135
168,52,-3.452409713
168,54,-3.331031555
168,56,-3.209884184
168,58,-3.083699113
168,60,-2.948344454
168,62,-2.8183608
168,64,-2.726886457
168,66,-2.661141416
168,68,-2.595389597
168,70,-2.525389748
168,72,-2.455389597
168,74,-2.396886457
168,76,-2.39264857
168,78,-2.382394125
168,80,-2.366241155
168,82,-2.355471614
168,84,-2.339966033
168,86,-2.325028429
168,88,-2.31756995
168,90,-2.307214922
168,92,-2.294611767
168,94,-2.270322139
168,96,-2.2279279
168,98,-2.186960522
168,100,-2.137860369
168,102,-2.09662909
168,104,-2.066948042
168,106,-2.036759801
168,108,-2.010749189
168,110,-1.984007576
168,112,-1.957253139
168,114,-1.909968899
168,116,-1.850647756
168,118,-1.797067221
168,120,-1.748662991
168,122,-1.700068523
168,124,-1.66070005
168,126,-1.614232715
168,128,-1.563617634
168,130,-1.521485495
168,132,-1.471629494
168,134,-1.43250288
168,136,-1.399636064
168,138,-1.375703721
168,140,-1.346728939
168,142,-1.324321988
168,144,-1.297568081
168,146,-1.279716713
168,148,-1.259965479
168,150,-1.258198849
168,152,-1.262022177
168,154,-1.265335533
168,156,-1.26275815
168,158,-1.26429404
168,160,-1.272075968
168,162,-1.269716281
168,164,-1.282605987
168,166,-1.286794845
168,168,-1.298948316
168,170,-1.309969527
168,172,-1.320679843
168,174,-1.334801755
168,176,-1.346937803
168,178,-1.367804113
168,180,-1.401260497
168,182,-1.407966351
168,184,-1.434635422
168,186,-1.457903944
168,188,-1.477463361
168,190,-1.499277806
168,192,-1.512953765
168,194,-1.534313679
168,196,-1.549975363
168,198,-1.561809093
168,200,-1.570749993
168,202,-1.582606403
168,204,-1.591241871
168,206,-1.59662909
168,208,-1.60330577
168,210,-1.606961053
168,212,-1.606824123
168,214,-1.609309596
168,216,-1.605244428
168,218,-1.600276088
168,220,-1.594783426
168,222,-1.589309085
168,224,-1.579079379
168,226,-1.574415563
168,228,-1.575059721
168,230,-1.575348043
168,232,-1.575059721
168,234,-1.579079379
168,236,-1.57758265
168,238,-1.581193202
168,240,-1.58452223
168,242,-1.58756995
168,244,-1.585673393
168,246,-1.593569997
168,248,-1.602051596
168,250,-1.615027971
168,252,-1.627860824
168,254,-1.646953348
168,256,-1.66055001
168,258,-1.69055001
168,260,-1.741491728
168,262,-1.788744092
168,264,-1.836659712
168,266,-1.880336149
168,268,-1.910743454
168,270,-1.939516778
168,272,-1.960207012
168,274,-1.982021657
168,276,-2.004993571
168,278,-2.03859904
168,280,-2.078049448
168,282,-2.120764066
168,284,-2.154320988
168,286,-2.192576475
168,288,-2.291221972
168,290,-2.394849268
168,292,-2.502502254
168,294,-2.605930917
168,296,-2.711629494
168,298,-2.827974257
168,300,-2.962237851
168,302,-3.098762161
168,304,-3.22863863
168,306,-3.348168746
168,308,-3.473474781
168,310,-3.577911768
168,312,-3.663475005
168,314,-3.740496919
168,316,-3.817253519
168,318,-3.887507137
168,320,-3.961127559
168,322,-4.017972989
168,324,-4.077889156
168,326,-4.098314051
168,328,-4.097462702
168,330,-4.10461321
168,332,-4.107053242
168,334,-4.125534645
168,336,-4.140178323
168,338,-4.151913441
168,340,-4.163406757
168,342,-4.179503379
168,344,-4.199502075
168,346,-4.213406535
168,348,-4.231152569
168,350,-4.249521837
168,352,-4.261355616
168,354,-4.266383588
168,356,-4.270993732
168,358,-4.271261161
168,360,-4.290371119
170,0,-4.125676766
170,2,-4.129186046
170,4,-4.137568081
170,6,-4.135390597
170,8,-4.134033692
170,10,-4.131862941
170,12,-4.119965479
170,14,-4.102410258
170,16,-4.08429404
170,18,-4.053993658
170,20,-4.02758265
170,22,-3.989701473
170,24,-3.950345665
170,26,-3.904611767
170,28,-3.852758667
170,30,-3.800273345
170,32,-3.742268104
170,34,-3.678934345
170,36,-3.610444348
170,38,-3.532409713
170,40,-3.457590355
170,42,-3.376629647
170,44,-3.294981461
170,46,-3.208342316
170,48,-3.122625871
170,50,-3.030764066
170,52,-2.934282829
170,54,-2.845049413
170,56,-2.767442564
170,58,-2.713317683
170,60,-2.663317096
170,62,-2.609186633
170,64,-2.550907193
170,66,-2.490907193
170,68,-2.432605572
170,70,-2.403375491
170,72,-2.405389597
170,74,-2.40264857
170,76,-2.393699113
170,78,-2.389884184
170,80,-2.384424184
170,82,-2.376023495
170,84,-2.364293505
170,86,-2.359778694
170,88,-2.358250151
170,90,-2.349999787
170,92,-2.340322139
170,94,-2.323955641
170,96,-2.293993131
170,98,-2.26125995
170,100,-2.236556885
170,102,-2.200615015
170,104,-2.174089095
170,106,-2.144282995
170,108,-2.118390768
170,110,-2.09069788
170,112,-2.065703721
170,114,-2.039635683
170,116,-2.017506513
170,118,-1.979970527
170,120,-1.941127188
170,122,-1.898540789
170,124,-1.864836359
170,126,-1.82369446
170,128,-1.787506137
170,130,-1.757253139
170,132,-1.721222585
170,134,-1.686525201
170,136,-1.652692852
170,138,-1.625049413
170,140,-1.596887606
170,142,-1.567478621
170,144,-1.54055001
170,146,-1.520336615
170,148,-1.506408936
170,150,-1.494783934
170,152,-1.485060227
170,154,-1.476823684
170,156,-1.464994106
170,158,-1.459585928
170,160,-1.456241593
170,162,-1.449633727
170,164,-1.451563042
170,166,-1.456795445
170,168,-1.459592098
170,170,-1.468639252
170,172,-1.478540529
170,174,-1.476197089
170,176,-1.478663349
170,178,-1.490069234
170,180,-1.505076892
170,182,-1.511485495
170,184,-1.517067221
170,186,-1.527973623
170,188,-1.534836359
170,190,-1.546201865
170,192,-1.568948316
170,194,-1.586524595
170,196,-1.598656565
170,198,-1.610907193
170,200,-1.621140841
170,202,-1.634981461
170,204,-1.641032661
170,206,-1.649606336
170,208,-1.651003841
170,210,-1.655511532
170,212,-1.653403105
170,214,-1.654932605
170,216,-1.660322139
170,218,-1.670345165
170,220,-1.67533653
170,222,-1.675348043
170,224,-1.680322139
170,226,-1.685163839
170,228,-1.694783934
170,230,-1.699078867
170,232,-1.698250151
170,234,-1.697214403
170,236,-1.691193724
170,238,-1.689779169
170,240,-1.688156907
170,242,-1.691647206
170,244,-1.694995106
170,246,-1.698199312
170,248,-1.71126041
170,250,-1.719605878
170,252,-1.723305314
170,254,-1.732410167
170,256,-1.746023948
170,258,-1.781491275
170,260,-1.812409713
170,262,-1.849605878
170,264,-1.882052674
170,266,-1.920336615
170,268,-1.939259971
170,270,-1.953402649
170,272,-1.965244931
170,274,-1.979700965
170,276,-1.991192724
170,278,-2.004293505
170,280,-2.029585928
170,282,-2.063088191
170,284,-2.094090095
170,286,-2.118446997
170,288,-2.146513661
170,290,-2.168623457
170,292,-2.233473781
170,294,-2.318168746
170,296,-2.404848888
170,298,-2.489975363
170,300,-2.567506137
170,302,-2.653743452
170,304,-2.726201865
170,306,-2.819636301
170,308,-2.921222585
170,310,-3.022262706
170,312,-3.116728734
170,314,-3.21672379
170,316,-3.306165344
170,318,-3.393317509
170,320,-3.471754904
170,322,-3.546549034
170,324,-3.599177713
170,326,-3.641753904
170,328,-3.692605987
170,330,-3.733317683
170,332,-3.783889078
170,334,-3.824320988
170,336,-3.858656776
170,338,-3.89878338
170,340,-3.928772499
170,342,-3.964663724
170,344,-3.996524201
170,346,-4.024404337
170,348,-4.046182743
170,350,-4.066183135
170,352,-4.080098293
170,354,-4.096182743
170,356,-4.108335964
170,358,-4.11652499
170,360,-4.125676766
172,0,-3.463993076
172,2,-3.463441072
172,4,-3.461647206
172,6,-3.454293505
172,8,-3.447440455
172,10,-3.429605878
172,12,-3.416953894
172,14,-3.394094236
172,16,-3.374424184
172,18,-3.344291075
172,20,-3.313700678
172,22,-3.278343885
172,24,-3.241140841
172,26,-3.204973906
172,28,-3.162605987
172,30,-3.115676766
172,32,-3.072454991
172,34,-3.02476965
172,36,-2.97275388
172,38,-2.920467609
172,40,-2.864008185
172,42,-2.807350996
172,44,-2.761222585
172,46,-2.723474169
172,48,-2.685703721
172,50,-2.647913378
172,52,-2.606182743
172,54,-2.562260883
172,56,-2.524404337
172,58,-2.482576475
172,60,-2.440699087
172,62,-2.404785404
172,64,-2.410567184
172,66,-2.409785503
172,68,-2.404282412
172,70,-2.402328386
172,72,-2.39981261
172,74,-2.402394125
172,76,-2.403088191
172,78,-2.399965033
172,80,-2.394179527
172,82,-2.391003374
172,84,-2.380743977
172,86,-2.383690879
172,88,-2.380114911
172,90,-2.370276088
172,92,-2.369516288
172,94,-2.346409457
172,96,-2.32567286
172,98,-2.303306314
172,100,-2.284424521
172,102,-2.264981025
172,104,-2.24553006
172,106,-2.226549034
172,108,-2.210906608
172,110,-2.188390768
172,112,-2.172792177
172,114,-2.152576475
172,116,-2.134006748
172,118,-2.119591486
172,120,-2.101221972
172,122,-2.08508826
172,124,-2.057349996
172,126,-2.027911768
172,128,-2.000467609
172,130,-1.9687721
172,132,-1.944614349
172,134,-1.919786093
172,136,-1.901755067
172,138,-1.878361373
172,140,-1.859343118
172,142,-1.839965479
172,144,-1.81417807
172,146,-1.796960991
172,148,-1.772022138
172,150,-1.75986164
172,152,-1.7401159
172,154,-1.73275815
172,156,-1.712866061
172,158,-1.705855467
172,160,-1.697588702
172,162,-1.691862503
172,164,-1.686948042
172,166,-1.680764066
172,168,-1.685050999
172,170,-1.680245651
172,172,-1.672692852
172,174,-1.670792387
172,176,-1.67069969
172,178,-1.672576475
172,180,-1.670792387
172,182,-1.674785404
172,184,-1.678783979
172,186,-1.690566779
172,188,-1.702078699
172,190,-1.715049413
172,192,-1.723376071
172,194,-1.726886457
172,196,-1.73106651
172,198,-1.733088191
172,200,-1.734424184
172,202,-1.745070917
172,204,-1.749606336
172,206,-1.752822514
172,208,-1.761003841
172,210,-1.768156378
172,212,-1.774522704
172,214,-1.7807445
172,216,-1.786408936
172,218,-1.796823164
172,220,-1.796823164
172,222,-1.792021657
172,224,-1.792021657
172,226,-1.786823164
172,228,-1.786408936
172,230,-1.785971724
172,232,-1.780272821
172,234,-1.779261024
172,236,-1.773441544
172,238,-1.772268634
172,240,-1.781004374
172,242,-1.78499464
172,244,-1.79356946
172,246,-1.797441455
172,248,-1.80126041
172,250,-1.810443889
172,252,-1.819605878
172,254,-1.828744549
172,256,-1.843306314
172,258,-1.868745092
172,260,-1.889605878
172,262,-1.90125995
172,264,-1.928198849
172,266,-1.945673327
172,268,-1.968720443
172,270,-1.977583132
172,272,-1.984784934
172,274,-1.99530249
172,276,-2.00882615
172,278,-2.015028366
172,280,-2.023568386
172,282,-2.039585928
172,284,-2.054291194
172,286,-2.07264914
172,288,-2.089177713
172,290,-2.115676766
172,292,-2.12672379
172,294,-2.148622853
172,296,-2.16570411
172,298,-2.181996878
172,300,-2.243447126
172,302,-2.304848888
172,304,-2.364848888
172,306,-2.427253139
172,308,-2.481996496
172,310,-2.538948316
172,312,-2.594007576
172,314,-2.644663724
172,316,-2.690749787
172,318,-2.752078881
172,320,-2.818447581
172,322,-2.882328386
172,324,-2.941241871
172,326,-2.999343554
172,328,-3.05662909
172,330,-3.107589804
172,332,-3.152409713
172,334,-3.196659172
172,336,-3.239646937
172,338,-3.27756995
172,340,-3.315028841
172,342,-3.346823644
172,344,-3.373091385
172,346,-3.399079379
172,348,-3.41986164
172,350,-3.435244428
172,352,-3.445337029
172,354,-3.450114911
172,356,-3.454611749
172,358,-3.458826637
172,360,-3.463993076
174,0,-2.741141416
174,2,-2.739177293
174,4,-2.73675997
174,6,-2.732078881
174,8,-2.724614349
174,10,-2.720793586
174,12,-2.708623248
174,14,-2.700097901
174,16,-2.689591875
174,18,-2.676652836
174,20,-2.665818807
174,22,-2.654847647
174,24,-2.637506137
174,26,-2.62250288
174,28,-2.603693832
174,30,-2.588540159
174,32,-2.565930548
174,34,-2.553299862
174,36,-2.530648389
174,38,-2.507974892
174,40,-2.487974257
174,42,-2.461629859
174,44,-2.437974257
174,46,-2.407974257
174,48,-2.384313679
174,50,-2.369618252
174,52,-2.369968899
174,54,-2.36997574
174,56,-2.375818807
174,58,-2.377350609
174,60,-2.382262098
174,62,-2.382753278
174,64,-2.388656372
174,66,-2.387986673
174,68,-2.382605987
174,70,-2.386549034
174,72,-2.38981261
174,74,-2.381863065
174,76,-2.382075519
174,78,-2.379606421
174,80,-2.376329092
174,82,-2.375512056
174,84,-2.368549911
174,86,-2.364933084
174,88,-2.36533653
174,90,-2.359700473
174,92,-2.348250666
174,94,-2.344522704
174,96,-2.328934882
174,98,-2.317860914
174,100,-2.305501639
174,102,-2.297478182
174,104,-2.279716281
174,106,-2.272626444
174,108,-2.260764066
174,110,-2.245936449
174,112,-2.235049413
174,114,-2.223889258
174,116,-2.208390768
174,118,-2.194614349
174,120,-2.182692852
174,122,-2.168656372
174,124,-2.160566779
174,126,-2.148390768
174,128,-2.133888668
174,130,-2.125049413
174,132,-2.111755067
174,134,-2.103870234
174,136,-2.081242871
174,138,-2.06934399
174,140,-2.05662909
174,142,-2.03859904
174,144,-2.025027971
174,146,-2.01567286
174,148,-1.99977922
174,150,-1.992758633
174,152,-1.979700965
174,154,-1.970345165
174,156,-1.964784934
174,158,-1.958250151
174,160,-1.9507445
174,162,-1.952268104
174,164,-1.948198849
174,166,-1.938744549
174,168,-1.92958538
174,170,-1.924424184
174,172,-1.915471497
174,174,-1.911862503
174,176,-1.908050318
174,178,-1.905394221
174,180,-1.898049883
174,182,-1.901066076
174,184,-1.901066076
174,186,-1.901066076
174,188,-1.901066076
174,190,-1.908050318
174,192,-1.909343554
174,194,-1.906241155
174,196,-1.908692529
174,198,-1.90662909
174,200,-1.899965479
174,202,-1.897589906
174,204,-1.900550558
174,206,-1.897859369
174,208,-1.895027971
174,210,-1.892053135
174,212,-1.89356946
174,214,-1.889646937
174,216,-1.89567286
174,218,-1.891002907
174,220,-1.891647674
174,222,-1.886960991
174,224,-1.886960991
174,226,-1.886960991
174,228,-1.886328624
174,230,-1.886328624
174,232,-1.885672393
174,234,-1.88499464
174,236,-1.884293505
174,238,-1.888934809
174,240,-1.888198849
174,242,-1.892822514
174,244,-1.892053135
174,246,-1.896659172
174,248,-1.90125995
174,250,-1.910444348
174,252,-1.925027513
174,254,-1.935027971
174,256,-1.950444348
174,258,-1.96125995
174,260,-1.977440455
174,262,-1.988934345
174,264,-2.001003374
174,266,-2.018156435
174,268,-2.030273296
174,270,-2.037927934
174,272,-2.03986164
174,274,-2.04533753
174,276,-2.044416053
174,278,-2.051619444
174,280,-2.052268104
174,282,-2.055853926
174,284,-2.057588906
174,286,-2.067478182
174,288,-2.065530488
174,290,-2.079177293
174,292,-2.091562454
174,294,-2.104614945
174,296,-2.1187721
174,298,-2.128336571
174,300,-2.137350609
174,302,-2.154335555
174,304,-2.167253139
174,306,-2.172422955
174,308,-2.179975363
174,310,-2.193743452
174,312,-2.224849509
174,314,-2.261997113
174,316,-2.297350609
174,318,-2.338335964
174,320,-2.374785404
174,322,-2.406513661
174,324,-2.439186046
174,326,-2.469177293
174,328,-2.495530631
174,330,-2.524982025
174,332,-2.54442363
174,334,-2.572408804
174,336,-2.593569923
174,338,-2.608719498
174,340,-2.632401401
174,342,-2.644611258
174,344,-2.660346164
174,346,-2.669701473
174,348,-2.68275815
174,350,-2.689778169
174,352,-2.69567286
174,354,-2.700444348
174,356,-2.70958538
174,358,-2.703323424
174,360,-2.741141416
176,0,-2.290550558
176,2,-2.293322868
176,4,-2.294981461
176,6,-2.294090377
176,8,-2.293375491
176,10,-2.293317096
176,12,-2.296514067
176,14,-2.294785404
176,16,-2.298336357
176,18,-2.297350609
176,20,-2.295818807
176,22,-2.296202487
176,24,-2.30250288
176,26,-2.298539789
176,28,-2.30064649
176,30,-2.305279392
176,32,-2.309826029
176,34,-2.310679843
176,36,-2.317888796
176,38,-2.317888796
176,40,-2.317888796
176,42,-2.324286793
176,44,-2.323449284
176,46,-2.322562277
176,48,-2.327974257
176,50,-2.325930548
176,52,-2.33369446
176,54,-2.333743452
176,56,-2.337253519
176,58,-2.332803302
176,60,-2.337912378
176,62,-2.336728336
176,64,-2.340567184
176,66,-2.339186046
176,68,-2.340764066
176,70,-2.34264857
176,72,-2.337478621
176,74,-2.341032108
176,76,-2.34330577
176,78,-2.338935809
176,80,-2.338719971
176,82,-2.336824644
176,84,-2.339078867
176,86,-2.335163839
176,88,-2.335301992
176,90,-2.334611258
176,92,-2.327927384
176,94,-2.32452223
176,96,-2.314995175
176,98,-2.305027971
176,100,-2.29859904
176,102,-2.287763959
176,104,-2.281862065
176,106,-2.275394654
176,108,-2.26981261
176,110,-2.259633576
176,112,-2.250764066
176,114,-2.247568081
176,116,-2.235936449
176,118,-2.23011223
176,120,-2.225936449
176,122,-2.215936449
176,124,-2.21011223
176,126,-2.201755904
176,128,-2.199177293
176,130,-2.192328808
176,132,-2.185389172
176,134,-2.179812182
176,136,-2.169716281
176,138,-2.164981461
176,140,-2.159884625
176,142,-2.155499639
176,144,-2.14958638
176,146,-2.144179156
176,148,-2.138934345
176,150,-2.132268634
176,152,-2.130272821
176,154,-2.12758265
176,156,-2.124197364
176,158,-2.115060721
176,160,-2.110345165
176,162,-2.104934084
176,164,-2.099078867
176,166,-2.097583168
176,168,-2.090745023
176,170,-2.088156435
176,172,-2.085673327
176,174,-2.078198849
176,176,-2.075027971
176,178,-2.076953348
176,180,-2.047860369
176,182,-2.04055001
176,184,-2.044095334
176,186,-2.037589804
176,188,-2.032076416
176,190,-2.026557333
176,192,-2.026557333
176,194,-2.016556885
176,196,-2.016556885
176,198,-2.012075968
176,200,-2.007589355
176,202,-2.003097046
176,204,-2.003097046
176,206,-1.99859904
176,208,-1.999585928
176,210,-1.999585928
176,212,-2.00055001
176,214,-1.996023495
176,216,-1.996023495
176,218,-1.996953348
176,220,-1.996953348
176,222,-1.997860369
176,224,-1.997860369
176,226,-1.997860369
176,228,-1.997860369
176,230,-1.998744549
176,232,-1.998744549
176,234,-1.998744549
176,236,-2.00417807
176,238,-2.00417807
176,240,-2.008744549
176,242,-2.008744549
176,244,-2.013305314
176,246,-2.017860369
176,248,-2.023305314
176,250,-2.028744549
176,252,-2.029605878
176,254,-2.035855008
176,256,-2.042051596
176,258,-2.053569923
176,260,-2.060336615
176,262,-2.066960522
176,264,-2.073993131
176,266,-2.0807445
176,268,-2.08758365
176,270,-2.089078867
176,272,-2.095164839
176,274,-2.095244428
176,276,-2.099078867
176,278,-2.096823164
176,280,-2.102866061
176,282,-2.108198849
176,284,-2.106952894
176,286,-2.108876092
176,288,-2.114981897
176,290,-2.115530917
176,292,-2.119177873
176,294,-2.123317096
176,296,-2.126514067
176,298,-2.1287721
176,300,-2.138335964
176,302,-2.139591098
176,304,-2.142803302
176,306,-2.151996496
176,308,-2.159635683
176,310,-2.161053725
176,312,-2.167253139
176,314,-2.173447126
176,316,-2.175819189
176,318,-2.180496071
176,320,-2.187351609
176,322,-2.190098293
176,324,-2.19466412
176,326,-2.19878338
176,328,-2.198390768
176,330,-2.203318096
176,332,-2.209177293
176,334,-2.214089095
176,336,-2.218049448
176,338,-2.216629532
176,340,-2.224095334
176,342,-2.23126095
176,344,-2.23696146
176,346,-2.241193724
176,348,-2.239079379
176,350,-2.245301992
176,352,-2.244932591
176,354,-2.2579279
176,356,-2.259261077
176,358,-2.259647402
176,360,-2.290550558
178,0,-2.245972246
178,2,-2.246960053
178,4,-2.246659712
178,6,-2.245070821
178,8,-2.247765071
178,10,-2.249343554
178,12,-2.249813038
178,14,-2.254973485
178,16,-2.259186046
178,18,-2.258391361
178,20,-2.262792776
178,22,-2.262576475
178,24,-2.267912158
178,26,-2.268948316
178,28,-2.265819425
178,30,-2.26863863
178,32,-2.273743452
178,34,-2.278762787
178,36,-2.276238583
178,38,-2.279968899
178,40,-2.279968899
178,42,-2.279968899
178,44,-2.278762787
178,46,-2.283743452
178,48,-2.288639252
178,50,-2.285819189
178,52,-2.288948316
178,54,-2.291810482
178,56,-2.290467609
178,58,-2.294785404
178,60,-2.288655776
178,62,-2.293888668
178,64,-2.292605987
178,66,-2.292328386
178,68,-2.295528917
178,70,-2.293698678
178,72,-2.291053133
178,74,-2.293097597
178,76,-2.294178613
178,78,-2.29356946
178,80,-2.292866061
178,82,-2.295971724
178,84,-2.293403164
178,86,-2.294783934
178,88,-2.295336032
178,90,-2.290115416
178,92,-2.28882615
178,94,-2.286823164
178,96,-2.283441072
178,98,-2.279647402
178,100,-2.275027971
178,102,-2.275071369
178,104,-2.269965479
178,106,-2.264290753
178,108,-2.263699113
178,110,-2.258343885
178,112,-2.2583608
178,114,-2.253871081
178,116,-2.250764066
178,118,-2.247568081
178,120,-2.244282829
178,122,-2.242605987
178,124,-2.236759385
178,126,-2.232606403
178,128,-2.232606403
178,130,-2.224282412
178,132,-2.221755067
178,134,-2.219178133
178,136,-2.212328386
178,138,-2.211140841
178,140,-2.20553006
178,142,-2.199716281
178,144,-2.199343118
178,146,-2.194291634
178,148,-2.193323313
178,150,-2.187589355
178,152,-2.181491275
178,154,-2.180444348
178,156,-2.178935345
178,158,-2.172268634
178,160,-2.164522756
178,162,-2.161618923
178,164,-2.158250666
178,166,-2.154416053
178,168,-2.155060227
178,170,-2.150345666
178,172,-2.145163344
178,174,-2.144611258
178,176,-2.143690907
178,178,-2.142400919
178,180,-2.087928417
178,182,-2.091619444
178,184,-2.090272345
178,186,-2.093441072
178,188,-2.091647206
178,190,-2.089646937
178,192,-2.088198849
178,194,-2.085855008
178,196,-2.088744549
178,198,-2.086953802
178,200,-2.089585928
178,202,-2.087589355
178,204,-2.091032555
178,206,-2.088876537
178,208,-2.092199365
178,210,-2.089884184
178,212,-2.088691649
178,214,-2.087478182
178,216,-2.090614141
178,218,-2.094981461
178,220,-2.093699113
178,222,-2.093699113
178,224,-2.098049883
178,226,-2.098049883
178,228,-2.098049883
178,230,-2.098049883
178,232,-2.103699548
178,234,-2.104981461
178,236,-2.110614141
178,238,-2.111862503
178,240,-2.108693409
178,242,-2.115471497
178,244,-2.117763959
178,246,-2.119965479
178,248,-2.122076416
178,250,-2.119584831
178,252,-2.122409713
178,254,-2.125028429
178,256,-2.127440455
178,258,-2.130336615
178,260,-2.13756995
178,262,-2.139778169
178,264,-2.136823164
178,266,-2.143403164
178,268,-2.149516288
178,270,-2.150206516
178,272,-2.150276585
178,274,-2.149516288
178,276,-2.152758185
178,278,-2.155028891
178,280,-2.151647206
178,282,-2.152053135
178,284,-2.151491728
178,286,-2.155499639
178,288,-2.158692529
178,290,-2.161067376
178,292,-2.158361227
178,294,-2.160763909
178,296,-2.162605987
178,298,-2.163888668
178,300,-2.160566779
178,302,-2.16878338
178,304,-2.166728939
178,306,-2.170467609
178,308,-2.17009751
178,310,-2.171811482
178,312,-2.173473781
178,314,-2.171222585
178,316,-2.177350609
178,318,-2.177350609
178,320,-2.179592098
178,322,-2.177912158
178,324,-2.178335964
178,326,-2.184663724
178,328,-2.186795445
178,330,-2.188656372
178,332,-2.19207829
178,334,-2.190907779
178,336,-2.194973485
178,338,-2.1983608
178,340,-2.196732711
178,342,-2.199883507
178,344,-2.197590253
178,346,-2.204178527
178,348,-2.199647866
178,350,-2.209260551
178,352,-2.207583168
178,354,-2.204611258
178,356,-2.210345665
178,358,-2.209862148
178,360,-2.245972246
180,0,-2.185347043
180,2,-2.184934084
180,4,-2.183955641
180,6,-2.182022177
180,8,-2.18452223
180,10,-2.181647737
180,12,-2.182822052
180,14,-2.184178527
180,16,-2.184095334
180,18,-2.18442363
180,20,-2.184291634
180,22,-2.179343118
180,24,-2.184032692
180,26,-2.184089522
180,28,-2.183870658
180,30,-2.179177293
180,32,-2.180112812
180,34,-2.180907193
180,36,-2.183317096
180,38,-2.179785914
180,40,-2.18207829
180,42,-2.186164752
180,44,-2.180245651
180,46,-2.180245651
180,48,-2.186164752
180,50,-2.18207829
180,52,-2.179785914
180,54,-2.183317096
180,56,-2.180907193
180,58,-2.180112812
180,60,-2.184973485
180,62,-2.183870658
180,64,-2.184089522
180,66,-2.184032692
180,68,-2.184981461
180,70,-2.179884184
180,72,-2.179965479
180,74,-2.179585928
180,76,-2.184178527
180,78,-2.183570923
180,80,-2.181647737
180,82,-2.179778169
180,84,-2.182401919
180,86,-2.183955641
180,88,-2.179999787
180,90,-2.185347043
180,92,-2.184934084
180,94,-2.183955641
180,96,-2.182022177
180,98,-2.18452223
180,100,-2.181647737
180,102,-2.182822052
180,104,-2.184178527
180,106,-2.184095334
180,108,-2.18442363
180,110,-2.184291634
180,112,-2.179343118
180,114,-2.184032692
180,116,-2.184089522
180,118,-2.183870658
180,120,-2.179177293
180,122,-2.180112812
180,124,-2.180907193
180,126,-2.183317096
180,128,-2.179785914
180,130,-2.18207829
180,132,-2.186164752
180,134,-2.180245651
180,136,-2.180245651
180,138,-2.186164752
180,140,-2.18207829
180,142,-2.179785914
180,144,-2.183317096
180,146,-2.180907193
180,148,-2.180112812
180,150,-2.184973485
180,152,-2.183870658
180,154,-2.184089522
180,156,-2.184032692
180,158,-2.184981461
180,160,-2.179884184
180,162,-2.179965479
180,164,-2.179585928
180,166,-2.184178527
180,168,-2.183570923
180,170,-2.181647737
180,172,-2.179778169
180,174,-2.182401919
180,176,-2.183955641
180,178,-2.179999787
180,180,-2.230207012
180,182,-2.234197364
180,184,-2.232401919
180,186,-2.235028891
180,188,-2.231648142
180,190,-2.237440994
180,192,-2.237859458
180,194,-2.237589804
180,196,-2.23662909
180,198,-2.230612578
180,200,-2.234032692
180,202,-2.232626871
180,204,-2.236549877
180,206,-2.235936449
180,208,-2.235049413
180,210,-2.233889258
180,212,-2.234320988
180,214,-2.234614945
180,216,-2.230749189
180,218,-2.232792177
180,220,-2.230793586
180,222,-2.234785404
180,224,-2.234785404
180,226,-2.234785404
180,228,-2.230793586
180,230,-2.232792177
180,232,-2.23672379
180,234,-2.234614945
180,236,-2.234320988
180,238,-2.229786093
180,240,-2.235049413
180,242,-2.231755067
180,244,-2.232328386
180,246,-2.234089522
180,248,-2.235394221
180,250,-2.231862503
180,252,-2.237763959
180,254,-2.233097046
180,256,-2.233305314
180,258,-2.232823514
180,260,-2.23696146
180,262,-2.230273345
180,264,-2.232758633
180,266,-2.234416073
180,268,-2.235244428
180,270,-2.230207012
180,272,-2.234197364
180,274,-2.232401919
180,276,-2.235028891
180,278,-2.231648142
180,280,-2.237440994
180,282,-2.237859458
180,284,-2.237589804
180,286,-2.23662909
180,288,-2.230612578
180,290,-2.234032692
180,292,-2.232626871
180,294,-2.236549877
180,296,-2.235936449
180,298,-2.235049413
180,300,-2.233889258
180,302,-2.234320988
180,304,-2.234614945
180,306,-2.230749189
180,308,-2.232792177
180,310,-2.230793586
180,312,-2.234785404
180,314,-2.234785404
180,316,-2.234785404
180,318,-2.230793586
180,320,-2.232792177
180,322,-2.23672379
180,324,-2.234614945
180,326,-2.234320988
180,328,-2.229786093
180,330,-2.235049413
180,332,-2.231755067
180,334,-2.232328386
180,336,-2.234089522
180,338,-2.235394221
180,340,-2.231862503
180,342,-2.237763959
180,344,-2.233097046
180,346,-2.233305314
180,348,-2.232823514
180,350,-2.23696146
180,352,-2.230273345
180,354,-2.232758633
180,356,-2.234416073
180,358,-2.235244428
180,360,-2.185347043
